1779124558000	25.96181126908775	22.643731809086685	120.46600821284349	19.182619216570288	-71.54572296142578	2026-05-19T01:15:58.000
1779124558100	25.97260386031519	22.653737236351954	120.47770170928803	19.19141396950669	-71.54572296142578	2026-05-19T01:15:58.100
1779124558200	25.983393681648355	22.664740919483254	120.48951377233345	19.201200805512645	-71.54572296142578	2026-05-19T01:15:58.200
1779124558300	25.994185374976475	22.67474636028597	120.50120602032804	19.209995955170815	-71.54572296142578	2026-05-19T01:15:58.300
1779124558400	26.00497368633343	22.685750073794853	120.51301624585095	19.219783270676373	-71.54572296142578	2026-05-19T01:15:58.400
1779124558500	26.015763256771514	22.695755526208067	120.52470605600307	19.22857894507871	-71.54572296142578	2026-05-19T01:15:58.500
1779124558600	26.026551306242986	22.705760993229116	120.53639420187713	19.23737493900277	-71.54572296142578	2026-05-19T01:15:58.600
1779124558700	26.03733505574913	22.71676471368122	120.54819943582939	19.247163178610286	-71.54572296142578	2026-05-19T01:15:58.700
1779124558800	26.048119144831443	22.72677018925488	120.55988336008083	19.25595988891167	-71.54572296142578	2026-05-19T01:15:58.800
1779124558900	26.05889832185379	22.737773938347676	120.57168378398387	19.265748930745165	-71.54572296142578	2026-05-19T01:15:58.900
1779124559000	26.06967722556358	22.74777941023448	120.58336229643331	19.27454647488698	-71.54572296142578	2026-05-19T01:15:59.000
1779124559100	26.08045338327571	22.75778490317784	120.59503795667723	19.283344474556827	-71.54572296142578	2026-05-19T01:15:59.100
1779124559200	26.091225548410694	22.768788658307365	120.6068310117173	19.29313469868474	-71.54572296142578	2026-05-19T01:15:59.200
1779124559300	26.10200019572333	22.778794161156632	120.61850482865542	19.301933156293252	-71.54572296142578	2026-05-19T01:15:59.300
1779124559400	26.112773913384046	22.789797950144216	120.6302990188086	19.311723539024914	-71.54572296142578	2026-05-19T01:15:59.400
1779124559500	26.12355317530555	22.799803482839337	120.64197693852077	19.320521826152753	-71.54572296142578	2026-05-19T01:15:59.500
1779124559600	26.134334570589548	22.81080729725773	120.65377820603567	19.330311711195833	-71.54572296142578	2026-05-19T01:15:59.600
1779124559700	26.145124572188823	22.820812870096958	120.66546617256294	19.339109190468182	-71.54572296142578	2026-05-19T01:15:59.700
1779124559800	26.155919770107026	22.831816751598726	120.67728046475604	19.348897971919488	-71.54572296142578	2026-05-19T01:15:59.800
1779124559900	26.166726636504126	22.841822369032414	120.68898442055043	19.357694000777805	-71.54572296142578	2026-05-19T01:15:59.900
1779124560000	26.17754176221487	22.852826314838318	120.7008176785306	19.367481029214424	-71.54572296142578	2026-05-19T01:16:00.000
1779124560100	26.188368925024783	22.863830288792794	120.71266243070829	19.37726695879309	-71.54572296142578	2026-05-19T01:16:00.100
1779124560200	26.199211006338437	22.87383601319658	120.72439999439267	19.386059806158595	-71.54572296142578	2026-05-19T01:16:00.200
1779124560300	26.21006325523647	22.88484007088257	120.7362687155155	19.3958434593015	-71.54572296142578	2026-05-19T01:16:00.300
1779124560400	26.220930798535367	22.894845854349185	120.74803060527718	19.404633965918457	-71.54572296142578	2026-05-19T01:16:00.400
1779124560500	26.23180888614528	22.905849991289067	120.75992402181336	19.41441526076037	-71.54572296142578	2026-05-19T01:16:00.500
1779124560600	26.242702643978017	22.91585585947492	120.77171096771278	19.423203374741465	-71.54572296142578	2026-05-19T01:16:00.600
1779124560700	26.253607322932297	22.926860069659252	120.78362980582904	19.432982227979625	-71.54572296142578	2026-05-19T01:16:00.700
1779124560800	26.264528047950396	22.936866008573872	120.7954425330802	19.44176785812698	-71.54572296142578	2026-05-19T01:16:00.800
1779124560900	26.275460070864995	22.947870294550842	120.80738751984455	19.45154419504708	-71.54572296142578	2026-05-19T01:16:00.900
1779124561000	26.28640851565521	22.957876318308735	120.81922675689675	19.460327278174656	-71.54572296142578	2026-05-19T01:16:01.000
1779124561100	26.297370690501438	22.96788236533818	120.83107911896003	19.46910908306239	-71.54572296142578	2026-05-19T01:16:01.100
1779124561200	26.308342256526544	22.978886771881257	120.84306189315933	19.478881812050115	-71.54572296142578	2026-05-19T01:16:01.200
1779124561300	26.31932586440767	22.988892896452732	120.85493466039881	19.487661730177663	-71.54572296142578	2026-05-19T01:16:01.300
1779124561400	26.330314296565014	22.999897335915605	120.86693340546289	19.49743301250215	-71.54572296142578	2026-05-19T01:16:01.400
1779124561500	26.341310202544307	23.009903508846982	120.87881771044415	19.506211981272823	-71.54572296142578	2026-05-19T01:16:01.500
1779124561600	26.352306365760832	23.020907996697186	120.89082356491139	19.515982798232212	-71.54572296142578	2026-05-19T01:16:01.600
1779124561700	26.363305434871176	23.030914178790205	120.90271054034575	19.524761744144953	-71.54572296142578	2026-05-19T01:16:01.700
1779124561800	26.3743001941055	23.041918694920447	120.9147146398758	19.534533040732445	-71.54572296142578	2026-05-19T01:16:01.800
1779124561900	26.385293291239815	23.051924881314385	120.92659542391584	19.543312923451197	-71.54572296142578	2026-05-19T01:16:01.900
1779124562000	26.396277511444737	23.06292938520319	120.93858890310163	19.553085623417225	-71.54572296142578	2026-05-19T01:16:02.000
1779124562100	26.4072539071341	23.07393390139631	120.95057459763329	19.56285931298519	-71.54572296142578	2026-05-19T01:16:02.100
1779124562200	26.418227012429767	23.083940075081628	120.96243539176417	19.571641745565632	-71.54572296142578	2026-05-19T01:16:02.200
1779124562300	26.42919483764886	23.09494457513892	120.97441237639318	19.58141662587872	-71.54572296142578	2026-05-19T01:16:02.300
1779124562400	26.44016525190004	23.104950762458962	120.98627016412631	19.590199657214345	-71.54572296142578	2026-05-19T01:16:02.400
1779124562500	26.451136266527556	23.11595528919057	120.99824984986604	19.5999745302109	-71.54572296142578	2026-05-19T01:16:02.500
1779124562600	26.462113285973775	23.12695983510266	121.01023516469064	19.609748940776328	-71.54572296142578	2026-05-19T01:16:02.600
1779124562700	26.473101713720443	23.136966094880588	121.02210983333819	19.618530597633963	-71.54572296142578	2026-05-19T01:16:02.700
1779124562800	26.48409956260696	23.147970700401505	121.03411495873532	19.628303175024282	-71.54572296142578	2026-05-19T01:16:02.800
1779124562900	26.49511469935564	23.157977029821073	121.04601513694715	19.637082388640884	-71.54572296142578	2026-05-19T01:16:02.900
1779124563000	26.50614513773142	23.168981742532257	121.05805148006483	19.646851942630317	-71.54572296142578	2026-05-19T01:16:03.000
1779124563100	26.517195212861605	23.179986505503628	121.07010667191193	19.65661963076296	-71.54572296142578	2026-05-19T01:16:03.100
1779124563200	26.52826498616649	23.189992973268563	121.0820592437329	19.66539368256487	-71.54572296142578	2026-05-19T01:16:03.200
1779124563300	26.539346063665427	23.2009978058846	121.09414410316727	19.675158481622564	-71.54572296142578	2026-05-19T01:16:03.300
1779124563400	26.550439900560093	23.21100434440512	121.1061196098766	19.683930376569435	-71.54572296142578	2026-05-19T01:16:03.400
1779124563500	26.561538103874927	23.22200923572132	121.11822067640051	19.693693739839954	-71.54572296142578	2026-05-19T01:16:03.500
1779124563600	26.5726396665017	23.233014143272673	121.13032479946382	19.703456921055917	-71.54572296142578	2026-05-19T01:16:03.600
1779124563700	26.583743580355293	23.24302073189284	121.14230946887533	19.71222826880983	-71.54572296142578	2026-05-19T01:16:03.700
1779124563800	26.59484145389094	23.25402564793964	121.1544096081851	19.721992157836866	-71.54572296142578	2026-05-19T01:16:03.800
1779124563900	26.605934739819414	23.264032223883344	121.16638356113849	19.7307649216323	-71.54572296142578	2026-05-19T01:16:03.900
1779124564000	26.617015047494615	23.27503713792247	121.17846626150855	19.740530968510402	-71.54572296142578	2026-05-19T01:16:04.000
1779124564100	26.62808276840071	23.286042023625644	121.19053655285666	19.750298467315677	-71.54572296142578	2026-05-19T01:16:04.100
1779124564200	26.639143892160224	23.296048562491578	121.2024787055965	19.75907504296838	-71.54572296142578	2026-05-19T01:16:04.200
1779124564300	26.650198428393807	23.307053437445088	121.21453580746746	19.7688442279122	-71.54572296142578	2026-05-19T01:16:04.300
1779124564400	26.66125622618693	23.317059983129276	121.22647432870271	19.777621468270194	-71.54572296142578	2026-05-19T01:16:04.400
1779124564500	26.672317296130686	23.32806490279687	121.23853736485775	19.78739031950121	-71.54572296142578	2026-05-19T01:16:04.500
1779124564600	26.683391486436623	23.338071496097882	121.25049137511205	19.796166191186842	-71.54572296142578	2026-05-19T01:16:04.600
1779124564700	26.694478808698328	23.349076474388198	121.26257946135588	19.805932649659844	-71.54572296142578	2026-05-19T01:16:04.700
1779124564800	26.705586651683568	23.360081514748224	121.27468724452913	19.815697167909164	-71.54572296142578	2026-05-19T01:16:04.800
1779124564900	26.716722403287754	23.370088263453656	121.28670033407914	19.82446718634169	-71.54572296142578	2026-05-19T01:16:04.900
1779124565000	26.727886076577313	23.381093447167423	121.29886184299603	19.834226290692865	-71.54572296142578	2026-05-19T01:16:05.000
1779124565100	26.739083532282656	23.392098701672925	121.31105590028739	19.84398207257752	-71.54572296142578	2026-05-19T01:16:05.100
1779124565200	26.750314520327944	23.40210566484477	121.32316070558963	19.852742765726582	-71.54572296142578	2026-05-19T01:16:05.200
1779124565300	26.761569890543864	23.413111064467536	121.3354104979336	19.862492923962343	-71.54572296142578	2026-05-19T01:16:05.300
1779124565400	26.77284786568308	23.42411651016275	121.3476819956445	19.87224091364092	-71.54572296142578	2026-05-19T01:16:05.400
1779124565500	26.784144210684488	23.435122015099772	121.35997109403272	19.88198719375106	-71.54572296142578	2026-05-19T01:16:05.500
1779124565600	26.795457147026664	23.44512918905837	121.37215450349079	19.89074012745499	-71.54572296142578	2026-05-19T01:16:05.600
1779124565700	26.8067775265435	23.45613474088444	121.3844664752619	19.90048425350621	-71.54572296142578	2026-05-19T01:16:05.700
1779124565800	26.818103570790772	23.467140337218495	121.39678372916451	19.910227991675495	-71.54572296142578	2026-05-19T01:16:05.800
1779124565900	26.82943350050061	23.477147561002578	121.40898296898395	19.91897967597509	-71.54572296142578	2026-05-19T01:16:05.900
1779124566000	26.84075816888614	23.48815317127807	121.42129846174475	19.92872389792043	-71.54572296142578	2026-05-19T01:16:06.000
1779124566100	26.85207650209313	23.49915876488377	121.43360759897404	19.938468931408433	-71.54572296142578	2026-05-19T01:16:06.100
1779124566200	26.863390246060035	23.50916597979388	121.44579050476723	19.947222792572745	-71.54572296142578	2026-05-19T01:16:06.200
1779124566300	26.874694486883378	23.520171581057447	121.45808555703526	19.956969637884054	-71.54572296142578	2026-05-19T01:16:06.300
1779124566400	26.885994130514163	23.530178781309882	121.4702543661359	19.965725287792896	-71.54572296142578	2026-05-19T01:16:06.400
1779124566500	26.897284264049617	23.541184365612157	121.48253531736812	19.9754739210871	-71.54572296142578	2026-05-19T01:16:06.500
1779124566600	26.908567338497672	23.552189922347587	121.49480921189495	19.985223429923177	-71.54572296142578	2026-05-19T01:16:06.600
1779124566700	26.91984580365272	23.562197122989364	121.50695685419753	19.993981786677438	-71.54572296142578	2026-05-19T01:16:06.700
1779124566800	26.931114748308012	23.57320268600408	121.51921663077938	20.00373310752081	-71.54572296142578	2026-05-19T01:16:06.800
1779124566900	26.942379075764784	23.58320985290627	121.53135014119324	20.012493235616617	-71.54572296142578	2026-05-19T01:16:06.900
1779124567000	26.953633875726602	23.59421539599713	121.5435957835777	20.02224634304791	-71.54572296142578	2026-05-19T01:16:07.000
1779124567100	26.96488230679282	23.605220937401146	121.55583504290817	20.032000278182593	-71.54572296142578	2026-05-19T01:16:07.100
1779124567200	26.976130362428535	23.615228094408533	121.56795214439806	20.04076258502675	-71.54572296142578	2026-05-19T01:16:07.200
1779124567300	26.98737738760818	23.626233657631243	121.58018961903144	20.05051701172894	-71.54572296142578	2026-05-19T01:16:07.300
1779124567400	26.99863008501875	23.637239247606967	121.59243238079407	20.060271032203495	-71.54572296142578	2026-05-19T01:16:07.400
1779124567500	27.009895156438535	23.647246452333775	121.60456533261637	20.06903208592989	-71.54572296142578	2026-05-19T01:16:07.500
1779124567600	27.02117194830448	23.65825210305932	121.61683101884586	20.07878396567196	-71.54572296142578	2026-05-19T01:16:07.600
1779124567700	27.03246716264258	23.669257796521403	121.62911434485979	20.088534120625773	-71.54572296142578	2026-05-19T01:16:07.700
1779124567800	27.04378750043242	23.67926514943016	121.64130021141408	20.097290017714958	-71.54572296142578	2026-05-19T01:16:07.800
1779124567900	27.05513230973988	23.690270971362462	121.65363116852477	20.107035432442824	-71.54572296142578	2026-05-19T01:16:07.900
1779124568000	27.066508291883483	23.701276852043435	121.66599211505874	20.11677780596398	-71.54572296142578	2026-05-19T01:16:08.000
1779124568100	27.077918158271274	23.71228282383653	121.67838567954624	20.12651688790375	-71.54572296142578	2026-05-19T01:16:08.100
1779124568200	27.089358465763087	23.723288858786685	121.69080852100323	20.13625301241316	-71.54572296142578	2026-05-19T01:16:08.200
1779124568300	27.10082668206462	23.733296559417116	121.70313658640734	20.14499459645888	-71.54572296142578	2026-05-19T01:16:08.300
1779124568400	27.112312925847437	23.74430270174189	121.71560349453773	20.154726354811196	-71.54572296142578	2026-05-19T01:16:08.400
1779124568500	27.12381466501735	23.755308897188087	121.72808519604928	20.16445671332603	-71.54572296142578	2026-05-19T01:16:08.500
1779124568600	27.135326917708735	23.76631511315301	121.74057686036777	20.17418616157554	-71.54572296142578	2026-05-19T01:16:08.600
1779124568700	27.14684470192053	23.777321365664683	121.75307366312526	20.183915237177576	-71.54572296142578	2026-05-19T01:16:08.700
1779124568800	27.15836548411368	23.787329193627198	121.76545153830818	20.192652289422504	-71.54572296142578	2026-05-19T01:16:08.800
1779124568900	27.169879385329327	23.79833544966493	121.77794413061268	20.2023821139555	-71.54572296142578	2026-05-19T01:16:08.900
1779124569000	27.181383872217772	23.80934168724151	121.79042737832559	20.21211307457587	-71.54572296142578	2026-05-19T01:16:09.000
1779124569100	27.19287540361342	23.820347907360805	121.80289785238348	20.221845542198867	-71.54572296142578	2026-05-19T01:16:09.100
1779124569200	27.204358649052526	23.830355699582817	121.81523846603422	20.230587159747813	-71.54572296142578	2026-05-19T01:16:09.200
1779124569300	27.21583237687003	23.841361909675804	121.82769124820024	20.240321816560453	-71.54572296142578	2026-05-19T01:16:09.300
1779124569400	27.227302697796247	23.852368105150756	121.8401405062981	20.25005698396068	-71.54572296142578	2026-05-19T01:16:09.400
1779124569500	27.23877327493908	23.86337431546055	121.85258979153366	20.2597923083154	-71.54572296142578	2026-05-19T01:16:09.500
1779124569600	27.25025021769689	23.87338212592295	121.86492340520802	20.268535275996207	-71.54572296142578	2026-05-19T01:16:09.600
1779124569700	27.26173229658534	23.88438837424888	121.87738338577152	20.278269774077206	-71.54572296142578	2026-05-19T01:16:09.700
1779124569800	27.273225621260313	23.895394654426113	121.88985403681279	20.28800329855254	-71.54572296142578	2026-05-19T01:16:09.800
1779124569900	27.284736300348637	23.905402552103986	121.90221965487122	20.296743334864043	-71.54572296142578	2026-05-19T01:16:09.900
1779124570000	27.296263105993386	23.916408912549496	121.91472228630818	20.306473781961806	-71.54572296142578	2026-05-19T01:16:10.000
1779124570100	27.307810925985716	23.9274153315344	121.92724504768117	20.316202263866135	-71.54572296142578	2026-05-19T01:16:10.100
1779124570200	27.319377318130957	23.938421805362083	121.93978557236667	20.325929032832065	-71.54572296142578	2026-05-19T01:16:10.200
1779124570300	27.33096106355827	23.948429873404386	121.95222105109096	20.334662291143232	-71.54572296142578	2026-05-19T01:16:10.300
1779124570400	27.342553609930917	23.959436410896576	121.96478645049035	20.344386737465314	-71.54572296142578	2026-05-19T01:16:10.400
1779124570500	27.354153738589464	23.970442968021267	121.97735896487926	20.354110585022507	-71.54572296142578	2026-05-19T01:16:10.500
1779124570600	27.365757786213177	23.98144953634022	121.98993504579538	20.363834208069953	-71.54572296142578	2026-05-19T01:16:10.600
1779124570700	27.377362089445157	23.992456117252964	122.00251114624834	20.37355799043058	-71.54572296142578	2026-05-19T01:16:10.700
1779124570800	27.38896542793726	24.002464277000573	122.01496445473268	20.382290156899877	-71.54572296142578	2026-05-19T01:16:10.800
1779124570900	27.400559252116945	24.0134708414044	122.02752994729212	20.392015362301734	-71.54572296142578	2026-05-19T01:16:10.900
1779124571000	27.412142341789338	24.024477411756987	122.04008481889134	20.40174186646075	-71.54572296142578	2026-05-19T01:16:11.000
1779124571100	27.42371247465863	24.03548395812262	122.05262691505534	20.41146987096429	-71.54572296142578	2026-05-19T01:16:11.100
1779124571200	27.435273192467537	24.046490486691944	122.06515966597847	20.421199012198045	-71.54572296142578	2026-05-19T01:16:11.200
1779124571300	27.446831919658575	24.056498577580125	122.07756862571968	20.429936623594426	-71.54572296142578	2026-05-19T01:16:11.300
1779124571400	27.458388755386448	24.06750512315847	122.09009716282401	20.439666530868607	-71.54572296142578	2026-05-19T01:16:11.400
1779124571500	27.469951124441913	24.07851168096093	122.10263082960849	20.44939604618876	-71.54572296142578	2026-05-19T01:16:11.500
1779124571600	27.481524009624348	24.089518273002174	122.11517445167526	20.459124672492102	-71.54572296142578	2026-05-19T01:16:11.600
1779124571700	27.493112393793414	24.1005249032871	122.12773285206853	20.468851895103416	-71.54572296142578	2026-05-19T01:16:11.700
1779124571800	27.504723700158692	24.11053313851626	122.14019157408458	20.47758503239671	-71.54572296142578	2026-05-19T01:16:11.800
1779124571900	27.516358030674827	24.121539859757437	122.15279399726082	20.48730790655786	-71.54572296142578	2026-05-19T01:16:11.900
1779124572000	27.528022808733635	24.132546680480967	122.16542567136851	20.49702788362798	-71.54572296142578	2026-05-19T01:16:12.000
1779124572100	27.539721478048477	24.143553565482588	122.17808992324774	20.506744571408635	-71.54572296142578	2026-05-19T01:16:12.100
1779124572200	27.55145132501914	24.1545605158277	122.19078412434486	20.516458255022812	-71.54572296142578	2026-05-19T01:16:12.200
1779124572300	27.563208096695	24.165567545285718	122.20350415801428	20.52616939231238	-71.54572296142578	2026-05-19T01:16:12.300
1779124572400	27.574987540251385	24.176574610400014	122.21624590111986	20.53587838400971	-71.54572296142578	2026-05-19T01:16:12.400
1779124572500	27.58678540267967	24.187581737190587	122.22900523917295	20.54558569964372	-71.54572296142578	2026-05-19T01:16:12.500
1779124572600	27.59859986928515	24.197590430860473	122.2416587579374	20.554299553115303	-71.54572296142578	2026-05-19T01:16:12.600
1779124572700	27.610421810477618	24.2085976039356	122.25444092384724	20.564004769426248	-71.54572296142578	2026-05-19T01:16:12.700
1779124572800	27.622249411702043	24.219604806031715	122.26722833010805	20.573709606764393	-71.54572296142578	2026-05-19T01:16:12.800
1779124572900	27.63407841998602	24.23061202544693	122.28001685911488	20.583414496188258	-71.54572296142578	2026-05-19T01:16:12.900
1779124573000	27.645904582384045	24.241619233625688	122.29280239159942	20.59311985176052	-71.54572296142578	2026-05-19T01:16:13.000
1779124573100	27.65772435700941	24.25262644765773	122.3055815023002	20.602826058701478	-71.54572296142578	2026-05-19T01:16:13.100
1779124573200	27.669537046804688	24.263633643021	122.3183535140268	20.612533164902434	-71.54572296142578	2026-05-19T01:16:13.200
1779124573300	27.68134510200598	24.27364237320091	122.3309991410213	20.6212489824893	-71.54572296142578	2026-05-19T01:16:13.300
1779124573400	27.693143664017967	24.28464954969849	122.34375699744504	20.630957899780512	-71.54572296142578	2026-05-19T01:16:13.400
1779124573500	27.704935183339185	24.295656731661143	122.35650779967595	20.640667735176194	-71.54572296142578	2026-05-19T01:16:13.500
1779124573600	27.716719674057885	24.306663909999873	122.3692515605959	20.65037847793293	-71.54572296142578	2026-05-19T01:16:13.600
1779124573700	27.728497150259688	24.317671076682313	122.38198829321202	20.66009011835809	-71.54572296142578	2026-05-19T01:16:13.700
1779124573800	27.74027006085005	24.327679751201554	122.39459870179225	20.66881043150027	-71.54572296142578	2026-05-19T01:16:13.800
1779124573900	27.75203354993043	24.338686899457073	122.40732141875681	20.67852386634662	-71.54572296142578	2026-05-19T01:16:13.900
1779124574000	27.76379006667078	24.34969404506611	122.42003715037906	20.688238202688158	-71.54572296142578	2026-05-19T01:16:14.000
1779124574100	27.775540322250936	24.36070118652547	122.43274658487803	20.697953364935753	-71.54572296142578	2026-05-19T01:16:14.100
1779124574200	27.78728781628939	24.37170832484925	122.44545310839818	20.707668990532305	-71.54572296142578	2026-05-19T01:16:14.200
1779124574300	27.799036745474357	24.382715482817815	122.45816078380187	20.71738466638673	-71.54572296142578	2026-05-19T01:16:14.300
1779124574400	27.8107937397703	24.39272416057442	122.47075435118269	20.72610771061574	-71.54572296142578	2026-05-19T01:16:14.400
1779124574500	27.822558129233013	24.403731369291055	122.48347650922082	20.73582219152099	-71.54572296142578	2026-05-19T01:16:14.500
1779124574600	27.834336544176246	24.41473858961097	122.49621199653299	20.74553540897248	-71.54572296142578	2026-05-19T01:16:14.600
1779124574700	27.846133181282127	24.425745869620695	122.50896487761841	20.755246976006784	-71.54572296142578	2026-05-19T01:16:14.700
1779124574800	27.857952237402017	24.436753193864394	122.5217392090335	20.76495644276296	-71.54572296142578	2026-05-19T01:16:14.800
1779124574900	27.86979790929216	24.447760591633514	122.53453905233134	20.774663404095392	-71.54572296142578	2026-05-19T01:16:14.900
1779124575000	27.881674393833556	24.458768046781863	122.54736846328342	20.784367409954825	-71.54572296142578	2026-05-19T01:16:15.000
1779124575100	27.893584390737153	24.469775575648892	122.56023005310274	20.794068198064387	-71.54572296142578	2026-05-19T01:16:15.100
1779124575200	27.90552461131888	24.480783185694154	122.57312063948449	20.803766118354577	-71.54572296142578	2026-05-19T01:16:15.200
1779124575300	27.917490269872673	24.49179084467938	122.58603558762516	20.813461636310485	-71.54572296142578	2026-05-19T01:16:15.300
1779124575400	27.929476580609535	24.502798547846677	122.59897026640276	20.823155244444642	-71.54572296142578	2026-05-19T01:16:15.400
1779124575500	27.941478757718393	24.513806292992506	122.6119200453991	20.832847437525505	-71.54572296142578	2026-05-19T01:16:15.500
1779124575600	27.95349201538291	24.524814073418618	122.62488029405797	20.84253870557132	-71.54572296142578	2026-05-19T01:16:15.600
1779124575700	27.96551156781	24.535821866356898	122.63784638030288	20.852229522346352	-71.54572296142578	2026-05-19T01:16:15.700
1779124575800	27.977532629118745	24.546829678431447	122.6508136759706	20.861920390537954	-71.54572296142578	2026-05-19T01:16:15.800
1779124575900	27.98955041348943	24.55783748457389	122.66377754951166	20.87161178105341	-71.54572296142578	2026-05-19T01:16:15.900
1779124576000	28.00156013504206	24.568845277824845	122.67673337194245	20.88130418250981	-71.54572296142578	2026-05-19T01:16:16.000
1779124576100	28.013558294081175	24.579853054215523	122.68967775885493	20.890997953032457	-71.54572296142578	2026-05-19T01:16:16.100
1779124576200	28.025546535688065	24.590860829207777	122.70261230361396	20.90069293721257	-71.54572296142578	2026-05-19T01:16:16.200
1779124576300	28.037527791231447	24.60186858873878	122.71553983967996	20.91038881726004	-71.54572296142578	2026-05-19T01:16:16.300
1779124576400	28.049504992032187	24.612876342428326	122.72846320309793	20.920085299094183	-71.54572296142578	2026-05-19T01:16:16.400
1779124576500	28.06148106940327	24.623884107213645	122.74138523054147	20.92978209608083	-71.54572296142578	2026-05-19T01:16:16.500
1779124576600	28.07346138163737	24.633893367036123	122.75418940746182	20.93848662763939	-71.54572296142578	2026-05-19T01:16:16.600
1779124576700	28.085444005945227	24.64490116109714	122.7671172654957	20.948183151597153	-71.54572296142578	2026-05-19T01:16:16.700
1779124576800	28.09743430095459	24.655908962176944	122.78005228954554	20.95787907730796	-71.54572296142578	2026-05-19T01:16:16.800
1779124576900	28.109435197970296	24.666916806792386	122.79299731764226	20.967574138295422	-71.54572296142578	2026-05-19T01:16:16.900
1779124577000	28.121449628468152	24.677924665116596	122.80595517963906	20.977268002329915	-71.54572296142578	2026-05-19T01:16:17.000
1779124577100	28.133479879883723	24.688932584467114	122.81892809185992	20.98696048059182	-71.54572296142578	2026-05-19T01:16:17.100
1779124577200	28.145525664394903	24.69994053441839	122.83191577118711	20.99665157338702	-71.54572296142578	2026-05-19T01:16:17.200
1779124577300	28.157586050263834	24.71094850551838	122.844917314558	21.006341368399266	-71.54572296142578	2026-05-19T01:16:17.300
1779124577400	28.169660105650745	24.721956528971024	122.8579318238472	21.016029993659558	-71.54572296142578	2026-05-19T01:16:17.400
1779124577500	28.181746898826617	24.73296458906831	122.87095839539953	21.02571753052475	-71.54572296142578	2026-05-19T01:16:17.500
1779124577600	28.193845498089846	24.743972657543946	122.8839961241364	21.03540404781645	-71.54572296142578	2026-05-19T01:16:17.600
1779124577700	28.205954971593478	24.754980764722635	122.89704411206115	21.045089672526064	-71.54572296142578	2026-05-19T01:16:17.700
1779124577800	28.218074387606176	24.76598889196499	122.91010145540208	21.05477448293091	-71.54572296142578	2026-05-19T01:16:17.800
1779124577900	28.230202814304356	24.77699705741278	122.92316725486278	21.0644585938041	-71.54572296142578	2026-05-19T01:16:17.900
1779124578000	28.242339319970085	24.788005234328857	122.93624060586025	21.07414207526397	-71.54572296142578	2026-05-19T01:16:18.000
1779124578100	28.254483260733654	24.79901343331978	122.94932088668014	21.083825004756065	-71.54572296142578	2026-05-19T01:16:18.100
1779124578200	28.26663514449901	24.810021662058343	122.96240858859043	21.093507337879917	-71.54572296142578	2026-05-19T01:16:18.200
1779124578300	28.27879576718257	24.821029900046934	122.97550447776139	21.10318897255307	-71.54572296142578	2026-05-19T01:16:18.300
1779124578400	28.290965924567	24.83203818309827	122.98860932702662	21.11286986270109	-71.54572296142578	2026-05-19T01:16:18.400
1779124578500	28.303146412594817	24.843046482170273	123.00172390139805	21.12254989784831	-71.54572296142578	2026-05-19T01:16:18.500
1779124578600	28.315338027108798	24.8540548105406	123.01484897087835	21.132229009624037	-71.54572296142578	2026-05-19T01:16:18.600
1779124578700	28.32754156400741	24.865063159613786	123.02798530278655	21.141907107970138	-71.54572296142578	2026-05-19T01:16:18.700
1779124578800	28.339757819133343	24.876071544917142	123.04113366725666	21.151584126850363	-71.54572296142578	2026-05-19T01:16:18.800
1779124578900	28.351987588349402	24.88707997485837	123.05429483350287	21.16125999320287	-71.54572296142578	2026-05-19T01:16:18.900
1779124579000	28.3642316676205	24.89808841678407	123.06746956576109	21.17093459321037	-71.54572296142578	2026-05-19T01:16:19.000
1779124579100	28.376490344804548	24.90909692315968	123.08065814754521	21.18060795005223	-71.54572296142578	2026-05-19T01:16:19.100
1779124579200	28.38876187640753	24.9201054376653	123.09385888606418	21.1902801882213	-71.54572296142578	2026-05-19T01:16:19.200
1779124579300	28.40104401083296	24.931113983351693	123.1070696073571	21.19995156332288	-71.54572296142578	2026-05-19T01:16:19.300
1779124579400	28.41333449653672	24.94212255836846	123.120288134678	21.209622306078344	-71.54572296142578	2026-05-19T01:16:19.400
1779124579500	28.425631081995284	24.95313114929584	123.13351229009048	21.219292635573417	-71.54572296142578	2026-05-19T01:16:19.500
1779124579600	28.437931515666307	24.96413974729405	123.1467398963984	21.228962775306627	-71.54572296142578	2026-05-19T01:16:19.600
1779124579700	28.45023354594697	24.975148365249378	123.15996877919615	21.238632970228466	-71.54572296142578	2026-05-19T01:16:19.700
1779124579800	28.46253492131801	24.98615697845729	123.17319675977735	21.24830342779358	-71.54572296142578	2026-05-19T01:16:19.800
1779124579900	28.474833390173668	24.997165594672627	123.18642166350978	21.257974387574716	-71.54572296142578	2026-05-19T01:16:19.900
1779124580000	28.48712670092758	25.00817421051714	123.19964131462403	21.267646077941613	-71.54572296142578	2026-05-19T01:16:20.000
1779124580100	28.49941334437096	25.01918281451661	123.21285425382035	21.277318642666014	-71.54572296142578	2026-05-19T01:16:20.100
1779124580200	28.511694780719168	25.030191410323578	123.22606189264916	21.28699193485221	-71.54572296142578	2026-05-19T01:16:20.200
1779124580300	28.523973212560072	25.04120000133262	123.23926635971617	21.296665731048115	-71.54572296142578	2026-05-19T01:16:20.300
1779124580400	28.536250842449533	25.052208607325557	123.25246978539715	21.306339824222988	-71.54572296142578	2026-05-19T01:16:20.400
1779124580500	28.548529873020883	25.063217219192506	123.26567429642371	21.316013978770275	-71.54572296142578	2026-05-19T01:16:20.500
1779124580600	28.56081009192445	25.07522440383292	123.27900141620651	21.32668032441427	-71.54572296142578	2026-05-19T01:16:20.600
1779124580700	28.57309853199109	25.086233044957716	123.29221448361628	21.33635394071962	-71.54572296142578	2026-05-19T01:16:20.700
1779124580800	28.585394980576314	25.097241709707234	123.30543502080613	21.34602695719718	-71.54572296142578	2026-05-19T01:16:20.800
1779124580900	28.5977016403203	25.10825039869972	123.31866515490671	21.35569914845454	-71.54572296142578	2026-05-19T01:16:20.900
1779124581000	28.610020713852347	25.119259120167975	123.33190701376813	21.365370296803803	-71.54572296142578	2026-05-19T01:16:21.000
1779124581100	28.62235394492271	25.13026786830978	123.34516228008398	21.37504021791301	-71.54572296142578	2026-05-19T01:16:21.100
1779124581200	28.63470124156809	25.141276651987766	123.35843086504076	21.38470893076901	-71.54572296142578	2026-05-19T01:16:21.200
1779124581300	28.64706205292562	25.15228547095238	123.37171223547507	21.394376492450185	-71.54572296142578	2026-05-19T01:16:21.300
1779124581400	28.659435828144556	25.163294319131065	123.3850058575739	21.404042954214834	-71.54572296142578	2026-05-19T01:16:21.400
1779124581500	28.671819604133827	25.1753017772742	123.39843060487539	21.41470074975466	-71.54572296142578	2026-05-19T01:16:21.500
1779124581600	28.684217654787513	25.186310684565367	123.41174713206449	21.424365184856057	-71.54572296142578	2026-05-19T01:16:21.600
1779124581700	28.696627016687085	25.19731962479261	123.42507431236851	21.434028695419844	-71.54572296142578	2026-05-19T01:16:21.700
1779124581800	28.709047138996926	25.20832858248397	123.43841161103863	21.443691323228848	-71.54572296142578	2026-05-19T01:16:21.800
1779124581900	28.721477470815138	25.219337568878316	123.45175849656727	21.45335313657695	-71.54572296142578	2026-05-19T01:16:21.900
1779124582000	28.733917461255157	25.23034658807782	123.46511443664056	21.46301419663174	-71.54572296142578	2026-05-19T01:16:22.000
1779124582100	28.746366651479274	25.241355616184393	123.47847898447245	21.472674527261255	-71.54572296142578	2026-05-19T01:16:22.100
1779124582200	28.758824950467375	25.252364676396695	123.49185205425508	21.482334161358626	-71.54572296142578	2026-05-19T01:16:22.200
1779124582300	28.77129235924075	25.26337376766993	123.50523364611345	21.491993098282688	-71.54572296142578	2026-05-19T01:16:22.300
1779124582400	28.783768878870557	25.27438286832407	123.5186237577043	21.501651316885706	-71.54572296142578	2026-05-19T01:16:22.400
1779124582500	28.796252101273197	25.28639057710773	123.53214180657184	21.512301219315976	-71.54572296142578	2026-05-19T01:16:22.500
1779124582600	28.808746845925842	25.297399725805242	123.54554896250083	21.521958032332357	-71.54572296142578	2026-05-19T01:16:22.600
1779124582700	28.821250704445195	25.30840890341104	123.55896464122875	21.53161414763227	-71.54572296142578	2026-05-19T01:16:22.700
1779124582800	28.833763677867466	25.319418102739835	123.57238884214252	21.54126955847521	-71.54572296142578	2026-05-19T01:16:22.800
1779124582900	28.846285767216667	25.330427321700157	123.58582156523748	21.55092426318351	-71.54572296142578	2026-05-19T01:16:22.900
1779124583000	28.858816973491116	25.341436568863546	123.59926281178346	21.560578270676988	-71.54572296142578	2026-05-19T01:16:23.000
1779124583100	28.871357388720085	25.352445837020536	123.61271266901399	21.57023156486991	-71.54572296142578	2026-05-19T01:16:23.100
1779124583200	28.88390746888347	25.363455127980174	123.6261715766312	21.579884101359106	-71.54572296142578	2026-05-19T01:16:23.200
1779124583300	28.896467760978982	25.374464433866677	123.63964006098594	21.5895358168261	-71.54572296142578	2026-05-19T01:16:23.300
1779124583400	28.909038811925004	25.38547378055997	123.65311865241713	21.599186681534345	-71.54572296142578	2026-05-19T01:16:23.400
1779124583500	28.921621168760954	25.39648314453093	123.66660787530604	21.608836616680154	-71.54572296142578	2026-05-19T01:16:23.500
1779124583600	28.934212972883927	25.4084911436429	123.68022768422362	21.619477995985825	-71.54572296142578	2026-05-19T01:16:23.600
1779124583700	28.94681958273648	25.41950056321665	123.69373975441238	21.629125927583583	-71.54572296142578	2026-05-19T01:16:23.700
1779124583800	28.95943913939166	25.430510019873626	123.70726403970086	21.638772783257078	-71.54572296142578	2026-05-19T01:16:23.800
1779124583900	28.972072189854476	25.4415195075911	123.7208010663668	21.64841850174397	-71.54572296142578	2026-05-19T01:16:23.900
1779124584000	28.984719281131166	25.452529020599997	123.73435136066881	21.658063022070106	-71.54572296142578	2026-05-19T01:16:24.000
1779124584100	28.997380504213968	25.46353857656823	123.74791501150476	21.6677063532332	-71.54572296142578	2026-05-19T01:16:24.100
1779124584200	29.010054126344304	25.474548156414286	123.76149034295153	21.67734865426197	-71.54572296142578	2026-05-19T01:16:24.200
1779124584300	29.02273555549116	25.486556367470474	123.77519467220414	21.687982573714187	-71.54572296142578	2026-05-19T01:16:24.300
1779124584400	29.03542740973773	25.497565993564393	123.78878702449894	21.697623487158666	-71.54572296142578	2026-05-19T01:16:24.400
1779124584500	29.04812509673193	25.50857562897367	123.80238471548513	21.70726402910739	-71.54572296142578	2026-05-19T01:16:24.500
1779124584600	29.060826427663912	25.51958528034002	123.8159856329567	21.716904430248842	-71.54572296142578	2026-05-19T01:16:24.600
1779124584700	29.073529213737253	25.530594945565348	123.82958766385615	21.726544912444503	-71.54572296142578	2026-05-19T01:16:24.700
1779124584800	29.086228864577482	25.542603214102467	123.843308127626	21.737178109659226	-71.54572296142578	2026-05-19T01:16:24.800
1779124584900	29.098927994910134	25.553612876627753	123.85690604445439	21.74681939580144	-71.54572296142578	2026-05-19T01:16:24.900
1779124585000	29.111622013963828	25.56462254041181	123.87049873595618	21.756461421465573	-71.54572296142578	2026-05-19T01:16:25.000
1779124585100	29.12430946446564	25.575632179364888	123.88408479289022	21.766104309391324	-71.54572296142578	2026-05-19T01:16:25.100
1779124585200	29.136991814958638	25.5866418375421	123.89766563809289	21.775747953135447	-71.54572296142578	2026-05-19T01:16:25.200
1779124585300	29.14966886571304	25.598650090841574	123.91136282881405	21.78638452844889	-71.54572296142578	2026-05-19T01:16:25.300
1779124585400	29.162347617127903	25.60965973002902	123.92493961380495	21.796028953225292	-71.54572296142578	2026-05-19T01:16:25.400
1779124585500	29.17502786901836	25.62066938629446	123.9385175561502	21.805673457657722	-71.54572296142578	2026-05-19T01:16:25.500
1779124585600	29.187711821567515	25.631679056382445	123.9520987781808	21.815317814119293	-71.54572296142578	2026-05-19T01:16:25.600
1779124585700	29.200401674985837	25.642688728838774	123.96568540105103	21.824961786977646	-71.54572296142578	2026-05-19T01:16:25.700
1779124585800	29.21309723107361	25.654697046777247	123.97939899260606	21.8355976233831	-71.54572296142578	2026-05-19T01:16:25.800
1779124585900	29.225805487026644	25.665706775477993	123.99300279045049	21.845240208847738	-71.54572296142578	2026-05-19T01:16:25.900
1779124586000	29.23852624440771	25.676716522082984	124.00661835736948	21.854881754262774	-71.54572296142578	2026-05-19T01:16:26.000
1779124586100	29.251261236081366	25.68772630659338	124.02024736664559	21.86452210348241	-71.54572296142578	2026-05-19T01:16:26.100
1779124586200	29.2640103257705	25.6987361239515	124.0338896850743	21.874161266147233	-71.54572296142578	2026-05-19T01:16:26.200
1779124586300	29.27677051319314	25.710744604676965	124.04766417646378	21.8847917672201	-71.54572296142578	2026-05-19T01:16:26.300
1779124586400	29.289545988491078	25.72175448302464	124.06133136270691	21.894428739756297	-71.54572296142578	2026-05-19T01:16:26.400
1779124586500	29.30233375106419	25.732764377003416	124.07501010595011	21.904064695401367	-71.54572296142578	2026-05-19T01:16:26.500
1779124586600	29.315133197251818	25.74377431257231	124.08869982604662	21.91369972213428	-71.54572296142578	2026-05-19T01:16:26.600
1779124586700	29.327943723494982	25.754784272446763	124.1023999377304	21.923333864918757	-71.54572296142578	2026-05-19T01:16:26.700
1779124586800	29.34076233121971	25.76679287619477	124.11622930653925	21.933959641618685	-71.54572296142578	2026-05-19T01:16:26.800
1779124586900	29.35359320711079	25.77780288549116	124.12994845228918	21.943592204399565	-71.54572296142578	2026-05-19T01:16:26.900
1779124587000	29.366433352260028	25.788812912419584	124.14367623953935	21.953224062792632	-71.54572296142578	2026-05-19T01:16:27.000
1779124587100	29.379282299391843	25.799822956526288	124.1574122167501	21.96285526445293	-71.54572296142578	2026-05-19T01:16:27.100
1779124587200	29.392137732879466	25.81183166490751	124.17127591273967	21.973478288261816	-71.54572296142578	2026-05-19T01:16:27.200
1779124587300	29.40500465479076	25.82284175371904	124.18502862633905	21.98310815139513	-71.54572296142578	2026-05-19T01:16:27.300
1779124587400	29.41788088548189	25.833851870041244	124.19879001768888	21.992737318041062	-71.54572296142578	2026-05-19T01:16:27.400
1779124587500	29.43076663935641	25.844862006594962	124.21256029190225	22.002365759691852	-71.54572296142578	2026-05-19T01:16:27.500
1779124587600	29.443659738518953	25.856870799390624	124.22645910999933	22.012985933606636	-71.54572296142578	2026-05-19T01:16:27.600
1779124587700	29.456565182267187	25.867880979942523	124.24024776830746	22.02261286584995	-71.54572296142578	2026-05-19T01:16:27.700
1779124587800	29.46948079235928	25.878891182017355	124.25404592744997	22.0322390106516	-71.54572296142578	2026-05-19T01:16:27.800
1779124587900	29.482404391870563	25.890900065159546	124.26797325305542	22.042856851115268	-71.54572296142578	2026-05-19T01:16:27.900
1779124588000	29.495340978180668	25.90191030797495	124.28179103131039	22.052481355951084	-71.54572296142578	2026-05-19T01:16:28.000
1779124588100	29.50828829594872	25.91292058580862	124.29561885440796	22.062105031092027	-71.54572296142578	2026-05-19T01:16:28.100
1779124588200	29.521243779200013	25.924929542197876	124.30957601154185	22.072720385846686	-71.54572296142578	2026-05-19T01:16:28.200
1779124588300	29.53421195508216	25.93593986642301	124.32342333523873	22.08234244227397	-71.54572296142578	2026-05-19T01:16:28.300
1779124588400	29.547190179208368	25.946950213822422	124.33728004090504	22.091963728471768	-71.54572296142578	2026-05-19T01:16:28.400
1779124588500	29.560175808589786	25.958959238603807	124.35126534543149	22.102576774679825	-71.54572296142578	2026-05-19T01:16:28.500
1779124588600	29.57317336829835	25.96996962952229	124.36514007811469	22.112196597506728	-71.54572296142578	2026-05-19T01:16:28.600
1779124588700	29.586180214987706	25.98098003893498	124.37902345571054	22.121815724475656	-71.54572296142578	2026-05-19T01:16:28.700
1779124588800	29.599196094875417	25.991990476165693	124.3929152338849	22.13143419116064	-71.54572296142578	2026-05-19T01:16:28.800
1779124588900	29.61221836638618	26.003999591399012	124.40693463052152	22.142044527045446	-71.54572296142578	2026-05-19T01:16:28.900
1779124589000	29.62525155179297	26.015010066371254	124.42084247134767	22.1516617350878	-71.54572296142578	2026-05-19T01:16:29.000
1779124589100	29.638293184913863	26.026020554260295	124.43475814419345	22.16127832902711	-71.54572296142578	2026-05-19T01:16:29.100
1779124589200	29.65134150398701	26.038029732229095	124.44880171878532	22.17188677843284	-71.54572296142578	2026-05-19T01:16:29.200
1779124589300	29.664402083796606	26.049040273606096	124.46273503378751	22.18150196598916	-71.54572296142578	2026-05-19T01:16:29.300
1779124589400	29.67747333804855	26.06005082966233	124.47667832526844	22.19111631694539	-71.54572296142578	2026-05-19T01:16:29.400
1779124589500	29.69055368178728	26.072060088539057	124.49075183471005	22.201722296594788	-71.54572296142578	2026-05-19T01:16:29.500
1779124589600	29.703648687720946	26.08307071080306	124.50471739656321	22.211334770127824	-71.54572296142578	2026-05-19T01:16:29.600
1779124589700	29.716756770632973	26.094081342552872	124.51869524730708	22.22094616030262	-71.54572296142578	2026-05-19T01:16:29.700
1779124589800	29.729878731283453	26.105092020087756	124.5326861621519	22.230556422772523	-71.54572296142578	2026-05-19T01:16:29.800
1779124589900	29.743012986267154	26.117101389355767	124.54681037803199	22.241157984495814	-71.54572296142578	2026-05-19T01:16:29.900
1779124590000	29.75616510539786	26.128112125209924	124.56082972912998	22.250765718335362	-71.54572296142578	2026-05-19T01:16:30.000
1779124590100	29.76933287979784	26.139122900964914	124.57486385332604	22.260372141006798	-71.54572296142578	2026-05-19T01:16:30.100
1779124590200	29.782511601916003	26.151132370501344	124.58902997703764	22.270970006557942	-71.54572296142578	2026-05-19T01:16:30.200
1779124590300	29.795703089199378	26.162143188103688	124.60308631594508	22.280574542095167	-71.54572296142578	2026-05-19T01:16:30.300
1779124590400	29.80890200859833	26.173154033714127	124.61714949798595	22.290178589629004	-71.54572296142578	2026-05-19T01:16:30.400
1779124590500	29.82210541074554	26.184164881405334	124.63121667694006	22.299782422430663	-71.54572296142578	2026-05-19T01:16:30.500
1779124590600	29.835307964401927	26.1961744131469	124.64540448152796	22.31037888843478	-71.54572296142578	2026-05-19T01:16:30.600
1779124590700	29.84851148407192	26.207185273458386	124.65947112669872	22.31998319737352	-71.54572296142578	2026-05-19T01:16:30.700
1779124590800	29.861710638148807	26.218196131733553	124.67353324056882	22.32958818339792	-71.54572296142578	2026-05-19T01:16:30.800
1779124590900	29.874900096498408	26.230205649303485	124.68770745087835	22.34018667588222	-71.54572296142578	2026-05-19T01:16:30.900
1779124591000	29.888081671403846	26.241216476162098	124.70175197274469	22.349793884278995	-71.54572296142578	2026-05-19T01:16:31.000
1779124591100	29.90125135534619	26.252227270612085	124.71578470925283	22.359402499874133	-71.54572296142578	2026-05-19T01:16:31.100
1779124591200	29.914410434161443	26.264236743256905	124.72992866952173	22.37000473416451	-71.54572296142578	2026-05-19T01:16:31.200
1779124591300	29.92756865600851	26.275247540471224	124.74394971554216	22.37961498521487	-71.54572296142578	2026-05-19T01:16:31.300
1779124591400	29.94072625056493	26.287257014246986	124.75809159998101	22.39021784602348	-71.54572296142578	2026-05-19T01:16:31.400
1779124591500	29.953892964594797	26.29826781758594	124.7721201824241	22.399827718589712	-71.54572296142578	2026-05-19T01:16:31.500
1779124591600	29.967071407347152	26.30927865937425	124.78615974623149	22.40943668101839	-71.54572296142578	2026-05-19T01:16:31.600
1779124591700	29.980264189623174	26.321288218046895	124.80033457112077	22.420036784926577	-71.54572296142578	2026-05-19T01:16:31.700
1779124591800	29.993481056105082	26.332299132111544	124.81441051197488	22.429642413830422	-71.54572296142578	2026-05-19T01:16:31.800
1779124591900	30.006722240077384	26.344308787655613	124.82863132682176	22.440238204793026	-71.54572296142578	2026-05-19T01:16:31.900
1779124592000	30.019997484819918	26.35531982592233	124.8427628679978	22.449838541368273	-71.54572296142578	2026-05-19T01:16:32.000
1779124592100	30.033307738801295	26.36633092794478	124.85692781322166	22.459435647802014	-71.54572296142578	2026-05-19T01:16:32.100
1779124592200	30.046647301011163	26.378340787676034	124.8712424342858	22.470022436261598	-71.54572296142578	2026-05-19T01:16:32.200
1779124592300	30.06001593619513	26.389352004958237	124.88546296715867	22.479614251302646	-71.54572296142578	2026-05-19T01:16:32.300
1779124592400	30.07340628018615	26.400363273536957	124.89970408323946	22.48920417121686	-71.54572296142578	2026-05-19T01:16:32.400
1779124592500	30.086813345268496	26.411374571196642	124.91396097374533	22.498792678342546	-71.54572296142578	2026-05-19T01:16:32.500
1779124592600	30.100229769173755	26.42338458063514	124.92834830830469	22.509372843777655	-71.54572296142578	2026-05-19T01:16:32.600
1779124592700	30.11365531349756	26.434395917887556	124.94262232824167	22.51896001965916	-71.54572296142578	2026-05-19T01:16:32.700
1779124592800	30.12708261555716	26.44540725964914	124.95689770407122	22.52854726950525	-71.54572296142578	2026-05-19T01:16:32.800
1779124592900	30.140504314146156	26.457417297580392	124.97128910757861	22.53912767494961	-71.54572296142578	2026-05-19T01:16:32.900
1779124593000	30.153920168584275	26.468428624730446	124.98555277939292	22.54871655889429	-71.54572296142578	2026-05-19T01:16:33.000
1779124593100	30.16732413947819	26.479439930193525	124.99980466604103	22.558306865548722	-71.54572296142578	2026-05-19T01:16:33.100
1779124593200	30.180715477843794	26.49144992688736	125.01416580994129	22.56889103320026	-71.54572296142578	2026-05-19T01:16:33.200
1779124593300	30.194101874153684	26.502461197639352	125.02840009206746	22.578483569369464	-71.54572296142578	2026-05-19T01:16:33.300
1779124593400	30.20748152975707	26.514471164795058	125.04274930683174	22.589069379210965	-71.54572296142578	2026-05-19T01:16:33.400
1779124593500	30.22086213358816	26.525482443754285	125.05697733759658	22.59866299954192	-71.54572296142578	2026-05-19T01:16:33.500
1779124593600	30.234241888571564	26.53749242713897	125.07132597561596	22.609249309876066	-71.54572296142578	2026-05-19T01:16:33.600
1779124593700	30.247628482224524	26.548503711899343	125.08555910050119	22.618842825618195	-71.54572296142578	2026-05-19T01:16:33.700
1779124593800	30.26102011890192	26.560513722588436	125.09991850772323	22.629428461922124	-71.54572296142578	2026-05-19T01:16:33.800
1779124593900	30.2744221149789	26.57252375917064	125.11428755506383	22.64001332973719	-71.54572296142578	2026-05-19T01:16:33.900
1779124594000	30.287839785412988	26.583535113538787	125.12854959644977	22.649604528783794	-71.54572296142578	2026-05-19T01:16:34.000
1779124594100	30.301273083839	26.594546500905768	125.14282634993783	22.659194435898765	-71.54572296142578	2026-05-19T01:16:34.100
1779124594200	30.314719477885298	26.60655662887914	125.15723713638054	22.66977567434934	-71.54572296142578	2026-05-19T01:16:34.200
1779124594300	30.32818291934928	26.617568069577707	125.17154223600969	22.679363100641087	-71.54572296142578	2026-05-19T01:16:34.300
1779124594400	30.341657885711207	26.629578265520244	125.18597985510314	22.68994203438235	-71.54572296142578	2026-05-19T01:16:34.400
1779124594500	30.355148327300146	26.640589769849587	125.20031027126903	22.699527309564964	-71.54572296142578	2026-05-19T01:16:34.500
1779124594600	30.3686510901933	26.651601292342715	125.21465220809229	22.709111614824305	-71.54572296142578	2026-05-19T01:16:34.600
1779124594700	30.382163021990067	26.663611556820083	125.22912438948705	22.719687656354854	-71.54572296142578	2026-05-19T01:16:34.700
1779124594800	30.395688070647342	26.67462313598781	125.24348709689691	22.72927028198859	-71.54572296142578	2026-05-19T01:16:34.800
1779124594900	30.409220717514415	26.686633451356272	125.25797853350916	22.739844799185978	-71.54572296142578	2026-05-19T01:16:34.900
1779124595000	30.422764909048606	26.69764506205598	125.27235897915527	22.749426038589178	-71.54572296142578	2026-05-19T01:16:35.000
1779124595100	30.436317657058634	26.70865669863491	125.28674731749643	22.75900669725432	-71.54572296142578	2026-05-19T01:16:35.100
1779124595200	30.44987663048879	26.720667066515812	125.30126305847206	22.769579385096765	-71.54572296142578	2026-05-19T01:16:35.200
1779124595300	30.463446756661643	26.731678743626674	125.31566743247687	22.77915884712444	-71.54572296142578	2026-05-19T01:16:35.300
1779124595400	30.477023504061705	26.743689146114463	125.33019958695071	22.789730295701585	-71.54572296142578	2026-05-19T01:16:35.400
1779124595500	30.49061179847204	26.75470085234877	125.34462075243421	22.799308472684796	-71.54572296142578	2026-05-19T01:16:35.500
1779124595600	30.504207109850142	26.76671130869424	125.35917007975556	22.80987862412722	-71.54572296142578	2026-05-19T01:16:35.600
1779124595700	30.517814362549704	26.777723044916122	125.37360879384185	22.8194554399743	-71.54572296142578	2026-05-19T01:16:35.700
1779124595800	30.531429027990615	26.789733544608453	125.38817604963747	22.830024206950608	-71.54572296142578	2026-05-19T01:16:35.800
1779124595900	30.54505602899086	26.800745331331036	125.40263307164179	22.839599605217288	-71.54572296142578	2026-05-19T01:16:35.900
1779124596000	30.55869083857345	26.8127558689704	125.4172190119876	22.85016690559455	-71.54572296142578	2026-05-19T01:16:36.000
1779124596100	30.57233598308504	26.824766424812527	125.43181454625821	22.86073344696208	-71.54572296142578	2026-05-19T01:16:36.100
1779124596200	30.585993852895534	26.835778280189267	125.4463002211637	22.870306592063233	-71.54572296142578	2026-05-19T01:16:36.200
1779124596300	30.599659721736575	26.847788882794134	125.46091499372277	22.880871621281063	-71.54572296142578	2026-05-19T01:16:36.300
1779124596400	30.613338306888544	26.858800773196545	125.47541989604177	22.890443242848594	-71.54572296142578	2026-05-19T01:16:36.400
1779124596500	30.627024883586724	26.87081142753408	125.490053887822	22.901006769109983	-71.54572296142578	2026-05-19T01:16:36.500
1779124596600	30.640724167587393	26.88182336522744	125.50457799942077	22.910576883582472	-71.54572296142578	2026-05-19T01:16:36.600
1779124596700	30.654431435726117	26.893834052676088	125.51923118852876	22.921138892636343	-71.54572296142578	2026-05-19T01:16:36.700
1779124596800	30.66815140213507	26.904846027769782	125.53377448861944	22.93070749443485	-71.54572296142578	2026-05-19T01:16:36.800
1779124596900	30.6818793452297	26.916856758582306	125.5484468566126	22.94126800073207	-71.54572296142578	2026-05-19T01:16:36.900
1779124597000	30.695619977563783	26.927868779355677	125.56300932657757	22.950835102340474	-71.54572296142578	2026-05-19T01:16:37.000
1779124597100	30.7093709070201	26.93888082355669	125.57758134644907	22.96040145849125	-71.54572296142578	2026-05-19T01:16:37.100
1779124597200	30.723129625302345	26.95089162260946	125.59228224762586	22.97095974200498	-71.54572296142578	2026-05-19T01:16:37.200
1779124597300	30.736898309271517	26.962902443609813	125.60699237639197	22.981517314999092	-71.54572296142578	2026-05-19T01:16:37.300
1779124597400	30.75067913425285	26.973914543153338	125.62159207735303	22.991081525472563	-71.54572296142578	2026-05-19T01:16:37.400
1779124597500	30.764467206680507	26.98592540559114	125.63632013573928	23.00163773024698	-71.54572296142578	2026-05-19T01:16:37.500
1779124597600	30.77826705763041	26.99693754194486	125.65093741673377	23.01120060342171	-71.54572296142578	2026-05-19T01:16:37.600
1779124597700	30.792073795114558	27.008948449294497	125.66568270565959	23.021755518221365	-71.54572296142578	2026-05-19T01:16:37.700
1779124597800	30.805891948632496	27.01996062287168	125.6803168673676	23.03131712924257	-71.54572296142578	2026-05-19T01:16:37.800
1779124597900	30.819716627818195	27.031971556377265	125.69507868523156	23.041870810116375	-71.54572296142578	2026-05-19T01:16:37.900
1779124598000	30.833552360503358	27.04298376547608	125.70972902821698	23.051431231926156	-71.54572296142578	2026-05-19T01:16:38.000
1779124598100	30.847396762707604	27.05399599235305	125.72438734598566	23.060991071479297	-71.54572296142578	2026-05-19T01:16:38.100
1779124598200	30.861248057805238	27.0660069893025	125.73917366844502	23.07154295904546	-71.54572296142578	2026-05-19T01:16:38.200
1779124598300	30.875111679766206	27.077019251154145	125.75384974030804	23.08110144848728	-71.54572296142578	2026-05-19T01:16:38.300
1779124598400	30.888983650851074	27.089030292714465	125.76865521503167	23.09165185337631	-71.54572296142578	2026-05-19T01:16:38.400
1779124598500	30.902869403409433	27.10004260582909	125.78335183874871	23.101208720886863	-71.54572296142578	2026-05-19T01:16:38.500
1779124598600	30.91676496139998	27.11205368153439	125.79817925993552	23.111757344912036	-71.54572296142578	2026-05-19T01:16:38.600
1779124598700	30.930675755448394	27.123066049667703	125.8128992311834	23.12131230664975	-71.54572296142578	2026-05-19T01:16:38.700
1779124598800	30.94459781119025	27.13507718967832	125.82775139729856	23.131858892440906	-71.54572296142578	2026-05-19T01:16:38.800
1779124598900	30.958536557715107	27.146089586325783	125.8424975075485	23.141411634924843	-71.54572296142578	2026-05-19T01:16:38.900
1779124599000	30.972488022139707	27.158100794070588	125.85737721326365	23.151955898982013	-71.54572296142578	2026-05-19T01:16:39.000
1779124599100	30.986454706486846	27.170112020756445	125.87227118066556	23.162498937799604	-71.54572296142578	2026-05-19T01:16:39.100
1779124599200	31.00043680602642	27.181124510417742	125.88705786466318	23.172048266497306	-71.54572296142578	2026-05-19T01:16:39.200
1779124599300	31.014426892821405	27.193135788157615	125.9019735866114	23.18258957107771	-71.54572296142578	2026-05-19T01:16:39.300
1779124599400	31.02842693430919	27.204148319221993	125.91677677372357	23.19213769952814	-71.54572296142578	2026-05-19T01:16:39.400
1779124599500	31.042429504231244	27.21615961707349	125.93170374379613	23.202678329795372	-71.54572296142578	2026-05-19T01:16:39.500
1779124599600	31.05643422110165	27.228170931511844	125.9466324009727	23.21321903836344	-71.54572296142578	2026-05-19T01:16:39.600
1779124599700	31.07044070188903	27.23918346937822	125.96144064556744	23.222767354973122	-71.54572296142578	2026-05-19T01:16:39.700
1779124599800	31.084441522722717	27.251194767329824	125.97636479655058	23.233308985820788	-71.54572296142578	2026-05-19T01:16:39.800
1779124599900	31.098438646808937	27.26220730244717	125.99116328912292	23.242858779905276	-71.54572296142578	2026-05-19T01:16:39.900
1779124600000	31.11242465200624	27.274218580814505	126.00607243635545	23.25340241656092	-71.54572296142578	2026-05-19T01:16:40.000
1779124600100	31.126400306860578	27.286229840086445	126.02097125250464	23.263947339664142	-71.54572296142578	2026-05-19T01:16:40.100
1779124600200	31.14037098680682	27.297242322770025	126.0357431835355	23.273500535465573	-71.54572296142578	2026-05-19T01:16:40.200
1779124600300	31.154336184916144	27.309253561932863	126.05063118871121	23.28404702808087	-71.54572296142578	2026-05-19T01:16:40.300
1779124600400	31.1683047730462	27.320266039766842	126.06540035387042	23.293600974132243	-71.54572296142578	2026-05-19T01:16:40.400
1779124600500	31.182276245943214	27.332277302569707	126.0802936364031	23.30414741543161	-71.54572296142578	2026-05-19T01:16:40.500
1779124600600	31.19625713083355	27.34428857894946	126.09519558803133	23.314693209952406	-71.54572296142578	2026-05-19T01:16:40.600
1779124600700	31.210253953288184	27.35530111284467	126.10999076277815	23.324245227377933	-71.54572296142578	2026-05-19T01:16:40.700
1779124600800	31.22426621057022	27.367312453734296	126.12492211489302	23.334788519430468	-71.54572296142578	2026-05-19T01:16:40.800
1779124600900	31.23830277051988	27.37832505971859	126.13975473019471	23.344337210607186	-71.54572296142578	2026-05-19T01:16:40.900
1779124601000	31.252363132096992	27.390336490960937	126.15473156044848	23.354876367838703	-71.54572296142578	2026-05-19T01:16:41.000
1779124601100	31.26645279274371	27.40234798382462	126.16973617092883	23.365412955587654	-71.54572296142578	2026-05-19T01:16:41.100
1779124601200	31.28057313723441	27.413360744899283	126.18464817373832	23.374954313288537	-71.54572296142578	2026-05-19T01:16:41.200
1779124601300	31.29471750045232	27.42537233073967	126.19970459022176	23.385486123025554	-71.54572296142578	2026-05-19T01:16:41.300
1779124601400	31.30888857943109	27.43638519389155	126.21466458492284	23.395023106877954	-71.54572296142578	2026-05-19T01:16:41.400
1779124601500	31.323079710810433	27.44839687132318	126.22976517352859	23.40555093120825	-71.54572296142578	2026-05-19T01:16:41.500
1779124601600	31.33729358989273	27.45940980833056	126.24476552397931	23.415084306538763	-71.54572296142578	2026-05-19T01:16:41.600
1779124601700	31.35152355499755	27.471421560744282	126.25990265061188	23.425608921754485	-71.54572296142578	2026-05-19T01:16:41.700
1779124601800	31.365769961749713	27.483433340792327	126.27505518344543	23.43613222003484	-71.54572296142578	2026-05-19T01:16:41.800
1779124601900	31.380033164032238	27.49444637028971	126.29010175636158	23.44566164992712	-71.54572296142578	2026-05-19T01:16:41.900
1779124602000	31.394306502729528	27.5064582050564	126.30527937964084	23.45618290591852	-71.54572296142578	2026-05-19T01:16:42.000
1779124602100	31.408590286514535	27.51847007193027	126.32046664414898	23.466703446751723	-71.54572296142578	2026-05-19T01:16:42.100
1779124602200	31.42288464004156	27.529483146208978	126.3355419623195	23.47623069382369	-71.54572296142578	2026-05-19T01:16:42.200
1779124602300	31.437182633045055	27.541495036091778	126.35074208341965	23.486750426432003	-71.54572296142578	2026-05-19T01:16:42.300
1779124602400	31.451484344948916	27.553506930723884	126.36594537792989	23.497270084903512	-71.54572296142578	2026-05-19T01:16:42.400
1779124602500	31.465787518457393	27.565518827341165	126.38114967653544	23.507789890389947	-71.54572296142578	2026-05-19T01:16:42.500
1779124602600	31.480092230799706	27.576531924384554	126.39623335449467	23.51731728706069	-71.54572296142578	2026-05-19T01:16:42.600
1779124602700	31.4943915551588	27.58854382164562	126.41143315517256	23.527838053279638	-71.54572296142578	2026-05-19T01:16:42.700
1779124602800	31.50868556920366	27.60055570265315	126.4266274522336	23.538359619039085	-71.54572296142578	2026-05-19T01:16:42.800
1779124602900	31.522974348806745	27.611568773754524	126.44169462521096	23.547889432776884	-71.54572296142578	2026-05-19T01:16:42.900
1779124603000	31.537250969754062	27.623580631406757	126.45687141251707	23.5584132751594	-71.54572296142578	2026-05-19T01:16:43.000
1779124603100	31.551516718562052	27.63559246469641	126.47203735422907	23.568938458381727	-71.54572296142578	2026-05-19T01:16:43.100
1779124603200	31.56577772076892	27.64660548228799	126.48707664509813	23.578471831138916	-71.54572296142578	2026-05-19T01:16:43.200
1779124603300	31.580034315931268	27.65861730176133	126.50223299514934	23.588998483013263	-71.54572296142578	2026-05-19T01:16:43.300
1779124603400	31.59429617128872	27.669630327618087	126.51727231138823	23.598532354338705	-71.54572296142578	2026-05-19T01:16:43.400
1779124603500	31.608563628236205	27.681642165451255	126.53243829687169	23.609058527691374	-71.54572296142578	2026-05-19T01:16:43.500
1779124603600	31.62284402211814	27.693654027147137	126.54761630911888	23.61958373565292	-71.54572296142578	2026-05-19T01:16:43.600
1779124603700	31.637144686586684	27.704667115022943	126.56269170678843	23.62911469761753	-71.54572296142578	2026-05-19T01:16:43.700
1779124603800	31.65146596565638	27.716679061891572	126.57790818950878	23.639636530516615	-71.54572296142578	2026-05-19T01:16:43.800
1779124603900	31.665817522339538	27.727692239227313	126.5930316675617	23.649163133485768	-71.54572296142578	2026-05-19T01:16:43.900
1779124604000	31.68019970244713	27.73970429464472	126.60830583637947	23.65967964313483	-71.54572296142578	2026-05-19T01:16:44.000
1779124604100	31.694618048673036	27.75171641141588	126.62361433295197	23.67019293720491	-71.54572296142578	2026-05-19T01:16:44.100
1779124604200	31.709070939471854	27.762729778421818	126.63883392076671	23.67971060220858	-71.54572296142578	2026-05-19T01:16:44.200
1779124604300	31.723547979721427	27.774742011596633	126.65419796855906	23.69021881050061	-71.54572296142578	2026-05-19T01:16:44.300
1779124604400	31.73804575771958	27.78675427179107	126.66958151764892	23.70072529774045	-71.54572296142578	2026-05-19T01:16:44.400
1779124604500	31.752560859858427	27.797767757098576	126.68485961855335	23.710237831960075	-71.54572296142578	2026-05-19T01:16:44.500
1779124604600	31.76708289371159	27.809780062028583	126.7002656321264	23.72074256922317	-71.54572296142578	2026-05-19T01:16:44.600
1779124604700	31.781608446104165	27.82179236788403	126.71567460746951	23.731247261004384	-71.54572296142578	2026-05-19T01:16:44.700
1779124604800	31.79613177720244	27.833804687797993	126.73108103523317	23.741752486626588	-71.54572296142578	2026-05-19T01:16:44.800
1779124604900	31.81064947160881	27.844818171800107	126.74635996701372	23.75126596031703	-71.54572296142578	2026-05-19T01:16:44.900
1779124605000	31.825151140346268	27.856830446091525	126.76174476111285	23.76177387629107	-71.54572296142578	2026-05-19T01:16:45.000
1779124605100	31.839635314439825	27.86884269160819	126.7771123415867	23.77228378785236	-71.54572296142578	2026-05-19T01:16:45.100
1779124605200	31.85410830751773	27.879856083687546	126.79234710894092	23.78180247127822	-71.54572296142578	2026-05-19T01:16:45.200
1779124605300	31.868571409817225	27.891868292336845	126.80769362880649	23.792315019838583	-71.54572296142578	2026-05-19T01:16:45.300
1779124605400	31.88303288154861	27.903880493446568	126.8230381682055	23.802828020469263	-71.54572296142578	2026-05-19T01:16:45.400
1779124605500	31.89750098111116	27.914893878896144	126.83826699949971	23.812348072261113	-71.54572296142578	2026-05-19T01:16:45.500
1779124605600	31.911977001576783	27.926906099407255	126.85362467714177	23.822860257062043	-71.54572296142578	2026-05-19T01:16:45.600
1779124605700	31.926469201806857	27.938918357852454	126.86899747297967	23.8333711868528	-71.54572296142578	2026-05-19T01:16:45.700
1779124605800	31.940983518656935	27.950930656819025	126.8843910837881	23.843880281048115	-71.54572296142578	2026-05-19T01:16:45.800
1779124605900	31.955528208841333	27.9619441753214	126.89969178218284	23.8533941235897	-71.54572296142578	2026-05-19T01:16:45.900
1779124606000	31.970104569094673	27.9739565863597	126.91514411421358	23.863897828804827	-71.54572296142578	2026-05-19T01:16:46.000
1779124606100	31.984718869037547	27.985969073012587	126.93063244357207	23.87439818213471	-71.54572296142578	2026-05-19T01:16:46.100
1779124606200	31.99936710778927	27.99798160655935	126.94615292391556	23.88489555080287	-71.54572296142578	2026-05-19T01:16:46.200
1779124606300	32.01404561478402	28.008995366220983	126.96158038735948	23.894397688177456	-71.54572296142578	2026-05-19T01:16:46.300
1779124606400	32.028743765018646	28.02100800060124	126.97714792262691	23.90489086553348	-71.54572296142578	2026-05-19T01:16:46.400
1779124606500	32.04345788841364	28.033020654239095	126.99273035806857	23.915382801879066	-71.54572296142578	2026-05-19T01:16:46.500
1779124606600	32.058181996332124	28.045033334646433	127.00832194668736	23.925874094103687	-71.54572296142578	2026-05-19T01:16:46.600
1779124606700	32.07291010019036	28.057046015764147	127.02391693812048	23.93636530524766	-71.54572296142578	2026-05-19T01:16:46.700
1779124606800	32.0876385270115	28.068059857330155	127.03939017205087	23.945864161480394	-71.54572296142578	2026-05-19T01:16:46.800
1779124606900	32.102356656301296	28.080072521620394	127.05497472875692	23.956356956160878	-71.54572296142578	2026-05-19T01:16:46.900
1779124607000	32.11706081549576	28.09208516706219	127.07054544807248	23.966851414268216	-71.54572296142578	2026-05-19T01:16:47.000
1779124607100	32.13174701387627	28.10409776727277	127.08609849904595	23.977347900510495	-71.54572296142578	2026-05-19T01:16:47.100
1779124607200	32.14641925242981	28.116110355520565	127.1016377255137	23.98784605437288	-71.54572296142578	2026-05-19T01:16:47.200
1779124607300	32.16108584360851	28.12712407385181	127.11704947430265	23.997352401267058	-71.54572296142578	2026-05-19T01:16:47.300
1779124607400	32.17574815921161	28.13913664204563	127.13257832099292	24.007852125813553	-71.54572296142578	2026-05-19T01:16:47.400
1779124607500	32.190414512174875	28.15114921149307	127.14811061134318	24.018351764738775	-71.54572296142578	2026-05-19T01:16:47.500
1779124607600	32.205090901594595	28.163161793283663	127.16365210091134	24.028850741233803	-71.54572296142578	2026-05-19T01:16:47.600
1779124607700	32.21978332657238	28.17517440701209	127.17920854561899	24.03934848742589	-71.54572296142578	2026-05-19T01:16:47.700
1779124607800	32.234500097275586	28.186188227831064	127.19466629946724	24.04885155859929	-71.54572296142578	2026-05-19T01:16:47.800
1779124607900	32.2492425904045	28.198200924032037	127.21026991581947	24.05934510147484	-71.54572296142578	2026-05-19T01:16:47.900
1779124608000	32.26401911658561	28.210213692750834	127.22590574902362	24.069835695235525	-71.54572296142578	2026-05-19T01:16:48.000
1779124608100	32.278833677114385	28.22222651979343	127.24157763202301	24.08032293605498	-71.54572296142578	2026-05-19T01:16:48.100
1779124608200	32.293682281310815	28.234239412272597	127.257281734793	24.09080722420883	-71.54572296142578	2026-05-19T01:16:48.200
1779124608300	32.308561249199	28.245253512072047	127.2728929152999	24.10029625172361	-71.54572296142578	2026-05-19T01:16:48.300
1779124608400	32.32345997432502	28.257266493384115	127.28864421454468	24.110776356652064	-71.54572296142578	2026-05-19T01:16:48.400
1779124608500	32.33837477713582	28.269279498093553	127.30441049055024	24.121255231156244	-71.54572296142578	2026-05-19T01:16:48.500
1779124608600	32.353299668884496	28.28129252820634	127.32018599885143	24.131733464270354	-71.54572296142578	2026-05-19T01:16:48.600
1779124608700	32.36822866084517	28.29330556577445	127.3359649932542	24.142211624705226	-71.54572296142578	2026-05-19T01:16:48.700
1779124608800	32.38315807052606	28.30431973988402	127.35162234187189	24.151697383693623	-71.54572296142578	2026-05-19T01:16:48.800
1779124608900	32.39807729612158	28.316332753832754	127.36739107567304	24.162177117056103	-71.54572296142578	2026-05-19T01:16:48.900
1779124609000	32.41298265555258	28.328345742920135	127.38314606349259	24.17265850233449	-71.54572296142578	2026-05-19T01:16:49.000
1779124609100	32.4278701476272	28.34035869203497	127.39888346794214	24.183141914833232	-71.54572296142578	2026-05-19T01:16:49.100
1779124609200	32.44274372160391	28.352371630330847	127.41460708051972	24.193626996619845	-71.54572296142578	2026-05-19T01:16:49.200
1779124609300	32.45761161834776	28.363385688703023	127.43020321449237	24.20312024825543	-71.54572296142578	2026-05-19T01:16:49.300
1779124609400	32.47247516667814	28.37539858845921	127.44591632183383	24.213606908865483	-71.54572296142578	2026-05-19T01:16:49.400
1779124609500	32.48734260786822	28.387411510282945	127.46163271922661	24.22409353057582	-71.54572296142578	2026-05-19T01:16:49.500
1779124609600	32.50221987901563	28.3994244381417	127.47735809611952	24.23457951812579	-71.54572296142578	2026-05-19T01:16:49.600
1779124609700	32.51711291715846	28.411437392574847	127.49309814567762	24.245064313094797	-71.54572296142578	2026-05-19T01:16:49.700
1779124609800	32.53202996081387	28.422451526531372	127.50873918876587	24.25455443475599	-71.54572296142578	2026-05-19T01:16:49.800
1779124609900	32.546972343711154	28.434464582774922	127.52452566034741	24.265035157254268	-71.54572296142578	2026-05-19T01:16:49.900
1779124610000	32.561948304963124	28.446477684790562	127.54034387513477	24.27551297266825	-71.54572296142578	2026-05-19T01:16:50.000
1779124610100	32.5769618355109	28.458490849874135	127.55619765772019	24.28598751113267	-71.54572296142578	2026-05-19T01:16:50.100
1779124610200	32.592009141541595	28.47050407264197	127.57208336750314	24.296459139686487	-71.54572296142578	2026-05-19T01:16:50.200
1779124610300	32.607086781969464	28.481518494918927	127.58787613825082	24.30593550097161	-71.54572296142578	2026-05-19T01:16:50.300
1779124610400	32.622184418358344	28.493531809162384	127.60380918684372	24.316402969798574	-71.54572296142578	2026-05-19T01:16:50.400
1779124610500	32.63729861009404	28.50554514446273	127.61975764519616	24.326869176346868	-71.54572296142578	2026-05-19T01:16:50.500
1779124610600	32.652423617034415	28.51755851008713	127.63571601131294	24.337334690229053	-71.54572296142578	2026-05-19T01:16:50.600
1779124610700	32.66755369910692	28.52957187451693	127.65167877896211	24.347800040037384	-71.54572296142578	2026-05-19T01:16:50.700
1779124610800	32.68268541261226	28.540586371698343	127.66752109433601	24.35727285236997	-71.54572296142578	2026-05-19T01:16:50.800
1779124610900	32.69780842394032	28.55259972613399	127.6834761609738	24.367739543178647	-71.54572296142578	2026-05-19T01:16:50.900
1779124611000	32.712919289894074	28.564613047604254	127.69941912176307	24.378207715234332	-71.54572296142578	2026-05-19T01:16:51.000
1779124611100	32.72801406095629	28.57662635117421	127.71534619463317	24.38867776724005	-71.54572296142578	2026-05-19T01:16:51.100
1779124611200	32.74309595070248	28.588639622794414	127.73126045847201	24.399149371642235	-71.54572296142578	2026-05-19T01:16:51.200
1779124611300	32.75816996339592	28.600652886852053	127.74716671235223	24.40962206515408	-71.54572296142578	2026-05-19T01:16:51.300
1779124611400	32.773241103385814	28.61266613948671	127.76306975141448	24.420095356825207	-71.54572296142578	2026-05-19T01:16:51.400
1779124611500	32.78831666800703	28.62368051525464	127.77885503208631	24.42957581959374	-71.54572296142578	2026-05-19T01:16:51.500
1779124611600	32.803397075109146	28.63569378551699	127.79476603254749	24.440048886996465	-71.54572296142578	2026-05-19T01:16:51.600
1779124611700	32.81848962259033	28.647707072378378	127.81068820501937	24.45052112157323	-71.54572296142578	2026-05-19T01:16:51.700
1779124611800	32.83359931485515	28.65972038453738	127.82662634391778	24.460992046526147	-71.54572296142578	2026-05-19T01:16:51.800
1779124611900	32.84873115631607	28.671733736527706	127.8425852437951	24.47146119127744	-71.54572296142578	2026-05-19T01:16:51.900
1779124612000	32.86389015143827	28.683747129177092	127.85856969700464	24.48192807204575	-71.54572296142578	2026-05-19T01:16:52.000
1779124612100	32.87908009428157	28.69576058896246	127.87458333887704	24.4923923485142	-71.54572296142578	2026-05-19T01:16:52.100
1779124612200	32.89429993757426	28.707774086236736	127.89062515964969	24.502854094972772	-71.54572296142578	2026-05-19T01:16:52.200
1779124612300	32.90954742355832	28.719787640071992	127.90669299603785	24.51331355155162	-71.54572296142578	2026-05-19T01:16:52.300
1779124612400	32.92482029457177	28.73180122346952	127.92278467950311	24.52377091239676	-71.54572296142578	2026-05-19T01:16:52.400
1779124612500	32.94011629281783	28.743814864107534	127.93889804828925	24.534226425820123	-71.54572296142578	2026-05-19T01:16:52.500
1779124612600	32.95543544808161	28.75482964320308	127.95491161442379	24.54368730611184	-71.54572296142578	2026-05-19T01:16:52.600
1779124612700	32.97077092717195	28.76684334141404	127.97106185492727	24.554139728569	-71.54572296142578	2026-05-19T01:16:52.700
1779124612800	32.98612276032149	28.778857059767482	127.98722728267037	24.564590927984614	-71.54572296142578	2026-05-19T01:16:52.800
1779124612900	33.001488689737734	28.790870807510604	128.00340573469936	24.575041133592517	-71.54572296142578	2026-05-19T01:16:52.900
1779124613000	33.0168664576664	28.802884572986965	128.01959504581683	24.585490553655823	-71.54572296142578	2026-05-19T01:16:53.000
1779124613100	33.03225385215413	28.814898349073648	128.03579309550335	24.59593939631289	-71.54572296142578	2026-05-19T01:16:53.100
1779124613200	33.047648844486844	28.826912143652486	128.05199794080593	24.606387866673725	-71.54572296142578	2026-05-19T01:16:53.200
1779124613300	33.06304945182158	28.838925938874233	128.06820767980693	24.61683613965865	-71.54572296142578	2026-05-19T01:16:53.300
1779124613400	33.07845369125048	28.850939741598005	128.08442041376355	24.627284414581226	-71.54572296142578	2026-05-19T01:16:53.400
1779124613500	33.093859579889134	28.862953544700176	128.1006342424868	24.637732876685682	-71.54572296142578	2026-05-19T01:16:53.500
1779124613600	33.1092674170849	28.87396845152674	128.11672796967437	24.647188721702975	-71.54572296142578	2026-05-19T01:16:53.600
1779124613700	33.12467065491371	28.885982243549297	128.13293829158997	24.65763812149707	-71.54572296142578	2026-05-19T01:16:53.700
1779124613800	33.140069593220765	28.8979960266656	128.1491440104909	24.668088275203175	-71.54572296142578	2026-05-19T01:16:53.800
1779124613900	33.155462249084515	28.910009795267662	128.16534322726437	24.678539368893812	-71.54572296142578	2026-05-19T01:16:53.900
1779124614000	33.17084663956035	28.922023550065663	128.18153404377722	24.688991594752554	-71.54572296142578	2026-05-19T01:16:54.000
1779124614100	33.18622180882003	28.934037284717547	128.19771554464495	24.699445038474607	-71.54572296142578	2026-05-19T01:16:54.100
1779124614200	33.201590909453465	28.946050999856475	128.21389074877015	24.70989939546331	-71.54572296142578	2026-05-19T01:16:54.200
1779124614300	33.21695812110956	28.958064724846295	128.23006366143653	24.720354290688544	-71.54572296142578	2026-05-19T01:16:54.300
1779124614400	33.232327623577625	28.97007843521507	128.24623828102466	24.730809295959453	-71.54572296142578	2026-05-19T01:16:54.400
1779124614500	33.24770587408481	28.981093258839913	128.262299335491	24.740271024786974	-71.54572296142578	2026-05-19T01:16:54.500
1779124614600	33.263092496786236	28.993107001821876	128.27848938050397	24.750725100272366	-71.54572296142578	2026-05-19T01:16:54.600
1779124614700	33.278493949510526	29.005120772301055	128.29469313855319	24.761178118229285	-71.54572296142578	2026-05-19T01:16:54.700
1779124614800	33.293914412056154	29.017134573067164	128.31091460937887	24.771629679002	-71.54572296142578	2026-05-19T01:16:54.800
1779124614900	33.30935806424942	29.029148402679123	128.3271577917386	24.782079379090032	-71.54572296142578	2026-05-19T01:16:54.900
1779124615000	33.3248290859011	29.041162274344593	128.34342668566032	24.792526829917914	-71.54572296142578	2026-05-19T01:16:55.000
1779124615100	33.34033050748102	29.053176213782802	128.3597241921402	24.80297176658992	-71.54572296142578	2026-05-19T01:16:55.100
1779124615200	33.35586076228393	29.06519018581605	128.37604880450303	24.813414307349163	-71.54572296142578	2026-05-19T01:16:55.200
1779124615300	33.37141713415031	29.077204205523312	128.39239792226942	24.82385473109603	-71.54572296142578	2026-05-19T01:16:55.300
1779124615400	33.38699690697569	29.08921825877904	128.40876894178066	24.834293287466497	-71.54572296142578	2026-05-19T01:16:55.400
1779124615500	33.40259736459597	29.101232352507434	128.42515926219932	24.84473024678956	-71.54572296142578	2026-05-19T01:16:55.500
1779124615600	33.418215790885135	29.11324647181561	128.44156628039215	24.85516585747167	-71.54572296142578	2026-05-19T01:16:55.600
1779124615700	33.43384946966776	29.125260618386786	128.45798739551435	24.86560038416317	-71.54572296142578	2026-05-19T01:16:55.700
1779124615800	33.449495684802464	29.13727477383424	128.47442000463525	24.876034071327055	-71.54572296142578	2026-05-19T01:16:55.800
1779124615900	33.46515172004176	29.149288961262638	128.4908615100879	24.886467204437597	-71.54572296142578	2026-05-19T01:16:55.900
1779124616000	33.48081485926682	29.16130314208385	128.507309307152	24.89690000740225	-71.54572296142578	2026-05-19T01:16:56.000
1779124616100	33.49648295147359	29.173317327482234	128.52376133819385	24.907332698965437	-71.54572296142578	2026-05-19T01:16:56.100
1779124616200	33.512156106604884	29.18533153106758	128.5402177093856	24.917765282521422	-71.54572296142578	2026-05-19T01:16:56.200
1779124616300	33.52783499993147	29.19734572839715	128.55667906314517	24.928197669264502	-71.54572296142578	2026-05-19T01:16:56.300
1779124616400	33.543520306628324	29.20935993849649	128.57314604700093	24.938629813661404	-71.54572296142578	2026-05-19T01:16:56.400
1779124616500	33.55921270191265	29.221374163031648	128.5896193063306	24.949061652980973	-71.54572296142578	2026-05-19T01:16:56.500
1779124616600	33.574912861014326	29.233388399436894	128.60609948592847	24.95949312034489	-71.54572296142578	2026-05-19T01:16:56.600
1779124616700	33.590621459185165	29.24540263675991	128.6225872295093	24.969924140597268	-71.54572296142578	2026-05-19T01:16:56.700
1779124616800	33.6063391716249	29.257416888306395	128.63908318360453	24.980354662757822	-71.54572296142578	2026-05-19T01:16:56.800
1779124616900	33.622066673560575	29.26943115663379	128.6555879933838	24.990784625221213	-71.54572296142578	2026-05-19T01:16:56.900
1779124617000	33.637804640230776	29.2814454405172	128.6721023034865	25.00121396268222	-71.54572296142578	2026-05-19T01:16:57.000
1779124617100	33.653553636918275	29.293459742504897	128.68862665375337	25.01164262420566	-71.54572296142578	2026-05-19T01:16:57.100
1779124617200	33.66931378911606	29.3054740609665	128.7051611627929	25.022070596978093	-71.54572296142578	2026-05-19T01:16:57.200
1779124617300	33.68508511237709	29.317488389983264	128.7217058435228	25.03249787448865	-71.54572296142578	2026-05-19T01:16:57.300
1779124617400	33.700867622223534	29.329502737150243	128.73826071047046	25.042924463663375	-71.54572296142578	2026-05-19T01:16:57.400
1779124617500	33.716661334209356	29.341517096167163	128.7548257765023	25.053350357616704	-71.54572296142578	2026-05-19T01:16:57.500
1779124617600	33.73246626384756	29.353531478866113	128.77140105664566	25.063775567491504	-71.54572296142578	2026-05-19T01:16:57.600
1779124617700	33.748282426704066	29.365545873706242	128.78798656313583	25.074200081196942	-71.54572296142578	2026-05-19T01:16:57.700
1779124617800	33.76410983830603	29.377560286313	128.80458231025372	25.08462390371022	-71.54572296142578	2026-05-19T01:16:57.800
1779124617900	33.779948514221864	29.389574704159685	128.8211883101115	25.09504702196501	-71.54572296142578	2026-05-19T01:16:57.900
1779124618000	33.795798469942675	29.40158914892366	128.83780457889952	25.105469456901112	-71.54572296142578	2026-05-19T01:16:58.000
1779124618100	33.8116595955841	29.41360361107277	128.85443100912704	25.115891210452663	-71.54572296142578	2026-05-19T01:16:58.100
1779124618200	33.82753127947282	29.425618082621998	128.87106701369694	25.12631233414706	-71.54572296142578	2026-05-19T01:16:58.200
1779124618300	33.843412784469464	29.43763256304971	128.88771188652572	25.136732898890894	-71.54572296142578	2026-05-19T01:16:58.300
1779124618400	33.85930337340479	29.449647063753332	128.90436492303704	25.14715298737506	-71.54572296142578	2026-05-19T01:16:58.400
1779124618500	33.875202309179045	29.461661563825093	128.92102541488532	25.157572650108964	-71.54572296142578	2026-05-19T01:16:58.500
1779124618600	33.89110885458487	29.473676088722407	128.93769265934193	25.167991983630777	-71.54572296142578	2026-05-19T01:16:58.600
1779124618700	33.90702227253707	29.48569060830451	128.95436594713073	25.17841102914003	-71.54572296142578	2026-05-19T01:16:58.700
1779124618800	33.92294182583258	29.497705143192377	128.97104457511668	25.188829878235723	-71.54572296142578	2026-05-19T01:16:58.800
1779124618900	33.938866777359415	29.509719672325463	128.98772783527826	25.199248581013126	-71.54572296142578	2026-05-19T01:16:58.900
1779124619000	33.95479638990509	29.52173421770816	129.0044150248168	25.209667230315116	-71.54572296142578	2026-05-19T01:16:59.000
1779124619100	33.97073053809005	29.533748759871447	129.02110602084903	25.220085819214827	-71.54572296142578	2026-05-19T01:16:59.100
1779124619200	33.98667154343239	29.545763312773417	129.0378030435291	25.230504140170822	-71.54572296142578	2026-05-19T01:16:59.200
1779124619300	34.002622339236794	29.557777875934246	129.05450889575738	25.240921913052027	-71.54572296142578	2026-05-19T01:16:59.300
1779124619400	34.01858585879931	29.5697924584061	129.07122638122635	25.25133886746832	-71.54572296142578	2026-05-19T01:16:59.400
1779124619500	34.0345650354224	29.581807072160622	129.0879583036314	25.261754736197258	-71.54572296142578	2026-05-19T01:16:59.500
1779124619600	34.050560553065	29.59482064024079	129.10482659903525	25.27316233907781	-71.54572296142578	2026-05-19T01:16:59.600
1779124619700	34.0665798444435	29.60683531008558	129.12159579657697	25.28357519501996	-71.54572296142578	2026-05-19T01:16:59.700
1779124619800	34.0826235929373	29.618850016989445	129.13838783642407	25.293986135248602	-71.54572296142578	2026-05-19T01:16:59.800
1779124619900	34.09869473192072	29.63086476403377	129.1552055198189	25.304394884772968	-71.54572296142578	2026-05-19T01:16:59.900
1779124620000	34.114796194788454	29.64287955102667	129.17205164726482	25.314801165618228	-71.54572296142578	2026-05-19T01:17:00.000
1779124620100	34.13092959507552	29.65489439327932	129.18892775950928	25.325204841348704	-71.54572296142578	2026-05-19T01:17:00.100
1779124620200	34.14709126701918	29.666909282578033	129.20583034943547	25.335606255592534	-71.54572296142578	2026-05-19T01:17:00.200
1779124620300	34.16327622500594	29.678924207976376	129.2227546488533	25.346005874725492	-71.54572296142578	2026-05-19T01:17:00.300
1779124620400	34.1794794834015	29.690939158073252	129.23969589010534	25.356404164218656	-71.54572296142578	2026-05-19T01:17:00.400
1779124620500	34.195693812344764	29.703953077558612	129.25676841398374	25.367794732713254	-71.54572296142578	2026-05-19T01:17:00.500
1779124620600	34.21191871515896	29.715968045098315	129.27372923479396	25.37819176112738	-71.54572296142578	2026-05-19T01:17:00.600
1779124620700	34.22814696129526	29.727983026485308	129.29069270077298	25.388588876800878	-71.54572296142578	2026-05-19T01:17:00.700
1779124620800	34.24437356506508	29.73999799512841	129.3076540448184	25.398986528277824	-71.54572296142578	2026-05-19T01:17:00.800
1779124620900	34.26059354068266	29.752012957979424	129.32460850441862	25.409385196992165	-71.54572296142578	2026-05-19T01:17:00.900
1779124621000	34.276801902426584	29.76402788346995	129.34155131306147	25.419785325623465	-71.54572296142578	2026-05-19T01:17:01.000
1779124621100	34.29299532691747	29.776042795455126	129.35847929961818	25.43018725334901	-71.54572296142578	2026-05-19T01:17:01.100
1779124621200	34.309177140849975	29.788057661071782	129.37539563913072	25.440590630222026	-71.54572296142578	2026-05-19T01:17:01.200
1779124621300	34.32535233325446	29.800072523737775	129.39230510342517	25.450995024369313	-71.54572296142578	2026-05-19T01:17:01.300
1779124621400	34.3415258932996	29.812087375091373	129.4092124575631	25.461399952896482	-71.54572296142578	2026-05-19T01:17:01.400
1779124621500	34.35770281010517	29.824102238306548	129.4261224697724	25.471804964719393	-71.54572296142578	2026-05-19T01:17:01.500
1779124621600	34.37388583521271	29.8371160558848	129.44315897203762	25.483202731250334	-71.54572296142578	2026-05-19T01:17:01.600
1779124621700	34.39008443374697	29.849130940704136	129.46008859040367	25.493606488393066	-71.54572296142578	2026-05-19T01:17:01.700
1779124621800	34.40630135666941	29.861145847303053	129.4770351608235	25.504008919076806	-71.54572296142578	2026-05-19T01:17:01.800
1779124621900	34.4225415932037	29.87316079220987	129.49400344834646	25.514409567449537	-71.54572296142578	2026-05-19T01:17:01.900
1779124622000	34.438810132631296	29.88517577608876	129.510998215534	25.5248079623502	-71.54572296142578	2026-05-19T01:17:02.000
1779124622100	34.45511064099206	29.89719081531992	129.52802296254487	25.535203774275065	-71.54572296142578	2026-05-19T01:17:02.100
1779124622200	34.47144149148072	29.90920590045356	129.54507613146885	25.54559715053102	-71.54572296142578	2026-05-19T01:17:02.200
1779124622300	34.487799734067245	29.921221015795687	129.5621549002442	25.55598835757676	-71.54572296142578	2026-05-19T01:17:02.300
1779124622400	34.50418241865229	29.933236170804495	129.5792564501561	25.566377686607463	-71.54572296142578	2026-05-19T01:17:02.400
1779124622500	34.52058436285776	29.946250332631724	129.59649699823098	25.577758601147544	-71.54572296142578	2026-05-19T01:17:02.500
1779124622600	34.53700708182832	29.95826554133978	129.61363564506465	25.58814499436481	-71.54572296142578	2026-05-19T01:17:02.600
1779124622700	34.55344539249463	29.970280785968864	129.6307886151368	25.598530349590195	-71.54572296142578	2026-05-19T01:17:02.700
1779124622800	34.56989634478713	29.982296039185446	129.64795308675914	25.608914920348873	-71.54572296142578	2026-05-19T01:17:02.800
1779124622900	34.58635698857606	29.994311294771535	129.66512624111272	25.61929898088429	-71.54572296142578	2026-05-19T01:17:02.900
1779124623000	34.60282437367737	30.00632656490406	129.68230526192372	25.629682823452853	-71.54572296142578	2026-05-19T01:17:03.000
1779124623100	34.61929617516048	30.01834183841622	129.6994879273727	25.640066657643438	-71.54572296142578	2026-05-19T01:17:03.100
1779124623200	34.63577256892389	30.030357113770375	129.71667440451816	25.65045046572829	-71.54572296142578	2026-05-19T01:17:03.200
1779124623300	34.65225435607218	30.042372394166758	129.73386545780536	25.660834175553514	-71.54572296142578	2026-05-19T01:17:03.300
1779124623400	34.66874233772776	30.054387676440502	129.75106185082439	25.6712177087125	-71.54572296142578	2026-05-19T01:17:03.400
1779124623500	34.68523731500632	30.06640296202104	129.76826434761554	25.681600991442004	-71.54572296142578	2026-05-19T01:17:03.500
1779124623600	34.70174008900065	30.078418264265245	129.78547371354264	25.691983961913138	-71.54572296142578	2026-05-19T01:17:03.600
1779124623700	34.71824923599155	30.091432545256286	129.8028096988016	25.703359739045855	-71.54572296142578	2026-05-19T01:17:03.700
1779124623800	34.734770007478836	30.103447858050604	129.82003508682368	25.71374183876804	-71.54572296142578	2026-05-19T01:17:03.800
1779124623900	34.751300979091305	30.115463178923765	129.8372696336709	25.724123392829338	-71.54572296142578	2026-05-19T01:17:03.900
1779124624000	34.76784295192325	30.127478527121067	129.85451410501665	25.734504345560197	-71.54572296142578	2026-05-19T01:17:04.000
1779124624100	34.78439655129664	30.139493878422055	129.87176909341218	25.744884614759233	-71.54572296142578	2026-05-19T01:17:04.100
1779124624200	34.800961698961764	30.151509246364757	129.88903452446178	25.75526422223477	-71.54572296142578	2026-05-19T01:17:04.200
1779124624300	34.81753591969718	30.16452360515772	129.90642911757882	25.76663640748461	-71.54572296142578	2026-05-19T01:17:04.300
1779124624400	34.83412340231294	30.17653900117793	129.92371469730296	25.77701476258406	-71.54572296142578	2026-05-19T01:17:04.400
1779124624500	34.85072167096098	30.18855440422476	129.94100998709268	25.787392521153787	-71.54572296142578	2026-05-19T01:17:04.500
1779124624600	34.86733047152869	30.200569821673238	129.9583147440794	25.797769715396967	-71.54572296142578	2026-05-19T01:17:04.600
1779124624700	34.883949549928396	30.212585249135802	129.97562872402358	25.808146365798716	-71.54572296142578	2026-05-19T01:17:04.700
1779124624800	34.90057643403761	30.225599678477685	129.9930706276897	25.81951573646848	-71.54572296142578	2026-05-19T01:17:04.800
1779124624900	34.91721530645576	30.237615121553667	130.01040231734717	25.82989137070737	-71.54572296142578	2026-05-19T01:17:04.900
1779124625000	34.93386369438044	30.249630587231263	130.0277425004682	25.840266548024026	-71.54572296142578	2026-05-19T01:17:05.000
1779124625100	34.95052142201748	30.261646058206246	130.0450910060686	25.85064126859588	-71.54572296142578	2026-05-19T01:17:05.100
1779124625200	34.967188626595224	30.273661541536715	130.06244796476705	25.861015527326987	-71.54572296142578	2026-05-19T01:17:05.200
1779124625300	34.98386552363428	30.285677034348176	130.07981358065047	25.87138930189182	-71.54572296142578	2026-05-19T01:17:05.300
1779124625400	35.000552328663886	30.297692530225365	130.09718805735685	25.881762566465802	-71.54572296142578	2026-05-19T01:17:05.400
1779124625500	35.01724704362585	30.31070702715001	130.1146905134815	25.893128557162303	-71.54572296142578	2026-05-19T01:17:05.500
1779124625600	35.03395431178902	30.32272254955177	130.1320833225622	25.903500765253092	-71.54572296142578	2026-05-19T01:17:05.600
1779124625700	35.05067213447153	30.3347380857251	130.14948560675907	25.91387241578958	-71.54572296142578	2026-05-19T01:17:05.700
1779124625800	35.06740072720018	30.346753632197277	130.16689756995095	25.924243485958737	-71.54572296142578	2026-05-19T01:17:05.800
1779124625900	35.08414030548574	30.358769193206204	130.18431941690716	25.934613960635417	-71.54572296142578	2026-05-19T01:17:05.900
1779124626000	35.10089108486057	30.37078476367145	130.20175135126044	25.944983815451323	-71.54572296142578	2026-05-19T01:17:06.000
1779124626100	35.11765314363932	30.382800345133454	130.21919344654813	25.95535304553206	-71.54572296142578	2026-05-19T01:17:06.100
1779124626200	35.13442601132031	30.39481593905027	130.23664525287953	25.965721697474155	-71.54572296142578	2026-05-19T01:17:06.200
1779124626300	35.15120908019574	30.406831546721612	130.25410618955408	25.976089830555043	-71.54572296142578	2026-05-19T01:17:06.300
1779124626400	35.16799953485152	30.41984614944001	130.27169454601943	25.987450754914818	-71.54572296142578	2026-05-19T01:17:06.400
1779124626500	35.18480118368099	30.43186176982112	130.2891719943443	25.99781801077949	-71.54572296142578	2026-05-19T01:17:06.500
1779124626600	35.20161121057117	30.44387740549548	130.30665683105155	26.00818492292329	-71.54572296142578	2026-05-19T01:17:06.600
1779124626700	35.21842900782766	30.455893046748475	130.32414847442595	26.018551539440566	-71.54572296142578	2026-05-19T01:17:06.700
1779124626800	35.23525396775638	30.467908682407646	130.3416463426528	26.028917906917876	-71.54572296142578	2026-05-19T01:17:06.800
1779124626900	35.2520832781047	30.480923330617994	130.35926870674498	26.04027737924827	-71.54572296142578	2026-05-19T01:17:06.900
1779124627000	35.26892074081632	30.492938981200904	130.37677728153295	26.050643448963967	-71.54572296142578	2026-05-19T01:17:07.000
1779124627100	35.28576401356422	30.504954633379356	130.3942907896321	26.06100940543318	-71.54572296142578	2026-05-19T01:17:07.100
1779124627200	35.30261263884229	30.5179692843015	130.41192972950674	26.07236836555749	-71.54572296142578	2026-05-19T01:17:07.200
1779124627300	35.31947323795337	30.52998495483388	130.42945853779963	26.082733579519502	-71.54572296142578	2026-05-19T01:17:07.300
1779124627400	35.336345823302594	30.54200063984739	130.4469981659341	26.093098116766743	-71.54572296142578	2026-05-19T01:17:07.400
1779124627500	35.35323040989763	30.555015346920136	130.46466954794616	26.10445506554867	-71.54572296142578	2026-05-19T01:17:07.500
1779124627600	35.370133615243915	30.567031060759852	130.48223714226222	26.114817631869776	-71.54572296142578	2026-05-19T01:17:07.600
1779124627700	35.38705545366911	30.579046803522385	130.49982188929903	26.125178917393082	-71.54572296142578	2026-05-19T01:17:07.700
1779124627800	35.40399814081532	30.591062576107692	130.517425899008	26.135538717301156	-71.54572296142578	2026-05-19T01:17:07.800
1779124627900	35.42096169439301	30.604077378581138	130.53517008426417	26.146890119249157	-71.54572296142578	2026-05-19T01:17:07.900
1779124628000	35.4379527266009	30.616093224936765	130.5528189440153	26.15724634724746	-71.54572296142578	2026-05-19T01:17:08.000
1779124628100	35.454970511312496	30.628109098136022	130.57049268555096	26.16760054031222	-71.54572296142578	2026-05-19T01:17:08.100
1779124628200	35.47201354809508	30.640125004348704	130.58818987675988	26.177952846886964	-71.54572296142578	2026-05-19T01:17:08.200
1779124628300	35.48907739803603	30.653139944002277	130.60602716011147	26.189296778139543	-71.54572296142578	2026-05-19T01:17:08.300
1779124628400	35.50616420869694	30.665155915409898	130.6237648223426	26.199645946999446	-71.54572296142578	2026-05-19T01:17:08.400
1779124628500	35.523269540495484	30.677171902980934	130.64151951013096	26.209993846721105	-71.54572296142578	2026-05-19T01:17:08.500
1779124628600	35.5403911497542	30.689187906583044	130.65928908332725	26.220340688101896	-71.54572296142578	2026-05-19T01:17:08.600
1779124628700	35.557526792763916	30.701203935743738	130.67707140320803	26.230686691323772	-71.54572296142578	2026-05-19T01:17:08.700
1779124628800	35.57467203399844	30.71421897452385	130.69498308538388	26.24202535788666	-71.54572296142578	2026-05-19T01:17:08.800
1779124628900	35.591829014160346	30.726235026469283	130.7127844710616	26.25237028943025	-71.54572296142578	2026-05-19T01:17:08.900
1779124629000	35.60899329701645	30.738251072993542	130.7305921818257	26.2627149828125	-71.54572296142578	2026-05-19T01:17:09.000
1779124629100	35.62616313754721	30.750267120465935	130.748404554861	26.27305960770453	-71.54572296142578	2026-05-19T01:17:09.100
1779124629200	35.643336596454475	30.763282192746278	130.76634056625892	26.284397478155164	-71.54572296142578	2026-05-19T01:17:09.200
1779124629300	35.66051880141755	30.77529823834624	130.7841634443911	26.29474184929941	-71.54572296142578	2026-05-19T01:17:09.300
1779124629400	35.677708311127496	30.787314301474805	130.8019926485721	26.305086007487677	-71.54572296142578	2026-05-19T01:17:09.400
1779124629500	35.694905874220154	30.79933037357854	130.8198288899357	26.31542987521123	-71.54572296142578	2026-05-19T01:17:09.500
1779124629600	35.71211005291237	30.8123454644434	130.8377915963707	26.326766712529594	-71.54572296142578	2026-05-19T01:17:09.600
1779124629700	35.72932596935659	30.824361545204695	130.85564404116957	26.337109784955537	-71.54572296142578	2026-05-19T01:17:09.700
1779124629800	35.74655218506646	30.836377630472285	130.87350565847981	26.347452355915333	-71.54572296142578	2026-05-19T01:17:09.800
1779124629900	35.76378726429554	30.849392745838077	130.89149586205232	26.35878770606896	-71.54572296142578	2026-05-19T01:17:09.900
1779124630000	35.78103632507857	30.861408867075436	130.90937795682984	26.369129096459798	-71.54572296142578	2026-05-19T01:17:10.000
1779124630100	35.79829768119816	30.87342498226704	130.9272711198914	26.379469792241338	-71.54572296142578	2026-05-19T01:17:10.100
1779124630200	35.81557083193544	30.88544112483113	130.9451748768969	26.389809874244115	-71.54572296142578	2026-05-19T01:17:10.200
1779124630300	35.832852845259204	30.898456287576447	130.96320718770943	26.401142736277183	-71.54572296142578	2026-05-19T01:17:10.300
1779124630400	35.8501473345109	30.910472443799634	130.98112997312344	26.411481763692652	-71.54572296142578	2026-05-19T01:17:10.400
1779124630500	35.867451366885966	30.922488612955725	130.99906120241002	26.421820375047755	-71.54572296142578	2026-05-19T01:17:10.500
1779124630600	35.88476419190403	30.934504778759827	131.0170001577122	26.43215862469192	-71.54572296142578	2026-05-19T01:17:10.600
1779124630700	35.902085059021715	30.9465209522274	131.0349461245097	26.442496594045156	-71.54572296142578	2026-05-19T01:17:10.700
1779124630800	35.91941103963165	30.959536158830158	131.05301703845248	26.45382771694385	-71.54572296142578	2026-05-19T01:17:10.800
1779124630900	35.93674574010873	30.971552339517938	131.07097487398707	26.464165330365482	-71.54572296142578	2026-05-19T01:17:10.900
1779124631000	35.95408623112096	30.9835685217081	131.08893757334627	26.47450286832227	-71.54572296142578	2026-05-19T01:17:11.000
1779124631100	35.97143226283448	30.9955847075802	131.1069048980584	26.484840356731727	-71.54572296142578	2026-05-19T01:17:11.100
1779124631200	35.98878341297943	31.008599918863585	131.124997144413	26.49617099978109	-71.54572296142578	2026-05-19T01:17:11.200
1779124631300	36.00614628647792	31.02061611927737	131.14297919525484	26.5065078659755	-71.54572296142578	2026-05-19T01:17:11.300
1779124631400	36.02352096107898	31.0326323250976	131.1609718286338	26.516844106481063	-71.54572296142578	2026-05-19T01:17:11.400
1779124631500	36.0409096904865	31.044648545218205	131.17897718961575	26.527179522499534	-71.54572296142578	2026-05-19T01:17:11.500
1779124631600	36.05831255598925	31.057663811757052	131.19711602818325	26.538507289410468	-71.54572296142578	2026-05-19T01:17:11.600
1779124631700	36.075736156904895	31.069680079449018	131.21515327111794	26.548840454941953	-71.54572296142578	2026-05-19T01:17:11.700
1779124631800	36.093180573870924	31.08169635736562	131.2332096714347	26.559172170393506	-71.54572296142578	2026-05-19T01:17:11.800
1779124631900	36.11064589027039	31.09471171032226	131.25140596488987	26.57049564915457	-71.54572296142578	2026-05-19T01:17:11.900
1779124632000	36.12813870126611	31.10672805876923	131.26950710766303	26.58082389596545	-71.54572296142578	2026-05-19T01:17:12.000
1779124632100	36.14565833846102	31.118744441701097	131.28763312344037	26.591150166808006	-71.54572296142578	2026-05-19T01:17:12.100
1779124632200	36.1632011318464	31.131759889433607	131.30590115101313	26.602467993352207	-71.54572296142578	2026-05-19T01:17:12.200
1779124632300	36.18076916549585	31.143776331102405	131.32407189326275	26.61279079605604	-71.54572296142578	2026-05-19T01:17:12.300
1779124632400	36.19835801752814	31.1557927918156	131.34226178062224	26.62311216878046	-71.54572296142578	2026-05-19T01:17:12.400
1779124632500	36.215965434898024	31.167809285974176	131.36046866838558	26.633432335660427	-71.54572296142578	2026-05-19T01:17:12.500
1779124632600	36.233586999370644	31.180824831324244	131.37880895513155	26.644744890983684	-71.54572296142578	2026-05-19T01:17:12.600
1779124632700	36.251224789181336	31.192841343827247	131.39704339300542	26.655063228100612	-71.54572296142578	2026-05-19T01:17:12.700
1779124632800	36.268874385254904	31.20485787641112	131.41528839213973	26.66538097415297	-71.54572296142578	2026-05-19T01:17:12.800
1779124632900	36.286531371494185	31.217873457178772	131.43366033468936	26.67669173795653	-71.54572296142578	2026-05-19T01:17:12.900
1779124633000	36.30419782173953	31.22988999445359	131.45192000972148	26.68700889473426	-71.54572296142578	2026-05-19T01:17:13.000
1779124633100	36.32186981920377	31.241906533716204	131.47018428474317	26.69732602233732	-71.54572296142578	2026-05-19T01:17:13.100
1779124633200	36.33954545052472	31.25492211127514	131.48857190405005	26.708636511567672	-71.54572296142578	2026-05-19T01:17:13.200
1779124633300	36.357229785784725	31.266938653626855	131.50684655155226	26.718953468911057	-71.54572296142578	2026-05-19T01:17:13.300
1779124633400	36.37491925157356	31.279954242143475	131.52524595301472	26.730263662511	-71.54572296142578	2026-05-19T01:17:13.400
1779124633500	36.392618915104414	31.291970787055536	131.54353381391468	26.740580176300575	-71.54572296142578	2026-05-19T01:17:13.500
1779124633600	36.41032736381055	31.303987342520784	131.56182935124448	26.750896374597037	-71.54572296142578	2026-05-19T01:17:13.600
1779124633700	36.428043188129536	31.317002947172035	131.58025175408744	26.762205613011098	-71.54572296142578	2026-05-19T01:17:13.700
1779124633800	36.445771450839665	31.329019519359274	131.59856476650677	26.772520973855055	-71.54572296142578	2026-05-19T01:17:13.800
1779124633900	36.46350858590377	31.34203513846261	131.61700605170293	26.78382924016925	-71.54572296142578	2026-05-19T01:17:13.900
1779124634000	36.48125965316281	31.354051727900583	131.6353393782777	26.794143492886946	-71.54572296142578	2026-05-19T01:17:14.000
1779124634100	36.49902299631854	31.36606832304202	131.6536836941742	26.80445710903144	-71.54572296142578	2026-05-19T01:17:14.100
1779124634200	36.516795972148174	31.379083980798253	131.67215698191634	26.81576358476999	-71.54572296142578	2026-05-19T01:17:14.200
1779124634300	36.534582151284525	31.391100595720797	131.69052163312998	26.826076098862934	-71.54572296142578	2026-05-19T01:17:14.300
1779124634400	36.552378642280566	31.403117219449815	131.708895401705	26.836388163141493	-71.54572296142578	2026-05-19T01:17:14.400
1779124634500	36.57018470798888	31.41513384004872	131.7272775838551	26.84669983439455	-71.54572296142578	2026-05-19T01:17:14.500
1779124634600	36.587997460691525	31.42814952678346	131.74578590165873	26.858004650272356	-71.54572296142578	2026-05-19T01:17:14.600
1779124634700	36.60582046500655	31.440166165188472	131.7641827997709	26.868315766791007	-71.54572296142578	2026-05-19T01:17:14.700
1779124634800	36.623650832493865	31.452182800853624	131.78258600493615	26.878626696191002	-71.54572296142578	2026-05-19T01:17:14.800
1779124634900	36.64148567770297	31.465198494451254	131.80111321860807	26.88993097239981	-71.54572296142578	2026-05-19T01:17:14.900
1779124635000	36.65932856071333	31.477215137280176	131.81952692613535	26.90024174683534	-71.54572296142578	2026-05-19T01:17:15.000
1779124635100	36.677177085079244	31.489231778139775	131.8379453007342	26.910552494853928	-71.54572296142578	2026-05-19T01:17:15.100
1779124635200	36.695030816403026	31.502247471376286	131.85648835138764	26.92185652457372	-71.54572296142578	2026-05-19T01:17:15.200
1779124635300	36.71289624874215	31.51426412170108	131.87492139870395	26.93216672142403	-71.54572296142578	2026-05-19T01:17:15.300
1779124635400	36.73077129223709	31.527279831048787	131.89348329320475	26.943469808335575	-71.54572296142578	2026-05-19T01:17:15.400
1779124635500	36.74866243797036	31.53929650136776	131.91193938011233	26.953778661748004	-71.54572296142578	2026-05-19T01:17:15.500
1779124635600	36.76656974206387	31.551313189107802	131.9304101278327	26.964086549512782	-71.54572296142578	2026-05-19T01:17:15.600
1779124635700	36.78449326371332	31.564328950393406	131.94901597651366	26.97538674622866	-71.54572296142578	2026-05-19T01:17:15.700
1779124635800	36.80243948946897	31.57634568399943	131.96752231097102	26.98569211567807	-71.54572296142578	2026-05-19T01:17:15.800
1779124635900	36.82040633712016	31.589361489308807	131.98616791321828	26.996989396374577	-71.54572296142578	2026-05-19T01:17:15.900
1779124636000	36.838400290185525	31.601378273234452	132.0047181946946	27.007291453891	-71.54572296142578	2026-05-19T01:17:16.000
1779124636100	36.8564206989752	31.613395086604793	132.02329291375884	27.017591625009846	-71.54572296142578	2026-05-19T01:17:16.100
1779124636200	36.874464078187145	31.6264109890723	132.04200910293832	27.028883521740916	-71.54572296142578	2026-05-19T01:17:16.200
1779124636300	36.89253264870702	31.638427866342276	132.06062816633482	27.03918036755026	-71.54572296142578	2026-05-19T01:17:16.300
1779124636400	36.91062221479753	31.650444755268182	132.07926646760185	27.04947581448104	-71.54572296142578	2026-05-19T01:17:16.400
1779124636500	36.92872858376002	31.66346073122192	132.09804034576445	27.060763559639	-71.54572296142578	2026-05-19T01:17:16.500
1779124636600	36.94685397182409	31.675477657842464	132.11671124626739	27.07105679348082	-71.54572296142578	2026-05-19T01:17:16.600
1779124636700	36.96499418548562	31.68749460524069	132.13539551600584	27.08134920566987	-71.54572296142578	2026-05-19T01:17:16.700
1779124636800	36.98314716811065	31.699511555988096	132.1540911968958	27.091640967821522	-71.54572296142578	2026-05-19T01:17:16.800
1779124636900	37.001308730146384	31.712527573416647	132.17291459754094	27.10292577122615	-71.54572296142578	2026-05-19T01:17:16.900
1779124637000	37.01948108144011	31.724544535357428	132.19162722616775	27.113216805524296	-71.54572296142578	2026-05-19T01:17:17.000
1779124637100	37.03766037677357	31.736561502316427	132.2103457275894	27.123507725516507	-71.54572296142578	2026-05-19T01:17:17.100
1779124637200	37.05584415471639	31.749577527188258	132.22918802717646	27.13479205953854	-71.54572296142578	2026-05-19T01:17:17.200
1779124637300	37.074036691254136	31.76159449426176	132.24791764640744	27.145082804014343	-71.54572296142578	2026-05-19T01:17:17.300
1779124637400	37.09223374035988	31.774610524389125	132.26677107508684	27.156366969947715	-71.54572296142578	2026-05-19T01:17:17.400
1779124637500	37.110439574908455	31.786627488930442	132.28551186163827	27.166657533930195	-71.54572296142578	2026-05-19T01:17:17.500
1779124637600	37.128652079370625	31.79864444616108	132.30425825392823	27.17694799988064	-71.54572296142578	2026-05-19T01:17:17.600
1779124637700	37.14686914135112	31.811660482674668	132.32312847238973	27.188231906977702	-71.54572296142578	2026-05-19T01:17:17.700
1779124637800	37.16509502900289	31.823677448126347	132.34188610799072	27.19852219963872	-71.54572296142578	2026-05-19T01:17:17.800
1779124637900	37.183325504187984	31.836693476643454	132.3607675782959	27.20980591967231	-71.54572296142578	2026-05-19T01:17:17.900
1779124638000	37.20156483184319	31.848710445075262	132.37953650636072	27.22009603152678	-71.54572296142578	2026-05-19T01:17:18.000
1779124638100	37.21981123139045	31.860727412554088	132.39831141754058	27.230386018712295	-71.54572296142578	2026-05-19T01:17:18.100
1779124638200	37.2380642494183	31.873743446647374	132.4172120642999	27.24166926004673	-71.54572296142578	2026-05-19T01:17:18.200
1779124638300	37.25633013203543	31.88576042022214	132.4360040006883	27.251958525210146	-71.54572296142578	2026-05-19T01:17:18.300
1779124638400	37.27460663502201	31.89877647825338	132.454925456194	27.263240704550423	-71.54572296142578	2026-05-19T01:17:18.400
1779124638500	37.29290000135507	31.910793479680017	132.47374201200134	27.273528547276385	-71.54572296142578	2026-05-19T01:17:18.500
1779124638600	37.311210109449654	31.922810480509018	132.49257372623129	27.28381539320713	-71.54572296142578	2026-05-19T01:17:18.600
1779124638700	37.329536840869	31.93582658579967	132.5115406307556	27.295094638349912	-71.54572296142578	2026-05-19T01:17:18.700
1779124638800	37.34788643380629	31.94784364143707	132.5304083510136	27.30537900885978	-71.54572296142578	2026-05-19T01:17:18.800
1779124638900	37.36625665212682	31.960859794187744	132.54941503901935	27.31665541579063	-71.54572296142578	2026-05-19T01:17:18.900
1779124639000	37.38465373082479	31.97287689107932	132.56832634989792	27.32693657974972	-71.54572296142578	2026-05-19T01:17:19.000
1779124639100	37.4030768851079	31.98489402119618	132.58726167266175	27.33721594391202	-71.54572296142578	2026-05-19T01:17:19.100
1779124639200	37.42152266466978	31.997910257056258	132.6063378278396	27.348487184072773	-71.54572296142578	2026-05-19T01:17:19.200
1779124639300	37.439993296374155	32.009927432873134	132.62531671640426	27.35876335997196	-71.54572296142578	2026-05-19T01:17:19.300
1779124639400	37.45848254892083	32.022943723046644	132.6444326142771	27.37003179092099	-71.54572296142578	2026-05-19T01:17:19.400
1779124639500	37.47699053385024	32.03596001994978	132.66356552166548	27.38129907261301	-71.54572296142578	2026-05-19T01:17:19.500
1779124639600	37.495517359387335	32.04797725190276	132.6825954725974	27.391571829124096	-71.54572296142578	2026-05-19T01:17:19.600
1779124639700	37.51405679909439	32.060993581208336	132.7017566973871	27.402837377847128	-71.54572296142578	2026-05-19T01:17:19.700
1779124639800	37.53261107165801	32.07301083593611	132.72081117402936	27.41310875330535	-71.54572296142578	2026-05-19T01:17:19.800
1779124639900	37.55117395390116	32.08602718417071	132.7399931022732	27.42437328548056	-71.54572296142578	2026-05-19T01:17:19.900
1779124640000	37.56974766122771	32.09804443694333	132.75906449057163	27.43464398421795	-71.54572296142578	2026-05-19T01:17:20.000
1779124640100	37.588328414815116	32.11006170410327	132.77814180452995	27.44491460157014	-71.54572296142578	2026-05-19T01:17:20.100
1779124640200	37.606913775221635	32.123078044218424	132.79734273736753	27.45617872522032	-71.54572296142578	2026-05-19T01:17:20.200
1779124640300	37.62550795662508	32.13509530584815	132.81643125454443	27.466449209920597	-71.54572296142578	2026-05-19T01:17:20.300
1779124640400	37.64410674804966	32.14811164664785	132.83564337446606	27.477713212101577	-71.54572296142578	2026-05-19T01:17:20.400
1779124640500	37.66271436036692	32.16012890775536	132.85474309410827	27.48798357180211	-71.54572296142578	2026-05-19T01:17:20.500
1779124640600	37.68132868890617	32.172146155476376	132.87384841754002	27.49825385600843	-71.54572296142578	2026-05-19T01:17:20.600
1779124640700	37.6999476322797	32.18516250138486	132.8930773194423	27.509517684178494	-71.54572296142578	2026-05-19T01:17:20.700
1779124640800	37.718575396381645	32.19717975477562	132.91219384406313	27.519787853556718	-71.54572296142578	2026-05-19T01:17:20.800
1779124640900	37.73720777856821	32.210196094798064	132.9314339287037	27.53105156043281	-71.54572296142578	2026-05-19T01:17:20.900
1779124641000	37.755848981363904	32.22221334330683	132.9505616519073	27.541321607171714	-71.54572296142578	2026-05-19T01:17:21.000
1779124641100	37.774497237481334	32.23423059199326	132.96969529500046	27.551591565253702	-71.54572296142578	2026-05-19T01:17:21.100
1779124641200	37.793152116018774	32.24724693202913	132.98895436853167	27.562854893208705	-71.54572296142578	2026-05-19T01:17:21.200
1779124641300	37.81181981390299	32.259264188134686	133.0081048995168	27.573124205349927	-71.54572296142578	2026-05-19T01:17:21.300
1779124641400	37.83049813639198	32.272280551194186	133.02738463809766	27.584386548723973	-71.54572296142578	2026-05-19T01:17:21.400
1779124641500	37.84919327712427	32.28429781809573	133.046559640739	27.594654503001436	-71.54572296142578	2026-05-19T01:17:21.500
1779124641600	37.86790304470359	32.29731420226144	133.06586762626483	27.605915145520143	-71.54572296142578	2026-05-19T01:17:21.600
1779124641700	37.88663153567132	32.310330606723085	133.08519257530423	27.617174680887437	-71.54572296142578	2026-05-19T01:17:21.700
1779124641800	37.90538284324258	32.322347930627785	133.10441849941319	27.627439302714887	-71.54572296142578	2026-05-19T01:17:21.800
1779124641900	37.92415478113112	32.33536436854798	133.12378306576878	27.638696081367097	-71.54572296142578	2026-05-19T01:17:21.900
1779124642000	37.94295353454907	32.34738173880237	133.14305241438134	27.648957600412345	-71.54572296142578	2026-05-19T01:17:22.000
1779124642100	37.96177834593701	32.35939913437197	133.16234569072455	27.65921736294825	-71.54572296142578	2026-05-19T01:17:22.100
1779124642200	37.98062580113823	32.37241565151425	133.1817794812735	27.670469121757208	-71.54572296142578	2026-05-19T01:17:22.200
1779124642300	37.99949809008655	32.38443310711041	133.2011161960126	27.680725805778273	-71.54572296142578	2026-05-19T01:17:22.300
1779124642400	38.01838904507568	32.39744966639919	133.2205896260152	27.691974833336577	-71.54572296142578	2026-05-19T01:17:22.400
1779124642500	38.03730085257038	32.409467145486495	133.23996221688648	27.702229124574938	-71.54572296142578	2026-05-19T01:17:22.500
1779124642600	38.05622943420589	32.42148463770651	133.25934991743813	27.712482490040305	-71.54572296142578	2026-05-19T01:17:22.600
1779124642700	38.07517071511546	32.43450124100796	133.27886863953475	27.723728752363552	-71.54572296142578	2026-05-19T01:17:22.700
1779124642800	38.09412687652817	32.44651874907113	133.29828088252944	27.733980797182465	-71.54572296142578	2026-05-19T01:17:22.800
1779124642900	38.11309175931765	32.45953537169158	133.31782035297576	27.745226105157126	-71.54572296142578	2026-05-19T01:17:22.900
1779124643000	38.1320675412559	32.47155287819141	133.33724958388802	27.7554775295968	-71.54572296142578	2026-05-19T01:17:23.000
1779124643100	38.1510504711047	32.48357039612987	133.35668478985588	27.76572889465883	-71.54572296142578	2026-05-19T01:17:23.100
1779124643200	38.170038092785525	32.49658700613513	133.37624336599697	27.776973869914766	-71.54572296142578	2026-05-19T01:17:23.200
1779124643300	38.189034515959094	32.50860451507364	133.3956897431838	27.787225160699766	-71.54572296142578	2026-05-19T01:17:23.300
1779124643400	38.208035527564746	32.52162112636691	133.41525937165125	27.798470086685327	-71.54572296142578	2026-05-19T01:17:23.400
1779124643500	38.22704523378322	32.533638631060555	133.43471671689636	27.808721329766705	-71.54572296142578	2026-05-19T01:17:23.500
1779124643600	38.24605942507365	32.54665523089146	133.4542971924055	27.81996621563054	-71.54572296142578	2026-05-19T01:17:23.600
1779124643700	38.26508220406975	32.558672729104046	133.47376530177763	27.83021743058387	-71.54572296142578	2026-05-19T01:17:23.700
1779124643800	38.284109364742726	32.57168933369467	133.49335642251185	27.841462314244502	-71.54572296142578	2026-05-19T01:17:23.800
1779124643900	38.303145006248926	32.583706822413724	133.51283509204188	27.85171351982848	-71.54572296142578	2026-05-19T01:17:23.900
1779124644000	38.322184926061354	32.5967234185872	133.5324366527748	27.86295840992053	-71.54572296142578	2026-05-19T01:17:24.000
1779124644100	38.34123152250366	32.60974001587155	133.55204370947038	27.874203284120476	-71.54572296142578	2026-05-19T01:17:24.100
1779124644200	38.36028869238786	32.621757498625044	133.5715403238795	27.88445429128667	-71.54572296142578	2026-05-19T01:17:24.200
1779124644300	38.37935449140247	32.63477409871789	133.59116392032246	27.89569861345044	-71.54572296142578	2026-05-19T01:17:24.300
1779124644400	38.39843526286554	32.64679159007877	133.61068126061062	27.905948680419037	-71.54572296142578	2026-05-19T01:17:24.400
1779124644500	38.417529066027456	32.65980821378864	133.63032973212404	27.91719169166917	-71.54572296142578	2026-05-19T01:17:24.500
1779124644600	38.436642240703236	32.671825724714	133.64987613134227	27.92744005077451	-71.54572296142578	2026-05-19T01:17:24.600
1779124644700	38.45577284972477	32.68484237014454	133.66955780806026	27.93868097169902	-71.54572296142578	2026-05-19T01:17:24.700
1779124644800	38.474927229312904	32.69685992281278	133.68914159809518	27.948926868485398	-71.54572296142578	2026-05-19T01:17:24.800
1779124644900	38.494103445933575	32.70987661869081	133.7088648112333	27.960164952187753	-71.54572296142578	2026-05-19T01:17:24.900
1779124645000	38.513307832261205	32.72189421683514	133.7284943193056	27.970407615916187	-71.54572296142578	2026-05-19T01:17:25.000
1779124645100	38.53253969933294	32.73391184379514	133.74814903486367	27.980648451507534	-71.54572296142578	2026-05-19T01:17:25.100
1779124645200	38.551795070444356	32.74692860486522	133.76794470919762	27.991881330254337	-71.54572296142578	2026-05-19T01:17:25.200
1779124645300	38.57107533557647	32.75894627418686	133.78764359972982	28.002119087177125	-71.54572296142578	2026-05-19T01:17:25.300
1779124645400	38.590373633129985	32.771963079036524	133.80747823946623	28.013349383323607	-71.54572296142578	2026-05-19T01:17:25.400
1779124645500	38.60969134943214	32.7839807831763	133.8272109247752	28.02358503480986	-71.54572296142578	2026-05-19T01:17:25.500
1779124645600	38.62902162653051	32.7969976048918	133.8470741487911	28.034813701069012	-71.54572296142578	2026-05-19T01:17:25.600
1779124645700	38.64836584703327	32.80901532114027	133.86683024997194	28.045048202724235	-71.54572296142578	2026-05-19T01:17:25.700
1779124645800	38.667717156633216	32.822032149235376	133.88671168220094	28.056276205594017	-71.54572296142578	2026-05-19T01:17:25.800
1779124645900	38.687076934253994	32.83404985612036	133.90648082358166	28.066510511697583	-71.54572296142578	2026-05-19T01:17:25.900
1779124646000	38.70643832919938	32.84706668030459	133.92637009111309	28.077738815304773	-71.54572296142578	2026-05-19T01:17:26.000
1779124646100	38.72580157402843	32.860083487095956	133.9462602450425	28.088967538705177	-71.54572296142578	2026-05-19T01:17:26.100
1779124646200	38.745170545425836	32.87210116414828	133.96603554044353	28.099202795251486	-71.54572296142578	2026-05-19T01:17:26.200
1779124646300	38.76454386987906	32.88511796749459	133.9859335190499	28.11043182373621	-71.54572296142578	2026-05-19T01:17:26.300
1779124646400	38.78392838889003	32.897135646194194	134.00572183659673	28.12066690357059	-71.54572296142578	2026-05-19T01:17:26.400
1779124646500	38.80332273269087	32.91015244960759	134.02563799270064	28.1318952756019	-71.54572296142578	2026-05-19T01:17:26.500
1779124646600	38.822733739079965	32.922170138151856	134.04544968430798	28.14212922313037	-71.54572296142578	2026-05-19T01:17:26.600
1779124646700	38.84216004202935	32.93518696247335	134.0653943696074	28.153355996996858	-71.54572296142578	2026-05-19T01:17:26.700
1779124646800	38.86160847566709	32.94720467180026	134.0852397843904	28.16358786194407	-71.54572296142578	2026-05-19T01:17:26.800
1779124646900	38.88107767769287	32.960221531354996	134.10522334664782	28.174812092056733	-71.54572296142578	2026-05-19T01:17:26.900
1779124647000	38.9005744785311	32.97223928725001	134.12511283233422	28.185040941521905	-71.54572296142578	2026-05-19T01:17:27.000
1779124647100	38.920098744108174	32.98425706614239	134.14502746054765	28.195267995751955	-71.54572296142578	2026-05-19T01:17:27.100
1779124647200	38.93964706048413	32.997274002980625	134.16508329924693	28.206487146694393	-71.54572296142578	2026-05-19T01:17:27.200
1779124647300	38.95922132693398	33.009291830160976	134.18504352568266	28.216711057649537	-71.54572296142578	2026-05-19T01:17:27.300
1779124647400	38.97881526513505	33.022308810154506	134.20514078839588	28.227927455632432	-71.54572296142578	2026-05-19T01:17:27.400
1779124647500	38.998430770579155	33.03432666132667	134.22513830610046	28.238148981261137	-71.54572296142578	2026-05-19T01:17:27.500
1779124647600	39.01806156868569	33.04734366293126	134.24526868723774	28.24936338595392	-71.54572296142578	2026-05-19T01:17:27.600
1779124647700	39.03770955112042	33.059361531385974	134.2652951938118	28.259583299626875	-71.54572296142578	2026-05-19T01:17:27.700
1779124647800	39.05736844710098	33.0723785435177	134.2854503915381	28.270796479023446	-71.54572296142578	2026-05-19T01:17:27.800
1779124647900	39.077040144429525	33.084396424570706	134.30549758731652	28.28101555404293	-71.54572296142578	2026-05-19T01:17:27.900
1779124648000	39.096718376158044	33.09741343804921	134.3256693025543	28.292228275939575	-71.54572296142578	2026-05-19T01:17:28.000
1779124648100	39.11640335803784	33.11043044901544	134.34584650811718	28.303441025278104	-71.54572296142578	2026-05-19T01:17:28.100
1779124648200	39.136096772559824	33.12244831821152	134.36591160731504	28.313660040559775	-71.54572296142578	2026-05-19T01:17:28.200
1779124648300	39.15579456427456	33.13546531188507	134.38609914601983	28.324872893601572	-71.54572296142578	2026-05-19T01:17:28.300
1779124648400	39.17550081714778	33.14748317870394	134.40617462859282	28.335092022138177	-71.54572296142578	2026-05-19T01:17:28.400
1779124648500	39.195211479630125	33.160500163081814	134.42637255443492	28.34630498460331	-71.54572296142578	2026-05-19T01:17:28.500
1779124648600	39.214928600799574	33.17351715506325	134.44657569019745	28.35751801415291	-71.54572296142578	2026-05-19T01:17:28.600
1779124648700	39.23465422602464	33.18553498989588	134.46666683804384	28.367737281192674	-71.54572296142578	2026-05-19T01:17:28.700
1779124648800	39.25438430940603	33.19855196354141	134.48688043940112	28.378950407858348	-71.54572296142578	2026-05-19T01:17:28.800
1779124648900	39.27412292533333	33.21056980247396	134.50698210416397	28.389169789049525	-71.54572296142578	2026-05-19T01:17:28.900
1779124649000	39.29386603184849	33.223586772150846	134.52720622579986	28.400383024932957	-71.54572296142578	2026-05-19T01:17:29.000
1779124649100	39.313616025719554	33.236603732398486	134.5474359548458	28.411596277326762	-71.54572296142578	2026-05-19T01:17:29.100
1779124649200	39.33337670963175	33.248621547504804	134.56755581791282	28.421815580679095	-71.54572296142578	2026-05-19T01:17:29.200
1779124649300	39.35314616202476	33.26163851172931	134.58780214658086	28.433028391201987	-71.54572296142578	2026-05-19T01:17:29.300
1779124649400	39.37293056231832	33.27365633364967	134.60794265716248	28.443246880299895	-71.54572296142578	2026-05-19T01:17:29.400
1779124649500	39.392727992874114	33.28667331017554	134.62821363601202	28.454458515751874	-71.54572296142578	2026-05-19T01:17:29.500
1779124649600	39.4125446292292	33.29869114637087	134.6483828434668	28.46467545756324	-71.54572296142578	2026-05-19T01:17:29.600
1779124649700	39.43237855766984	33.31170814760278	134.66868652102468	28.47588519088461	-71.54572296142578	2026-05-19T01:17:29.700
1779124649800	39.45223594983468	33.32372601550094	134.68889247339845	28.486099864375415	-71.54572296142578	2026-05-19T01:17:29.800
1779124649900	39.47211489597593	33.336743051795416	134.70923689543247	28.497306968562302	-71.54572296142578	2026-05-19T01:17:29.900
1779124650000	39.492021563816635	33.34876095416342	134.72948763656342	28.507518640212126	-71.54572296142578	2026-05-19T01:17:30.000
1779124650100	39.51195528858758	33.36077888468483	134.74976306228436	28.517728613011244	-71.54572296142578	2026-05-19T01:17:30.100
1779124650200	39.53191230815404	33.37379598595594	134.77017855519563	28.52893088096399	-71.54572296142578	2026-05-19T01:17:30.200
1779124650300	39.55189413210768	33.385813951239854	134.79049763810076	28.5391379700996	-71.54572296142578	2026-05-19T01:17:30.300
1779124650400	39.571894208544585	33.3988310797159	134.81095198941304	28.550337796368254	-71.54572296142578	2026-05-19T01:17:30.400
1779124650500	39.59191404301725	33.41084907195112	134.83130518053352	28.560542883863857	-71.54572296142578	2026-05-19T01:17:30.500
1779124650600	39.61194708761436	33.42386622149287	134.85178884273657	28.571741150923472	-71.54572296142578	2026-05-19T01:17:30.600
1779124650700	39.6319948438605	33.43588422187035	134.87216659473748	28.58194510540356	-71.54572296142578	2026-05-19T01:17:30.700
1779124650800	39.6520507678493	33.448901362871034	134.89267002053958	28.593142669915952	-71.54572296142578	2026-05-19T01:17:30.800
1779124650900	39.67211635700775	33.4609193583061	134.9130627896884	28.603346363226	-71.54572296142578	2026-05-19T01:17:30.900
1779124651000	39.69218507143093	33.47393650234656	134.93357643959516	28.61454412034044	-71.54572296142578	2026-05-19T01:17:31.000
1779124651100	39.712257143083875	33.48695361921798	134.95409231969438	28.625742212011605	-71.54572296142578	2026-05-19T01:17:31.100
1779124651200	39.73233577918503	33.49897158975591	134.97449464746256	28.63594669720057	-71.54572296142578	2026-05-19T01:17:31.200
1779124651300	39.752418914916255	33.51198870364078	134.99501911324293	28.647145130016412	-71.54572296142578	2026-05-19T01:17:31.300
1779124651400	39.77251250671862	33.52400665462778	135.0154337256911	28.65734959827513	-71.54572296142578	2026-05-19T01:17:31.400
1779124651500	39.792614493797814	33.53702376059447	135.03597412955824	28.668547693310085	-71.54572296142578	2026-05-19T01:17:31.500
1779124651600	39.81272882726855	33.55004087704759	135.05652525526946	28.679745382736986	-71.54572296142578	2026-05-19T01:17:31.600
1779124651700	39.832859454272246	33.56205883688182	135.0769720767257	28.689948603303975	-71.54572296142578	2026-05-19T01:17:31.700
1779124651800	39.8530043201163	33.57507595586925	135.09755016682684	28.701144957956434	-71.54572296142578	2026-05-19T01:17:31.800
1779124651900	39.873169371139134	33.58709393327796	135.11802765282673	28.71134651950976	-71.54572296142578	2026-05-19T01:17:31.900
1779124652000	39.89335255677527	33.6001110785573	135.138640057259	28.722540893860792	-71.54572296142578	2026-05-19T01:17:32.000
1779124652100	39.91355762329209	33.61312824006419	135.1592721792575	28.73373404921613	-71.54572296142578	2026-05-19T01:17:32.100
1779124652200	39.93378751355785	33.625146257372144	135.17980810897697	28.743932005894568	-71.54572296142578	2026-05-19T01:17:32.200
1779124652300	39.954038984104216	33.63816345151316	135.20048216495914	28.75512249897649	-71.54572296142578	2026-05-19T01:17:32.300
1779124652400	39.974314778974424	33.65118066455766	135.22117823727822	28.76631157096334	-71.54572296142578	2026-05-19T01:17:32.400
1779124652500	39.99461763812478	33.663198733286	135.24178026330517	28.77650525044063	-71.54572296142578	2026-05-19T01:17:32.500
1779124652600	40.014944324261066	33.676215985460885	135.2625224888642	28.78769129265418	-71.54572296142578	2026-05-19T01:17:32.600
1779124652700	40.03529956834403	33.68823409895682	135.28317209995558	28.79788181924987	-71.54572296142578	2026-05-19T01:17:32.700
1779124652800	40.05568013726964	33.70125139793014	135.30396329086932	28.809064590986655	-71.54572296142578	2026-05-19T01:17:32.800
1779124652900	40.07609075784618	33.71326954728297	135.3246632970066	28.81925170787828	-71.54572296142578	2026-05-19T01:17:32.900
1779124653000	40.0965282011349	33.72628689162564	135.3455062634018	28.830430960176066	-71.54572296142578	2026-05-19T01:17:33.000
1779124653100	40.11699425636232	33.73930425840181	135.3663752703802	28.841608442936266	-71.54572296142578	2026-05-19T01:17:33.100
1779124653200	40.13748691811501	33.751322479664495	135.38714986995345	28.851790574391252	-71.54572296142578	2026-05-19T01:17:33.200
1779124653300	40.1579972781252	33.764339867611916	135.40805875982076	28.86296561680593	-71.54572296142578	2026-05-19T01:17:33.300
1779124653400	40.17852436693808	33.77635810230813	135.42886393813475	28.873146153194902	-71.54572296142578	2026-05-19T01:17:33.400
1779124653500	40.19906126201211	33.78837632698668	135.44967741521324	28.883326516271744	-71.54572296142578	2026-05-19T01:17:33.500
1779124653600	40.21960104502962	33.801393715857664	135.47061115055305	28.894501078109716	-71.54572296142578	2026-05-19T01:17:33.600
1779124653700	40.24014274009964	33.81341190643355	135.4914272211605	28.904682363807236	-71.54572296142578	2026-05-19T01:17:33.700
1779124653800	40.26067744942695	33.82642926199406	135.5123541999132	28.915858706079334	-71.54572296142578	2026-05-19T01:17:33.800
1779124653900	40.281204192826465	33.838447403188134	135.53315421646366	28.926042602904438	-71.54572296142578	2026-05-19T01:17:33.900
1779124654000	40.30171407675436	33.85146467977806	135.55405579044537	28.93722238137833	-71.54572296142578	2026-05-19T01:17:34.000
1779124654100	40.32220612759999	33.864481916648735	135.57493954121801	28.948404344162963	-71.54572296142578	2026-05-19T01:17:34.100
1779124654200	40.342687311819276	33.87649995918073	135.5956936393662	28.95859412106184	-71.54572296142578	2026-05-19T01:17:34.200
1779124654300	40.363160658787166	33.88951713594563	135.61655777157415	28.969779005384318	-71.54572296142578	2026-05-19T01:17:34.300
1779124654400	40.38363709407408	33.901535131042465	135.63730545178413	28.9799705096833	-71.54572296142578	2026-05-19T01:17:34.400
1779124654500	40.40411965136841	33.91455229049459	135.65817631365869	28.99115595547034	-71.54572296142578	2026-05-19T01:17:34.500
1779124654600	40.424617282279605	33.9275694527882	135.67906041168607	29.002340795770518	-71.54572296142578	2026-05-19T01:17:34.600
1779124654700	40.44513893420892	33.93958745881136	135.6998478505463	29.012530477906527	-71.54572296142578	2026-05-19T01:17:34.700
1779124654800	40.465687647334335	33.952604658202034	135.72077818355595	29.023712343189437	-71.54572296142578	2026-05-19T01:17:34.800
1779124654900	40.48627433676045	33.96462272242774	135.7416250488678	29.033897873443642	-71.54572296142578	2026-05-19T01:17:34.900
1779124655000	40.5069020470696	33.97763999280389	135.7626279428855	29.04507441263389	-71.54572296142578	2026-05-19T01:17:35.000
1779124655100	40.527577738591155	33.99065731391874	135.78367510726306	29.056247583438648	-71.54572296142578	2026-05-19T01:17:35.100
1779124655200	40.54830042293366	34.002675513326736	135.8046473388218	29.066423664492063	-71.54572296142578	2026-05-19T01:17:35.200
1779124655300	40.56906123454473	34.01569291115856	135.82577280827613	29.077591015630418	-71.54572296142578	2026-05-19T01:17:35.300
1779124655400	40.58985916103567	34.027711180722335	135.84681404508515	29.08776212107788	-71.54572296142578	2026-05-19T01:17:35.400
1779124655500	40.610685341210264	34.0407286356971	135.86799916492518	29.098925342286467	-71.54572296142578	2026-05-19T01:17:35.500
1779124655600	40.631536799326405	34.05374610937185	135.88920710949787	29.110087129227274	-71.54572296142578	2026-05-19T01:17:35.600
1779124655700	40.65241055526634	34.06576441759874	135.9103168735297	29.120253904629752	-71.54572296142578	2026-05-19T01:17:35.700
1779124655800	40.67329775428519	34.0787819080345	135.93155649633874	29.131414075770437	-71.54572296142578	2026-05-19T01:17:35.800
1779124655900	40.69419737291739	34.09080021441309	135.95268864552858	29.14158006103514	-71.54572296142578	2026-05-19T01:17:35.900
1779124656000	40.715100560807294	34.10381768978741	135.97394130547102	29.15274028118432	-71.54572296142578	2026-05-19T01:17:36.000
1779124656100	40.73600528425722	34.116835152526654	135.99519438330418	29.16390107548138	-71.54572296142578	2026-05-19T01:17:36.100
1779124656200	40.75691329581747	34.12885341616604	136.01633141586552	29.174068444668894	-71.54572296142578	2026-05-19T01:17:36.200
1779124656300	40.7778214377252	34.141870850805226	136.03758566892125	29.185230353500685	-71.54572296142578	2026-05-19T01:17:36.300
1779124656400	40.79873436135542	34.153889085320465	136.0587253144564	29.195398704540832	-71.54572296142578	2026-05-19T01:17:36.400
1779124656500	40.819648913441576	34.166906483659105	136.07998355974684	29.20656146605149	-71.54572296142578	2026-05-19T01:17:36.500
1779124656600	40.84056779303677	34.17992387890991	136.1012448526957	29.217724575150356	-71.54572296142578	2026-05-19T01:17:36.600
1779124656700	40.86149369480217	34.19194208075981	136.12239369386947	29.227893936424554	-71.54572296142578	2026-05-19T01:17:36.700
1779124656800	40.88242347217848	34.204959448029335	136.14366320522083	29.239057527402018	-71.54572296142578	2026-05-19T01:17:36.800
1779124656900	40.9033617653638	34.21697762205455	136.16482170176423	29.249227240010754	-71.54572296142578	2026-05-19T01:17:36.900
1779124657000	40.9243054322645	34.22999498326592	136.18610224972866	29.26039108293997	-71.54572296142578	2026-05-19T01:17:37.000
1779124657100	40.94525736620555	34.24301233054452	136.20738955189805	29.27155493099454	-71.54572296142578	2026-05-19T01:17:37.100
1779124657200	40.96622125509046	34.255030491725215	136.22856912352972	29.28172461051055	-71.54572296142578	2026-05-19T01:17:37.200
1779124657300	40.9871951622393	34.26804783490078	136.2498750735231	29.2928880304714	-71.54572296142578	2026-05-19T01:17:37.300
1779124657400	41.008184915325074	34.280065983139096	136.27107698716267	29.303056939802257	-71.54572296142578	2026-05-19T01:17:37.400
1779124657500	41.02918858216394	34.29308333318762	136.29240891742143	29.314219286022798	-71.54572296142578	2026-05-19T01:17:37.500
1779124657600	41.050210049360324	34.30610069223185	136.31375658005678	29.325380856505447	-71.54572296142578	2026-05-19T01:17:37.600
1779124657700	41.07125319904389	34.318118857139	136.3350057461775	29.33554741916637	-71.54572296142578	2026-05-19T01:17:37.700
1779124657800	41.092316105828644	34.3311362325344	136.3563903823497	29.346706944364758	-71.54572296142578	2026-05-19T01:17:37.800
1779124657900	41.113404586140526	34.34315442375704	136.37768021586388	29.356871140903017	-71.54572296142578	2026-05-19T01:17:37.900
1779124658000	41.13451671920709	34.35617182699896	136.39910915202574	29.368027980866138	-71.54572296142578	2026-05-19T01:17:38.000
1779124658100	41.15565564139982	34.36918924546142	136.4205622758977	29.379183300220507	-71.54572296142578	2026-05-19T01:17:38.100
1779124658200	41.17682150603861	34.381207485748625	136.44192192451555	29.389343181448695	-71.54572296142578	2026-05-19T01:17:38.200
1779124658300	41.19800793149894	34.39422493464492	136.4634177041962	29.400495980607833	-71.54572296142578	2026-05-19T01:17:38.300
1779124658400	41.2192162550145	34.40624319362521	136.4848152807526	29.410653757533844	-71.54572296142578	2026-05-19T01:17:38.400
1779124658500	41.240440099566925	34.419260649142075	136.5063442002646	29.42180487698586	-71.54572296142578	2026-05-19T01:17:38.500
1779124658600	41.26167887263132	34.43227810167402	136.5278861153462	29.432955474748656	-71.54572296142578	2026-05-19T01:17:38.600
1779124658700	41.28293197703382	34.44429636479036	136.54932273974657	29.4431116896592	-71.54572296142578	2026-05-19T01:17:38.700
1779124658800	41.30419304266037	34.45731382110077	136.57088353030116	29.454261896154044	-71.54572296142578	2026-05-19T01:17:38.800
1779124658900	41.32546339510505	34.46933206149701	136.5923343049464	29.464418117629755	-71.54572296142578	2026-05-19T01:17:38.900
1779124659000	41.34673666884831	34.48234949573216	136.61390446255766	29.475568764621215	-71.54572296142578	2026-05-19T01:17:39.000
1779124659100	41.36801303990689	34.49536689884293	136.63547645992358	29.48671986837447	-71.54572296142578	2026-05-19T01:17:39.100
1779124659200	41.38929577697971	34.507385110792164	136.656935738665	29.496877253250958	-71.54572296142578	2026-05-19T01:17:39.200
1779124659300	41.41058316777921	34.52040250232303	136.67851597833578	29.508028912823306	-71.54572296142578	2026-05-19T01:17:39.300
1779124659400	41.43188117235807	34.53242068418373	136.6999875285275	29.51818647309837	-71.54572296142578	2026-05-19T01:17:39.400
1779124659500	41.45318808308025	34.545438064624776	136.72158401005768	29.52933797533962	-71.54572296142578	2026-05-19T01:17:39.500
1779124659600	41.474507941939905	34.558455439627615	136.74319160422252	29.540489133326563	-71.54572296142578	2026-05-19T01:17:39.600
1779124659700	41.495844786238244	34.57047362221669	136.76469655447121	29.5506456683515	-71.54572296142578	2026-05-19T01:17:39.700
1779124659800	41.5171969154364	34.58349100428615	136.78633238681553	29.561795620911962	-71.54572296142578	2026-05-19T01:17:39.800
1779124659900	41.53857027790979	34.59550918877932	136.80786960302933	29.571950586203332	-71.54572296142578	2026-05-19T01:17:39.900
1779124660000	41.55996317784064	34.608526589174815	136.82954166769255	29.583098636641907	-71.54572296142578	2026-05-19T01:17:40.000
1779124660100	41.581379302972856	34.62154399581949	136.85123450919752	29.594245498914997	-71.54572296142578	2026-05-19T01:17:40.100
1779124660200	41.60282094254631	34.633562215324524	136.87283280704318	29.60439702354689	-71.54572296142578	2026-05-19T01:17:40.200
1779124660300	41.62428431725026	34.64657964678154	136.8945679618631	29.615541459832382	-71.54572296142578	2026-05-19T01:17:40.300
1779124660400	41.64577327300287	34.6585978825027	136.91620866245609	29.625690544429247	-71.54572296142578	2026-05-19T01:17:40.400
1779124660500	41.667284035256344	34.67161533769724	136.93798624680937	29.636832552646922	-71.54572296142578	2026-05-19T01:17:40.500
1779124660600	41.688818543625395	34.684632800912205	136.95978508150273	29.64797334387167	-71.54572296142578	2026-05-19T01:17:40.600
1779124660700	41.710378732929655	34.69665107100455	136.98148959716403	29.658118777843807	-71.54572296142578	2026-05-19T01:17:40.700
1779124660800	41.731960835817134	34.70966855868409	137.00333103579726	29.6692571403399	-71.54572296142578	2026-05-19T01:17:40.800
1779124660900	41.7535686862129	34.721686849184835	137.02507824592536	29.679400136087217	-71.54572296142578	2026-05-19T01:17:40.900
1779124661000	41.77519852160035	34.73470436110215	137.04696240464563	29.69053606878795	-71.54572296142578	2026-05-19T01:17:41.000
1779124661100	41.796851892764806	34.74772188069944	137.06886759844267	29.701670815200792	-71.54572296142578	2026-05-19T01:17:41.100
1779124661200	41.818528814352085	34.759740197448735	137.0906765374754	29.711810373486905	-71.54572296142578	2026-05-19T01:17:41.200
1779124661300	41.84022323415448	34.77275773188239	137.11261814062473	29.72294325645608	-71.54572296142578	2026-05-19T01:17:41.300
1779124661400	41.86193667699212	34.78477606059901	137.1344592585468	29.733081326874718	-71.54572296142578	2026-05-19T01:17:41.400
1779124661500	41.88366309556211	34.797793591033525	137.15642874225927	29.744213094063962	-71.54572296142578	2026-05-19T01:17:41.500
1779124661600	41.9054021203605	34.810811127191236	137.17840896267234	29.755344598926595	-71.54572296142578	2026-05-19T01:17:41.600
1779124661700	41.927153377063505	34.822829433972345	137.200282351789	29.765481833052434	-71.54572296142578	2026-05-19T01:17:41.700
1779124661800	41.94891082561895	34.835846948659515	137.22227766612374	29.776613349721295	-71.54572296142578	2026-05-19T01:17:41.800
1779124661900	41.970675978532775	34.847865238842864	137.2441619235841	29.786750975803525	-71.54572296142578	2026-05-19T01:17:41.900
1779124662000	41.992442800708936	34.860882722332526	137.2661638112336	29.797883254802873	-71.54572296142578	2026-05-19T01:17:42.000
1779124662100	42.01421179398928	34.87390019487812	137.2881666096306	29.809016131917392	-71.54572296142578	2026-05-19T01:17:42.100
1779124662200	42.03598696547425	34.885918431296915	137.31005696455347	29.819155228380097	-71.54572296142578	2026-05-19T01:17:42.200
1779124662300	42.05776755261108	34.8989358736477	137.33206841844154	29.83028868765589	-71.54572296142578	2026-05-19T01:17:42.300
1779124662400	42.07956032073889	34.91095410130049	137.35397311114136	29.84042788352039	-71.54572296142578	2026-05-19T01:17:42.400
1779124662500	42.10136451235496	34.923971531789974	137.37600451285454	29.851560946126313	-71.54572296142578	2026-05-19T01:17:42.500
1779124662600	42.123185010852	34.93698896152361	137.39805011366747	29.862693443946995	-71.54572296142578	2026-05-19T01:17:42.600
1779124662700	42.14502669471076	34.94900717821325	137.41999746877175	29.87283092703432	-71.54572296142578	2026-05-19T01:17:42.700
1779124662800	42.1668888138685	34.962024626192495	137.44207994898517	29.88396156879234	-71.54572296142578	2026-05-19T01:17:42.800
1779124662900	42.18877812135315	34.974042863920424	137.46406985934735	29.894096698655364	-71.54572296142578	2026-05-19T01:17:42.900
1779124663000	42.21069387214247	34.98706034074615	137.48620050081905	29.905224506192255	-71.54572296142578	2026-05-19T01:17:43.000
1779124663100	42.232639820698225	35.00007782241341	137.50835838691995	29.916350611964848	-71.54572296142578	2026-05-19T01:17:43.100
1779124663200	42.25461522501797	35.01209610716689	137.5304258798761	29.926481031952115	-71.54572296142578	2026-05-19T01:17:43.200
1779124663300	42.276612610556455	35.02511361608301	137.55262984000865	29.937604503055503	-71.54572296142578	2026-05-19T01:17:43.300
1779124663400	42.2986319806488	35.03713191303513	137.57473641197294	29.947732894109595	-71.54572296142578	2026-05-19T01:17:43.400
1779124663500	42.32066586577353	35.0501494269603	137.59697238723967	29.958854959242466	-71.54572296142578	2026-05-19T01:17:43.500
1779124663600	42.34271239973375	35.06316694011478	137.61921909168422	29.969976787176623	-71.54572296142578	2026-05-19T01:17:43.600
1779124663700	42.36476971128051	35.075185220214244	137.64135791928098	29.980104441260384	-71.54572296142578	2026-05-19T01:17:43.700
1779124663800	42.386830338416786	35.088202708721916	137.6636155598236	29.991226702141457	-71.54572296142578	2026-05-19T01:17:43.800
1779124663900	42.40889427169076	35.10022095527274	137.6857583356017	30.0013553957744	-71.54572296142578	2026-05-19T01:17:43.900
1779124664000	42.430954054191254	35.11323839739982	137.7080128653251	30.012479308353416	-71.54572296142578	2026-05-19T01:17:44.000
1779124664100	42.45300942265916	35.126255807506304	137.7302620775246	30.02360436993163	-71.54572296142578	2026-05-19T01:17:44.100
1779124664200	42.47506654625103	35.138273979190224	137.75239502287718	30.033735988440558	-71.54572296142578	2026-05-19T01:17:44.200
1779124664300	42.49712763200726	35.15129135779202	137.77464729010092	30.044862174550598	-71.54572296142578	2026-05-19T01:17:44.300
1779124664400	42.51920231398413	35.163309516109265	137.79679445626297	30.054993952419654	-71.54572296142578	2026-05-19T01:17:44.400
1779124664500	42.541292804446634	35.176326889412884	137.81907203482353	30.066119334894708	-71.54572296142578	2026-05-19T01:17:44.500
1779124664600	42.56340688075874	35.18934427133942	137.84137060443027	30.077243597313398	-71.54572296142578	2026-05-19T01:17:44.600
1779124664700	42.58555231522284	35.20136244263448	137.863580811703	30.087371992561714	-71.54572296142578	2026-05-19T01:17:44.700
1779124664800	42.60773132785243	35.21437986648116	137.8859380636619	30.098492579528113	-71.54572296142578	2026-05-19T01:17:44.800
1779124664900	42.629953540039295	35.22639809379245	137.90821810974325	30.10861633847062	-71.54572296142578	2026-05-19T01:17:44.900
1779124665000	42.65222117708217	35.23941557719187	137.9306562802812	30.1197313300949	-71.54572296142578	2026-05-19T01:17:45.000
1779124665100	42.6745397021671	35.25243310115238	137.95314106997324	30.13084300185473	-71.54572296142578	2026-05-19T01:17:45.100
1779124665200	42.696905341622326	35.26445143782154	137.97555237222295	30.14095753919428	-71.54572296142578	2026-05-19T01:17:45.200
1779124665300	42.71930648106588	35.27746902839904	137.9981123981734	30.15206414853263	-71.54572296142578	2026-05-19T01:17:45.300
1779124665400	42.7417388813273	35.289487398569854	138.02058407091954	30.16217489916652	-71.54572296142578	2026-05-19T01:17:45.400
1779124665500	42.76419093320088	35.30250500463918	138.0431895301095	30.173279021090018	-71.54572296142578	2026-05-19T01:17:45.500
1779124665600	42.786656553610776	35.31552259898914	138.06580652395616	30.184382863145586	-71.54572296142578	2026-05-19T01:17:45.600
1779124665700	42.80912965412377	35.32754095333695	138.08831287832763	30.194492781526804	-71.54572296142578	2026-05-19T01:17:45.700
1779124665800	42.831598633361246	35.340558511657164	138.1109306229417	30.205598006721207	-71.54572296142578	2026-05-19T01:17:45.800
1779124665900	42.8540592386617	35.352576808990975	138.133422877007	30.215710584644384	-71.54572296142578	2026-05-19T01:17:45.900
1779124666000	42.87649987389662	35.365594287500066	138.15601159586964	30.22681975256561	-71.54572296142578	2026-05-19T01:17:46.000
1779124666100	42.898917060047324	35.378611710839394	138.17857708158783	30.237931637128245	-71.54572296142578	2026-05-19T01:17:46.100
1779124666200	42.921317756501146	35.39062986263312	138.2010095194875	30.2480515169273	-71.54572296142578	2026-05-19T01:17:46.200
1779124666300	42.94370604063189	35.40364721065294	138.2235454653632	30.259167385113358	-71.54572296142578	2026-05-19T01:17:46.300
1779124666400	42.96609331205072	35.415665308729814	138.2459629398471	30.26928999347142	-71.54572296142578	2026-05-19T01:17:46.400
1779124666500	42.988483653566284	35.428682614559825	138.26849841862344	30.280407338179383	-71.54572296142578	2026-05-19T01:17:46.500
1779124666600	43.01088663432084	35.441699909302	138.29104455369722	30.29152448269112	-71.54572296142578	2026-05-19T01:17:46.600
1779124666700	43.0333118181925	35.453717979860286	138.3134940708463	30.30164648654597	-71.54572296142578	2026-05-19T01:17:46.700
1779124666800	43.05576329607049	35.46673529459615	138.33608333045703	30.31276137604839	-71.54572296142578	2026-05-19T01:17:46.800
1779124666900	43.07825245448213	35.47875339711323	138.35859053533395	30.32287987135024	-71.54572296142578	2026-05-19T01:17:46.900
1779124667000	43.100783389768374	35.49177075964771	138.38125196642227	30.333990015750867	-71.54572296142578	2026-05-19T01:17:47.000
1779124667100	43.123363542548475	35.504788162130026	138.4039583724166	30.34509703690026	-71.54572296142578	2026-05-19T01:17:47.100
1779124667200	43.14599185980113	35.516806360889824	138.4265926081792	30.355206821904616	-71.54572296142578	2026-05-19T01:17:47.200
1779124667300	43.16865971349617	35.52982382512703	138.44937888778804	30.36630846844231	-71.54572296142578	2026-05-19T01:17:47.300
1779124667400	43.19136574427417	35.54184206998698	138.47208365292911	30.376413682450753	-71.54572296142578	2026-05-19T01:17:47.400
1779124667500	43.21410132950974	35.55485956673169	138.49493103995772	30.387511573286492	-71.54572296142578	2026-05-19T01:17:47.500
1779124667600	43.236863292602195	35.56787707174371	138.51780193624452	30.398608195895157	-71.54572296142578	2026-05-19T01:17:47.600
1779124667700	43.25964845146389	35.57989534193281	138.54057730818135	30.40870959399145	-71.54572296142578	2026-05-19T01:17:47.700
1779124667800	43.28244819158291	35.59291285454153	138.5634811768817	30.41980489729932	-71.54572296142578	2026-05-19T01:17:47.800
1779124667900	43.30526113978032	35.604931109747454	138.58628018510618	30.42990576552203	-71.54572296142578	2026-05-19T01:17:47.900
1779124668000	43.328078687018774	35.61794858436213	138.6091982744461	30.44100133766716	-71.54572296142578	2026-05-19T01:17:48.000
1779124668100	43.3508985155208	35.630966048028334	138.63211724977668	30.45209759394846	-71.54572296142578	2026-05-19T01:17:48.100
1779124668200	43.37372176544446	35.642984244122125	138.65492224174193	30.462200195255765	-71.54572296142578	2026-05-19T01:17:48.200
1779124668300	43.39654503107423	35.656001660902376	138.67784194840115	30.473297885026398	-71.54572296142578	2026-05-19T01:17:48.300
1779124668400	43.41937212043382	35.66801980674833	138.70064809055899	30.483401878876325	-71.54572296142578	2026-05-19T01:17:48.400
1779124668500	43.442201432579424	35.680037947651385	138.72345510471231	30.4935065637061	-71.54572296142578	2026-05-19T01:17:48.500
1779124668600	43.46503137227847	35.69305529515881	138.74637733690764	30.504606283583986	-71.54572296142578	2026-05-19T01:17:48.600
1779124668700	43.48786573910543	35.70507338922962	138.76918663658563	30.51471226871494	-71.54572296142578	2026-05-19T01:17:48.700
1779124668800	43.51070114134176	35.71809070264118	138.79211149287738	30.525813275423452	-71.54572296142578	2026-05-19T01:17:48.800
1779124668900	43.533541373025464	35.73010875244607	138.8149238346539	30.535920499947537	-71.54572296142578	2026-05-19T01:17:48.900
1779124669000	43.55638304800829	35.74312602093981	138.83785206984868	30.547022719380294	-71.54572296142578	2026-05-19T01:17:49.000
1779124669100	43.57922882720491	35.75614327879267	138.86078289156353	30.558125480949705	-71.54572296142578	2026-05-19T01:17:49.100
1779124669200	43.602084019413105	35.768161277344575	138.88360555867902	30.56823408695351	-71.54572296142578	2026-05-19T01:17:49.200
1779124669300	43.62494922695103	35.78117850494281	138.90655208961837	30.579337015961766	-71.54572296142578	2026-05-19T01:17:49.300
1779124669400	43.64783221004011	35.7931964838821	138.92939834828525	30.589445120717038	-71.54572296142578	2026-05-19T01:17:49.400
1779124669500	43.670733576662435	35.8062137029127	138.95237626888286	30.600546892706976	-71.54572296142578	2026-05-19T01:17:49.500
1779124669600	43.69365929759756	35.819230932866375	138.97537575367872	30.61164759950012	-71.54572296142578	2026-05-19T01:17:49.600
1779124669700	43.71661533808361	35.83124892522317	138.99828678320043	30.621752478810023	-71.54572296142578	2026-05-19T01:17:49.700
1779124669800	43.73960231457863	35.84426617890858	139.02134116780223	30.6328500510045	-71.54572296142578	2026-05-19T01:17:49.800
1779124669900	43.76262797338183	35.85628419939827	139.04431497253557	30.642951126998746	-71.54572296142578	2026-05-19T01:17:49.900
1779124670000	43.78569293665334	35.86930150045262	139.06743992370144	30.65404425456526	-71.54572296142578	2026-05-19T01:17:50.000
1779124670100	43.808801653674784	35.88231883058883	139.09060460131252	30.665134790126455	-71.54572296142578	2026-05-19T01:17:50.100
1779124670200	43.8319525096132	35.89433692424466	139.1136919882192	30.67522855303305	-71.54572296142578	2026-05-19T01:17:50.200
1779124670300	43.85513704749721	35.90735428663627	139.1369251660931	30.686314832030106	-71.54572296142578	2026-05-19T01:17:50.300
1779124670400	43.87835391169107	35.91937240703247	139.16007189157742	30.69640512563847	-71.54572296142578	2026-05-19T01:17:50.400
1779124670500	43.9015946509449	35.93238978665855	139.18335516103667	30.707488728711184	-71.54572296142578	2026-05-19T01:17:50.500
1779124670600	43.92485613421648	35.94540717088596	139.20665656490715	30.718571587767677	-71.54572296142578	2026-05-19T01:17:50.600
1779124670700	43.94813522469723	35.957425293118085	139.22985777800272	30.728659625184434	-71.54572296142578	2026-05-19T01:17:50.700
1779124670800	43.97142347973313	35.97044264406449	139.25318166939	30.73974214043424	-71.54572296142578	2026-05-19T01:17:50.800
1779124670900	43.994719529042	35.98246073923847	139.27639621845978	30.749830625600588	-71.54572296142578	2026-05-19T01:17:50.900
1779124671000	44.01801493576305	35.99547805738405	139.29972420674676	30.760914378398724	-71.54572296142578	2026-05-19T01:17:51.000
1779124671100	44.041307947206704	36.008495349178745	139.32304863569107	30.771999221353354	-71.54572296142578	2026-05-19T01:17:51.100
1779124671200	44.064602347848904	36.020513362280944	139.34625778537372	30.7820905176245	-71.54572296142578	2026-05-19T01:17:51.200
1779124671300	44.087898023923394	36.03353060583735	139.3695821010946	30.793176945161097	-71.54572296142578	2026-05-19T01:17:51.300
1779124671400	44.111201905043046	36.045548576825134	139.39279756827543	30.803269280972465	-71.54572296142578	2026-05-19T01:17:51.400
1779124671500	44.134513883337775	36.05856578244796	139.41613454254576	30.814356213761343	-71.54572296142578	2026-05-19T01:17:51.500
1779124671600	44.15783912758366	36.07158298856582	139.4394826253381	30.82544301267841	-71.54572296142578	2026-05-19T01:17:51.600
1779124671700	44.181182800809374	36.08360092591084	139.4627314998917	30.835534900850604	-71.54572296142578	2026-05-19T01:17:51.700
1779124671800	44.2045448039324	36.09661812258705	139.48611139175273	30.846620606758986	-71.54572296142578	2026-05-19T01:17:51.800
1779124671900	44.22793205204397	36.108636062660544	139.50939850157107	30.85671086804437	-71.54572296142578	2026-05-19T01:17:51.900
1779124672000	44.25134445202302	36.12165326127471	139.53282296295168	30.867794413052575	-71.54572296142578	2026-05-19T01:17:52.000
1779124672100	44.27478614417316	36.1346704732503	139.5562735267251	30.878876569500022	-71.54572296142578	2026-05-19T01:17:52.100
1779124672200	44.29825717788921	36.14668843410359	139.57963520374204	30.888962960454847	-71.54572296142578	2026-05-19T01:17:52.200
1779124672300	44.321751341343216	36.1597056507269	139.6031322554629	30.900042813062488	-71.54572296142578	2026-05-19T01:17:52.300
1779124672400	44.345269407263494	36.17172360741913	139.62653536696493	30.910127325412077	-71.54572296142578	2026-05-19T01:17:52.400
1779124672500	44.368806911396426	36.18374156166305	139.64995538514955	30.920211225794706	-71.54572296142578	2026-05-19T01:17:52.500
1779124672600	44.392359395507896	36.19675876826875	139.67350306337798	30.931289251387625	-71.54572296142578	2026-05-19T01:17:52.600
1779124672700	44.415927623264714	36.20877670749009	139.69694922695433	30.94137257712624	-71.54572296142578	2026-05-19T01:17:52.700
1779124672800	44.43950539776738	36.22179388669273	139.72051790903566	30.952450458305023	-71.54572296142578	2026-05-19T01:17:52.800
1779124672900	44.46309347661949	36.2338117981975	139.7439800291008	30.96253406914016	-71.54572296142578	2026-05-19T01:17:52.900
1779124673000	44.48668566893064	36.24682893779477	139.76755952781372	30.973612664481454	-71.54572296142578	2026-05-19T01:17:53.000
1779124673100	44.51028168815971	36.25984607183192	139.79114125702878	30.98469190285787	-71.54572296142578	2026-05-19T01:17:53.100
1779124673200	44.533884020101006	36.27186391012134	139.81461275290948	30.99477715383211	-71.54572296142578	2026-05-19T01:17:53.200
1779124673300	44.557490650134106	36.28488099677679	139.83820172632585	31.005857406700407	-71.54572296142578	2026-05-19T01:17:53.300
1779124673400	44.58110648817764	36.29689880652268	139.86168322483297	31.015943456800017	-71.54572296142578	2026-05-19T01:17:53.400
1779124673500	44.60472952573035	36.30991585543832	139.8852848628314	31.027024277921466	-71.54572296142578	2026-05-19T01:17:53.500
1779124673600	44.62836294157095	36.3229328948069	139.908894854723	31.03810522354282	-71.54572296142578	2026-05-19T01:17:53.600
1779124673700	44.65200990848846	36.33495065789299	139.93240150347944	31.048191617558633	-71.54572296142578	2026-05-19T01:17:53.700
1779124673800	44.67566842705347	36.34796767194287	139.9560322865577	31.05927246340901	-71.54572296142578	2026-05-19T01:17:53.800
1779124673900	44.69934339209173	36.35998540819598	139.9795624806146	31.06935852424825	-71.54572296142578	2026-05-19T01:17:53.900
1779124674000	44.72303281027062	36.37300240296637	140.00321946992636	31.08043882499674	-71.54572296142578	2026-05-19T01:17:54.000
1779124674100	44.74674010069431	36.386019387048115	140.02689181264472	31.091518665356407	-71.54572296142578	2026-05-19T01:17:54.100
1779124674200	44.77046966765707	36.39803711068063	140.05046908811556	31.101603274395092	-71.54572296142578	2026-05-19T01:17:54.200
1779124674300	44.7942210139633	36.411054094557606	140.07417992980587	31.11268156289546	-71.54572296142578	2026-05-19T01:17:54.300
1779124674400	44.818000506171494	36.42307181073132	140.09780123719244	31.12276414894293	-71.54572296142578	2026-05-19T01:17:54.400
1779124674500	44.841807653217344	36.43608881196873	140.12156155136563	31.133839988252575	-71.54572296142578	2026-05-19T01:17:54.500
1779124674600	44.86564881556597	36.44810654731718	140.14523786353882	31.143919664825578	-71.54572296142578	2026-05-19T01:17:54.600
1779124674700	44.88952350837331	36.46112356676684	140.1690586178008	31.154992144676246	-71.54572296142578	2026-05-19T01:17:54.700
1779124674800	44.91343808594011	36.47314131958298	140.19280090046016	31.165068000791038	-71.54572296142578	2026-05-19T01:17:54.800
1779124674900	44.93739206965086	36.486158367785485	140.21669305948106	31.176136224283603	-71.54572296142578	2026-05-19T01:17:54.900
1779124675000	44.96139180759008	36.49817617053658	140.2405122781989	31.18620738670808	-71.54572296142578	2026-05-19T01:17:55.000
1779124675100	44.98543684354147	36.510193991320534	140.26437251002508	31.196275988005276	-71.54572296142578	2026-05-19T01:17:55.100
1779124675200	45.00951998406909	36.523211098260454	140.28838130252385	31.207337075435564	-71.54572296142578	2026-05-19T01:17:55.200
1779124675300	45.03363745247127	36.53522894637584	140.31230652976132	31.217401992830215	-71.54572296142578	2026-05-19T01:17:55.300
1779124675400	45.05777867059055	36.54824606291817	140.33636683059916	31.228460521859564	-71.54572296142578	2026-05-19T01:17:55.400
1779124675500	45.08193985531658	36.56026390220368	140.36033018062275	31.238523991016077	-71.54572296142578	2026-05-19T01:17:55.500
1779124675600	45.106110434742774	36.573280996141484	140.38441512216272	31.249582196744218	-71.54572296142578	2026-05-19T01:17:55.600
1779124675700	45.13028661933004	36.585298794988354	140.40838973253736	31.259646448805746	-71.54572296142578	2026-05-19T01:17:55.700
1779124675800	45.154457843450096	36.59831583114995	140.43247245662764	31.270706554295792	-71.54572296142578	2026-05-19T01:17:55.800
1779124675900	45.178620311108865	36.610333557304884	140.45643147454666	31.28077381067207	-71.54572296142578	2026-05-19T01:17:55.900
1779124676000	45.20276346295752	36.62335051157246	140.48048513411956	31.29183804087741	-71.54572296142578	2026-05-19T01:17:56.000
1779124676100	45.22688429656969	36.63636741282323	140.50451650828174	31.302904968931678	-71.54572296142578	2026-05-19T01:17:56.100
1779124676200	45.250989747467464	36.648384986241645	140.5284180634182	31.312979534331795	-71.54572296142578	2026-05-19T01:17:56.200
1779124676300	45.27508418219489	36.66140180225147	140.55242194577858	31.324050443049913	-71.54572296142578	2026-05-19T01:17:56.300
1779124676400	45.299178705308435	36.673419313469154	140.57631052566612	31.33412779395004	-71.54572296142578	2026-05-19T01:17:56.400
1779124676500	45.32327768982804	36.68643608186217	140.60031584574963	31.345200299443842	-71.54572296142578	2026-05-19T01:17:56.500
1779124676600	45.34739223403641	36.69845355189381	140.62422037285296	31.355278040322602	-71.54572296142578	2026-05-19T01:17:56.600
1779124676700	45.371526717388754	36.71147030810875	140.64825604931792	31.366349766342346	-71.54572296142578	2026-05-19T01:17:56.700
1779124676800	45.39569223189246	36.72348777762455	140.67220543782258	31.37642553105848	-71.54572296142578	2026-05-19T01:17:56.800
1779124676900	45.4198931635002	36.73650454407209	140.69630037721893	31.387494098233475	-71.54572296142578	2026-05-19T01:17:56.900
1779124677000	45.444140597856936	36.74852205254276	140.72032353065623	31.397565529315706	-71.54572296142578	2026-05-19T01:17:57.000
1779124677100	45.468436683662276	36.76153885778256	140.7445045332871	31.408628748989997	-71.54572296142578	2026-05-19T01:17:57.100
1779124677200	45.49278128100176	36.77355640827832	140.76861566746683	31.41869468474659	-71.54572296142578	2026-05-19T01:17:57.200
1779124677300	45.51716532589545	36.7865732574427	140.7928759845567	31.429753145748016	-71.54572296142578	2026-05-19T01:17:57.300
1779124677400	45.54158642806526	36.79859083530672	140.8170557733955	31.439815201553852	-71.54572296142578	2026-05-19T01:17:57.400
1779124677500	45.566035529985	36.811607697283826	140.84137398398883	31.450870674141605	-71.54572296142578	2026-05-19T01:17:57.500
1779124677600	45.59051023477561	36.823625269741655	140.8656010106768	31.46093061492293	-71.54572296142578	2026-05-19T01:17:57.600
1779124677700	45.61500149139473	36.83664211207688	140.8899557015475	31.471984860703053	-71.54572296142578	2026-05-19T01:17:57.700
1779124677800	45.639506896301775	36.84865966556191	140.91420855921888	31.482044463171192	-71.54572296142578	2026-05-19T01:17:57.800
1779124677900	45.66401740499993	36.861676471619326	140.93857832681985	31.4930992521307	-71.54572296142578	2026-05-19T01:17:57.900
1779124678000	45.68853060729737	36.87369396745357	140.96283561360408	31.5031602606255	-71.54572296142578	2026-05-19T01:17:58.000
1779124678100	45.71304059581795	36.88571143997455	140.98708848692672	31.513222527865228	-71.54572296142578	2026-05-19T01:17:58.100
1779124678200	45.737547377877725	36.89872814842022	141.01145042052704	31.52428062036935	-71.54572296142578	2026-05-19T01:17:58.200
1779124678300	45.76205739526596	36.91074555798756	141.0357004636715	31.53434489248521	-71.54572296142578	2026-05-19T01:17:58.300
1779124678400	45.786570481996016	36.92376222077173	141.0600653714609	31.545404528901546	-71.54572296142578	2026-05-19T01:17:58.400
1779124678500	45.81109307329605	36.93577958797958	141.0843242962203	31.555469858284116	-71.54572296142578	2026-05-19T01:17:58.500
1779124678600	45.835625009839866	36.94879621399855	141.1087038863735	31.566530081397406	-71.54572296142578	2026-05-19T01:17:58.600
1779124678700	45.86017272027562	36.96081353831198	141.13298339787443	31.57659550346847	-71.54572296142578	2026-05-19T01:17:58.700
1779124678800	45.884736051915404	36.973830141516665	141.15738937476877	31.587655365169486	-71.54572296142578	2026-05-19T01:17:58.800
1779124678900	45.90932142680117	36.985847455530525	141.1817011775343	31.597719952406994	-71.54572296142578	2026-05-19T01:17:58.900
1779124679000	45.93392869897603	36.9988640440067	141.20614524051675	31.608778502838266	-71.54572296142578	2026-05-19T01:17:59.000
1779124679100	45.95856199005966	37.01188062719616	141.23061210646526	31.61983609395569	-71.54572296142578	2026-05-19T01:17:59.100
1779124679200	45.98322278793276	37.023897923486814	141.25498997070522	31.629897991311342	-71.54572296142578	2026-05-19T01:17:59.200
1779124679300	46.007907016016524	37.03691450396884	141.27950143080182	31.64095376351195	-71.54572296142578	2026-05-19T01:17:59.300
1779124679400	46.032617139056356	37.048931791594214	141.30392243340145	31.651013960159524	-71.54572296142578	2026-05-19T01:17:59.400
1779124679500	46.057349087179624	37.061948369960895	141.3284754694178	31.662068174987336	-71.54572296142578	2026-05-19T01:17:59.500
1779124679600	46.0821053184035	37.07396564304718	141.35293659229956	31.672126925503893	-71.54572296142578	2026-05-19T01:17:59.600
1779124679700	46.10688176960327	37.08698219836481	141.37752818470338	31.683179822053468	-71.54572296142578	2026-05-19T01:17:59.700
1779124679800	46.13168089197148	37.09899946342251	141.40202641225923	31.693237392321382	-71.54572296142578	2026-05-19T01:17:59.800
1779124679900	46.15649862920268	37.11201600233724	141.42665354570076	31.70428923611508	-71.54572296142578	2026-05-19T01:17:59.900
1779124680000	46.18133742568171	37.12403323944489	141.45118586046297	31.714345864675206	-71.54572296142578	2026-05-19T01:18:00.000
1779124680100	46.206194999531576	37.13605046593976	141.47573424096308	31.724402109325485	-71.54572296142578	2026-05-19T01:18:00.100
1779124680200	46.23106966613516	37.149066976192174	141.5004100098385	31.735452772398308	-71.54572296142578	2026-05-19T01:18:00.200
1779124680300	46.2559647451865	37.161084179557335	141.5249904355305	31.74550826244843	-71.54572296142578	2026-05-19T01:18:00.300
1779124680400	46.28087708303394	37.17410067087826	141.5496983398129	31.756558174465592	-71.54572296142578	2026-05-19T01:18:00.400
1779124680500	46.30580999252177	37.18611785070264	141.57431110141502	31.76661289515472	-71.54572296142578	2026-05-19T01:18:00.500
1779124680600	46.33076193831409	37.19813502152627	141.5989401548936	31.776667226909222	-71.54572296142578	2026-05-19T01:18:00.600
1779124680700	46.355731392031366	37.21115147497076	141.6236968191789	31.78771597456653	-71.54572296142578	2026-05-19T01:18:00.700
1779124680800	46.38072165611765	37.223168621368714	141.64835864444402	31.797769514789596	-71.54572296142578	2026-05-19T01:18:00.800
1779124680900	46.40572959420605	37.23618505527054	141.67314816993795	31.80881747534588	-71.54572296142578	2026-05-19T01:18:00.900
1779124681000	46.43075850183219	37.248202176369986	141.69784305733353	31.818870209140606	-71.54572296142578	2026-05-19T01:18:01.000
1779124681100	46.455806918699025	37.26021929075955	141.7225546620346	31.828922533673644	-71.54572296142578	2026-05-19T01:18:01.100
1779124681200	46.48087365710108	37.273235694259256	141.74739447006723	31.83996924935542	-71.54572296142578	2026-05-19T01:18:01.200
1779124681300	46.50596240045732	37.28525278784945	141.77214068711223	31.850020660183784	-71.54572296142578	2026-05-19T01:18:01.300
1779124681400	46.53107042821791	37.29826915899944	141.7970159368553	31.86106638995043	-71.54572296142578	2026-05-19T01:18:01.400
1779124681500	46.556201416782876	37.310286230261035	141.8217985413743	31.871116751008163	-71.54572296142578	2026-05-19T01:18:01.500
1779124681600	46.58135265261277	37.323302588202125	141.84671100960674	31.882161379722955	-71.54572296142578	2026-05-19T01:18:01.600
1779124681700	46.606526212873426	37.336318945228484	141.8716427391648	31.893205415109346	-71.54572296142578	2026-05-19T01:18:01.700
1779124681800	46.631724167783524	37.348335985900995	141.89648323733508	31.903253955289394	-71.54572296142578	2026-05-19T01:18:01.800
1779124681900	46.65694381428207	37.36135232381978	141.9214548453134	31.914296683724668	-71.54572296142578	2026-05-19T01:18:01.900
1779124682000	46.682188811283666	37.37336935003454	141.94633616698852	31.924343848541433	-71.54572296142578	2026-05-19T01:18:02.000
1779124682100	46.707457634800605	37.38538636918453	141.97123819541653	31.934390305836867	-71.54572296142578	2026-05-19T01:18:02.100
1779124682200	46.73274711527472	37.398402676664475	141.99627026339704	31.945431041243616	-71.54572296142578	2026-05-19T01:18:02.200
1779124682300	46.75805842183643	37.41041967396243	142.02120884299245	31.955476480665343	-71.54572296142578	2026-05-19T01:18:02.300
1779124682400	46.783386390128975	37.42343595836777	142.0462736698636	31.96651651237959	-71.54572296142578	2026-05-19T01:18:02.400
1779124682500	46.80873218213894	37.43545292736486	142.0712413336631	31.976561544156404	-71.54572296142578	2026-05-19T01:18:02.500
1779124682600	46.8340922168429	37.44746987766595	142.096220755455	31.986606596276605	-71.54572296142578	2026-05-19T01:18:02.600
1779124682700	46.85946292040018	37.46048610814897	142.12132073648186	31.99764670445388	-71.54572296142578	2026-05-19T01:18:02.700
1779124682800	46.884845443984965	37.47250301761238	142.14631804699562	32.007692256386576	-71.54572296142578	2026-05-19T01:18:02.800
1779124682900	46.910234641112844	37.485519202596166	142.1714321269553	32.018733171808485	-71.54572296142578	2026-05-19T01:18:02.900
1779124683000	46.935631655767516	37.49753605302701	142.19643986489518	32.02877981536347	-71.54572296142578	2026-05-19T01:18:03.000
1779124683100	46.96103349961628	37.509552888889885	142.22145058118235	32.03882720176625	-71.54572296142578	2026-05-19T01:18:03.100
1779124683200	46.9864395268785	37.52256899005802	142.24657564587696	32.04987014331166	-71.54572296142578	2026-05-19T01:18:03.200
1779124683300	47.01185437353706	37.53458576093587	142.27159539340695	32.05991873432847	-71.54572296142578	2026-05-19T01:18:03.300
1779124683400	47.03727641397525	37.5476018247393	142.29673223022843	32.07096269075456	-71.54572296142578	2026-05-19T01:18:03.400
1779124683500	47.0627102770291	37.55961854913003	142.32176660561484	32.08101205726351	-71.54572296142578	2026-05-19T01:18:03.500
1779124683600	47.08815590248086	37.57163525706353	142.34681040858874	32.09106164936234	-71.54572296142578	2026-05-19T01:18:03.600
1779124683700	47.11361323743493	37.584651254542905	142.37197540367458	32.102106279644175	-71.54572296142578	2026-05-19T01:18:03.700
1779124683800	47.13908689981852	37.5966679255158	142.39704222349124	32.11215598925422	-71.54572296142578	2026-05-19T01:18:03.800
1779124683900	47.16457528223769	37.6096838792394	142.42223296928802	32.12320051564494	-71.54572296142578	2026-05-19T01:18:03.900
1779124684000	47.190082995331004	37.6217005215467	142.4473283961264	32.13324990862353	-71.54572296142578	2026-05-19T01:18:04.000
1779124684100	47.21561007105978	37.63371714534593	142.47244031438365	32.14329896591936	-71.54572296142578	2026-05-19T01:18:04.100
1779124684200	47.24115688073163	37.64673306029998	142.497680721469	32.154342491127075	-71.54572296142578	2026-05-19T01:18:04.200
1779124684300	47.26672852205657	37.658749665763935	142.52283101882261	32.164390470545925	-71.54572296142578	2026-05-19T01:18:04.300
1779124684400	47.29232544755102	37.67076625028862	142.54800330974854	32.17443767773914	-71.54572296142578	2026-05-19T01:18:04.400
1779124684500	47.317949658711214	37.68278283788363	142.5731994561252	32.18448399051943	-71.54572296142578	2026-05-19T01:18:04.500
1779124684600	47.34360161731932	37.69579872391777	142.59853140466507	32.19552420726658	-71.54572296142578	2026-05-19T01:18:04.600
1779124684700	47.36928640635514	37.70781530061166	142.62378080425825	32.205568280873834	-71.54572296142578	2026-05-19T01:18:04.700
1779124684800	47.3950044857367	37.719831876562765	142.64905963436712	32.21561102009473	-71.54572296142578	2026-05-19T01:18:04.800
1779124684900	47.42075632284866	37.73284775911089	142.6744797477414	32.22664724671506	-71.54572296142578	2026-05-19T01:18:04.900
1779124685000	47.44654698954935	37.7448643392923	142.69982298019187	32.236686892654085	-71.54572296142578	2026-05-19T01:18:05.000
1779124685100	47.47237603552181	37.75688091915707	142.7252003631696	32.24672483986283	-71.54572296142578	2026-05-19T01:18:05.100
1779124685200	47.49823935454083	37.76989680642864	142.75071939180447	32.257756262965316	-71.54572296142578	2026-05-19T01:18:05.200
1779124685300	47.52413651211514	37.78191338188657	142.77615697713037	32.26779147201234	-71.54572296142578	2026-05-19T01:18:05.300
1779124685400	47.55006095941486	37.79492927113332	142.80172963331813	32.27882069969028	-71.54572296142578	2026-05-19T01:18:05.400
1779124685500	47.5760122544345	37.80694582685996	142.82721439585387	32.288854212887195	-71.54572296142578	2026-05-19T01:18:05.500
1779124685600	47.601985376856916	37.81896236984308	142.8527178809552	32.29888726859526	-71.54572296142578	2026-05-19T01:18:05.600
1779124685700	47.62797531394926	37.83197821524495	142.87834657520307	32.30991513175515	-71.54572296142578	2026-05-19T01:18:05.700
1779124685800	47.65398161226218	37.84399472149423	142.90387770981198	32.319948051983744	-71.54572296142578	2026-05-19T01:18:05.800
1779124685900	47.67999774177911	37.85701052013198	142.92952748233097	32.33097630006248	-71.54572296142578	2026-05-19T01:18:05.900
1779124686000	47.70602324140962	37.86902697839204	142.95507325412936	32.34101011906948	-71.54572296142578	2026-05-19T01:18:06.000
1779124686100	47.73205367294863	37.88104340512396	142.9806220155011	32.35104472627721	-71.54572296142578	2026-05-19T01:18:06.100
1779124686200	47.7580868967006	37.8940591220223	143.0062827586396	32.362075195846856	-71.54572296142578	2026-05-19T01:18:06.200
1779124686300	47.78412587643689	37.90607548561993	143.03183623634962	32.37211148331412	-71.54572296142578	2026-05-19T01:18:06.300
1779124686400	47.81016904325477	37.91809181896507	143.05739200716167	32.382148618116304	-71.54572296142578	2026-05-19T01:18:06.400
1779124686500	47.836214835936104	37.931107438011836	143.08305949747614	32.393181636841284	-71.54572296142578	2026-05-19T01:18:06.500
1779124686600	47.86226620674899	37.94312370679084	143.1086196567863	32.40322048117108	-71.54572296142578	2026-05-19T01:18:06.600
1779124686700	47.888321592524015	37.95513995392354	143.13418194640332	32.4132601967047	-71.54572296142578	2026-05-19T01:18:06.700
1779124686800	47.91438093591946	37.96715616047494	143.15974630970746	32.42330076966754	-71.54572296142578	2026-05-19T01:18:06.800
1779124686900	47.9404426833941	37.98017165986146	143.18542204304555	32.43433726824215	-71.54572296142578	2026-05-19T01:18:06.900
1779124687000	47.96650977182383	37.99218780918184	143.21099035903984	32.44437959867917	-71.54572296142578	2026-05-19T01:18:07.000
1779124687100	47.99258127589318	38.004203924843075	143.23656117171467	32.454422762216424	-71.54572296142578	2026-05-19T01:18:07.100
1779124687200	48.01865879857209	38.017219329294456	143.26224660647227	32.46546159498311	-71.54572296142578	2026-05-19T01:18:07.200
1779124687300	48.04474904600977	38.029235394740965	143.2878315894323	32.47550571932113	-71.54572296142578	2026-05-19T01:18:07.300
1779124687400	48.07085424942511	38.04125143524912	143.31342886346786	32.485549914274536	-71.54572296142578	2026-05-19T01:18:07.400
1779124687500	48.096978132348724	38.05326745636394	143.33904188767332	32.49559391413408	-71.54572296142578	2026-05-19T01:18:07.500
1779124687600	48.12312293572354	38.066282794515246	143.364783238831	32.506632539427876	-71.54572296142578	2026-05-19T01:18:07.600
1779124687700	48.14929535031316	38.078298786519746	143.39043810310014	32.51667535128864	-71.54572296142578	2026-05-19T01:18:07.700
1779124687800	48.1754976151262	38.09031478246925	143.41611909150998	32.526717181562724	-71.54572296142578	2026-05-19T01:18:07.800
1779124687900	48.20173197706565	38.10333009375	143.4419386757051	32.53775283858888	-71.54572296142578	2026-05-19T01:18:07.900
1779124688000	48.22800511522641	38.11534607900253	143.46768224274948	32.547791885716954	-71.54572296142578	2026-05-19T01:18:08.000
1779124688100	48.25431818644464	38.12736206188473	143.49346128753558	32.55782922085675	-71.54572296142578	2026-05-19T01:18:08.100
1779124688200	48.2806680029509	38.14037736723207	143.51938312432463	32.56886007639667	-71.54572296142578	2026-05-19T01:18:08.200
1779124688300	48.30705470334781	38.15239334848626	143.54522727476976	32.57889446728959	-71.54572296142578	2026-05-19T01:18:08.300
1779124688400	48.33347400974419	38.164409320166385	143.5711000765096	32.588927690760876	-71.54572296142578	2026-05-19T01:18:08.400
1779124688500	48.35992165214377	38.177424611009684	143.5971077319197	32.59995507224116	-71.54572296142578	2026-05-19T01:18:08.500
1779124688600	48.386397757238456	38.18944056278046	143.62302996763697	32.60998659181119	-71.54572296142578	2026-05-19T01:18:08.600
1779124688700	48.412898053005186	38.20145650041053	143.64897302170772	32.62001756645287	-71.54572296142578	2026-05-19T01:18:08.700
1779124688800	48.43941973429621	38.21347242551534	143.67493428451658	32.630048205792846	-71.54572296142578	2026-05-19T01:18:08.800
1779124688900	48.4659585390727	38.226487650000095	143.70101981972942	32.64107383114103	-71.54572296142578	2026-05-19T01:18:08.900
1779124689000	48.492514577955845	38.23850353186108	143.72700963512926	32.65110440750788	-71.54572296142578	2026-05-19T01:18:09.000
1779124689100	48.519084301372395	38.25051939055626	143.75301049529256	32.661135207057924	-71.54572296142578	2026-05-19T01:18:09.100
1779124689200	48.545668476745455	38.26253522292275	143.77902311006778	32.67116617302757	-71.54572296142578	2026-05-19T01:18:09.200
1779124689300	48.57226713717467	38.275550355218016	143.80515738758797	32.68219234280047	-71.54572296142578	2026-05-19T01:18:09.300
1779124689400	48.598884664329475	38.287566146743515	143.83119759773885	32.692223341187464	-71.54572296142578	2026-05-19T01:18:09.400
1779124689500	48.62552108932042	38.2995819098779	143.857253682329	32.70225418858907	-71.54572296142578	2026-05-19T01:18:09.500
1779124689600	48.65217789410295	38.311597658267104	143.88332701568285	32.71228479401473	-71.54572296142578	2026-05-19T01:18:09.600
1779124689700	48.678856560667406	38.32361338728755	143.9094189698758	32.72231504855122	-71.54572296142578	2026-05-19T01:18:09.700
1779124689800	48.705557132285584	38.336628434614454	143.9356392755943	32.733340020772154	-71.54572296142578	2026-05-19T01:18:09.800
1779124689900	48.732283970438466	38.34864413171425	143.9617725526539	32.7433692722038	-71.54572296142578	2026-05-19T01:18:09.900
1779124690000	48.759037116374174	38.36065981403652	143.9879285670901	32.75339786602614	-71.54572296142578	2026-05-19T01:18:10.000
1779124690100	48.78581728475395	38.372675488144026	144.01410797876537	32.763425761026866	-71.54572296142578	2026-05-19T01:18:10.100
1779124690200	48.812620690334704	38.38569047716449	144.04041681116473	32.774448304313594	-71.54572296142578	2026-05-19T01:18:10.200
1779124690300	48.839447074169044	38.3977061143044	144.06663569581573	32.784475362352325	-71.54572296142578	2026-05-19T01:18:10.300
1779124690400	48.866291881557956	38.4097217319833	144.09286998241052	32.79450234217514	-71.54572296142578	2026-05-19T01:18:10.400
1779124690500	48.893151990389086	38.42173732386376	144.1191167692395	32.80452946545541	-71.54572296142578	2026-05-19T01:18:10.500
1779124690600	48.92002285622559	38.43475222114547	144.14548122606772	32.81555215553916	-71.54572296142578	2026-05-19T01:18:10.600
1779124690700	48.946904203592915	38.44676775244042	144.17174427468515	32.82558024222774	-71.54572296142578	2026-05-19T01:18:10.700
1779124690800	48.97379148593945	38.458783252383306	144.19801112315682	32.835609147393164	-71.54572296142578	2026-05-19T01:18:10.800
1779124690900	49.00068016496504	38.471798054374545	144.2243868348631	32.84663430605716	-71.54572296142578	2026-05-19T01:18:10.900
1779124691000	49.027569952766875	38.48381347984539	144.25065254898144	32.85666551678231	-71.54572296142578	2026-05-19T01:18:11.000
1779124691100	49.05445766115394	38.49582887210063	144.276914622738	32.86669812241412	-71.54572296142578	2026-05-19T01:18:11.100
1779124691200	49.0813455192105	38.508843554411065	144.30328428450406	32.877727072186964	-71.54572296142578	2026-05-19T01:18:11.200
1779124691300	49.10824134001392	38.52085888136891	144.3295504222397	32.887761592620635	-71.54572296142578	2026-05-19T01:18:11.300
1779124691400	49.13514870286987	38.53287416776089	144.35582555347222	32.89779652530209	-71.54572296142578	2026-05-19T01:18:11.400
1779124691500	49.16207259903627	38.54488943535834	144.3821143085949	32.90783153620689	-71.54572296142578	2026-05-19T01:18:11.500
1779124691600	49.18901801983006	38.55690468477834	144.40842131482262	32.91786627115901	-71.54572296142578	2026-05-19T01:18:11.600
1779124691700	49.21598855711839	38.56991925873196	144.43485886914937	32.92889562483904	-71.54572296142578	2026-05-19T01:18:11.700
1779124691800	49.2429920033318	38.58193447910657	144.46121621870145	32.938928758255976	-71.54572296142578	2026-05-19T01:18:11.800
1779124691900	49.27003194828917	38.59394969308407	144.48760569656469	32.948960568605834	-71.54572296142578	2026-05-19T01:18:11.900
1779124692000	49.29711338341786	38.60596490596242	144.51403192685095	32.958990710063816	-71.54572296142578	2026-05-19T01:18:12.000
1779124692100	49.32423966651722	38.61798011568782	144.54049801691164	32.969018947013716	-71.54572296142578	2026-05-19T01:18:12.100
1779124692200	49.3514076207287	38.62999531864012	144.56700101334718	32.97904550900852	-71.54572296142578	2026-05-19T01:18:12.200
1779124692300	49.37861243548292	38.64201052580823	144.59353644997535	32.989070756022976	-71.54572296142578	2026-05-19T01:18:12.300
1779124692400	49.40584930023661	38.6540257090817	144.6200998572712	32.9990950082099	-71.54572296142578	2026-05-19T01:18:12.400
1779124692500	49.43311202184442	38.667040220197514	144.6467941398181	33.01011390080153	-71.54572296142578	2026-05-19T01:18:12.500
1779124692600	49.460398556862636	38.679055370895625	144.6734000555286	33.02013722323129	-71.54572296142578	2026-05-19T01:18:12.600
1779124692700	49.4877027099666	38.69107049905278	144.70002054765217	33.030160591309	-71.54572296142578	2026-05-19T01:18:12.700
1779124692800	49.515019670470785	38.703085597661804	144.72665115240574	33.04018434264705	-71.54572296142578	2026-05-19T01:18:12.800
1779124692900	49.5423446276598	38.71510066113685	144.75328740702702	33.05020881537872	-71.54572296142578	2026-05-19T01:18:12.900
1779124693000	49.569672770776904	38.72711569334771	144.77992485063635	33.06023435615863	-71.54572296142578	2026-05-19T01:18:13.000
1779124693100	49.597000460813035	38.73913068703026	144.80656010817424	33.070261216569676	-71.54572296142578	2026-05-19T01:18:13.100
1779124693200	49.62432874579458	38.75114562833908	144.83319414890573	33.08028930883591	-71.54572296142578	2026-05-19T01:18:13.200
1779124693300	49.65165984546	38.763160545857346	144.85982903249428	33.090318504656985	-71.54572296142578	2026-05-19T01:18:13.300
1779124693400	49.67899597962223	38.77517542303657	144.88646681336394	33.100348631197356	-71.54572296142578	2026-05-19T01:18:13.400
1779124693500	49.70633936807354	38.78719026803005	144.91310954818425	33.110379540637965	-71.54572296142578	2026-05-19T01:18:13.500
1779124693600	49.73369087181183	38.800204422034625	144.93986623733278	33.12140639721885	-71.54572296142578	2026-05-19T01:18:13.600
1779124693700	49.76105543047909	38.81221920013435	144.96652500648136	33.13143840765295	-71.54572296142578	2026-05-19T01:18:13.700
1779124693800	49.78843390291192	38.82423395689555	144.99319489564513	33.14147074646757	-71.54572296142578	2026-05-19T01:18:13.800
1779124693900	49.81582850897762	38.83624868377459	145.0198779580898	33.151503250877944	-71.54572296142578	2026-05-19T01:18:13.900
1779124694000	49.843241468544306	38.848263381098846	145.04657624762692	33.16153576735236	-71.54572296142578	2026-05-19T01:18:14.000
1779124694100	49.870674956163285	38.8602780672406	145.0732917776176	33.171568163941586	-71.54572296142578	2026-05-19T01:18:14.100
1779124694200	49.89813096522895	38.8722927215262	145.10002638896665	33.18160028297443	-71.54572296142578	2026-05-19T01:18:14.200
1779124694300	49.92561144379508	38.88430735779048	145.1267818839318	33.191632004715	-71.54572296142578	2026-05-19T01:18:14.300
1779124694400	49.95311833994307	38.896321977992784	145.1535600631458	33.20166319796998	-71.54572296142578	2026-05-19T01:18:14.400
1779124694500	49.98065360176914	38.90833658137276	145.18036272659424	33.21169372920885	-71.54572296142578	2026-05-19T01:18:14.500
1779124694600	50.00821784040111	38.921350514358764	145.20729822734063	33.22271882972749	-71.54572296142578	2026-05-19T01:18:14.600
1779124694700	50.035815680120194	38.93336508959568	145.23415521859826	33.23274764949595	-71.54572296142578	2026-05-19T01:18:14.700
1779124694800	50.06344772988718	38.94537964065611	145.26104209124264	33.24277540385107	-71.54572296142578	2026-05-19T01:18:14.800
1779124694900	50.09111593780783	38.957394194406646	145.28796064676766	33.252801988277675	-71.54572296142578	2026-05-19T01:18:14.900
1779124695000	50.118822252065684	38.96940872770247	145.31491268097906	33.262827248825886	-71.54572296142578	2026-05-19T01:18:15.000
1779124695100	50.146567630232106	38.98142325795901	145.3418990763798	33.272851141628614	-71.54572296142578	2026-05-19T01:18:15.100
1779124695200	50.174349067631525	38.9934377777478	145.3689170437733	33.28287387529547	-71.54572296142578	2026-05-19T01:18:15.200
1779124695300	50.202162569003235	39.005452275370644	145.39596287688047	33.29289572282996	-71.54572296142578	2026-05-19T01:18:15.300
1779124695400	50.23000413904405	39.017466753563085	145.42303287168403	33.302916970857375	-71.54572296142578	2026-05-19T01:18:15.400
1779124695500	50.25786846550528	39.0304805608395	145.45022951593643	33.31393330364055	-71.54572296142578	2026-05-19T01:18:15.500
1779124695600	50.28575418915422	39.04249499524984	145.47733668252374	33.32395420038911	-71.54572296142578	2026-05-19T01:18:15.600
1779124695700	50.31365599545184	39.05450939861026	145.504456900936	33.33397533321081	-71.54572296142578	2026-05-19T01:18:15.700
1779124695800	50.341569889004106	39.06652377106391	145.53158646980364	33.34399698310734	-71.54572296142578	2026-05-19T01:18:15.800
1779124695900	50.369491874395	39.07853811170395	145.55872168837584	33.354019429270174	-71.54572296142578	2026-05-19T01:18:15.900
1779124696000	50.39741795619993	39.09055240827383	145.58585885542888	33.36404293882011	-71.54572296142578	2026-05-19T01:18:16.000
1779124696100	50.42534513841286	39.102566667887665	145.61299519755556	33.37406772795819	-71.54572296142578	2026-05-19T01:18:16.100
1779124696200	50.453274422899376	39.114580887628115	145.64013164076886	33.384093724718745	-71.54572296142578	2026-05-19T01:18:16.200
1779124696300	50.48120781099857	39.12659506673091	145.6672700360648	33.39412079012083	-71.54572296142578	2026-05-19T01:18:16.300
1779124696400	50.509147304052505	39.13860921118629	145.6944122347877	33.40414879229582	-71.54572296142578	2026-05-19T01:18:16.400
1779124696500	50.53709490343317	39.15062331297121	145.72156008643043	33.41417758580123	-71.54572296142578	2026-05-19T01:18:16.500
1779124696600	50.56505261049526	39.1626373865958	145.74871544250377	33.4242070480247	-71.54572296142578	2026-05-19T01:18:16.600
1779124696700	50.593022426632515	39.174651425487326	145.7758801519185	33.43423703573917	-71.54572296142578	2026-05-19T01:18:16.700
1779124696800	50.62100635323196	39.186665437294046	145.80305606472166	33.44426742026928	-71.54572296142578	2026-05-19T01:18:16.800
1779124696900	50.649006391709	39.198679416905655	145.83024502924238	33.45429806061784	-71.54572296142578	2026-05-19T01:18:16.900
1779124697000	50.67702454348156	39.2106933664746	145.85744889420914	33.4643288234097	-71.54572296142578	2026-05-19T01:18:17.000
1779124697100	50.70506281085953	39.22270729740531	145.884669509783	33.47435958481273	-71.54572296142578	2026-05-19T01:18:17.100
1779124697200	50.73312319976707	39.234721195388666	145.91190872634098	33.484390195524696	-71.54572296142578	2026-05-19T01:18:17.200
1779124697300	50.761207716997184	39.246735073770296	145.93916839763494	33.49442053412024	-71.54572296142578	2026-05-19T01:18:17.300
1779124697400	50.78931836938586	39.258748921364614	145.9664503744557	33.50445045513042	-71.54572296142578	2026-05-19T01:18:17.400
1779124697500	50.81745716374963	39.270762751528025	145.9937565098114	33.51447983792657	-71.54572296142578	2026-05-19T01:18:17.500
1779124697600	50.84562610692239	39.28277657347787	146.0210886558994	33.52450855815174	-71.54572296142578	2026-05-19T01:18:17.600
1779124697700	50.87382720579387	39.29479036170723	146.04844866088473	33.53453645725476	-71.54572296142578	2026-05-19T01:18:17.700
1779124697800	50.90206246720141	39.30680414132845	146.07583837789338	33.54456342750509	-71.54572296142578	2026-05-19T01:18:17.800
1779124697900	50.93033389803124	39.3188179083029	146.10325965660485	33.55458933253237	-71.54572296142578	2026-05-19T01:18:17.900
1779124698000	50.95864350518713	39.33083165401629	146.13071434584324	33.56461403180806	-71.54572296142578	2026-05-19T01:18:18.000
1779124698100	50.98699229250165	39.342845383295256	146.15820336806183	33.574637467319484	-71.54572296142578	2026-05-19T01:18:18.100
1779124698200	51.015377251538524	39.35485910387789	146.18572393637055	33.58465985886683	-71.54572296142578	2026-05-19T01:18:18.200
1779124698300	51.0437943707961	39.366872806304066	146.21327233530448	33.594681477164926	-71.54572296142578	2026-05-19T01:18:18.300
1779124698400	51.07223963874892	39.37888648139569	146.24084485016868	33.604702592429945	-71.54572296142578	2026-05-19T01:18:18.400
1779124698500	51.10070904383623	39.39090012908255	146.26843776796565	33.61472348316874	-71.54572296142578	2026-05-19T01:18:18.500
1779124698600	51.12919981997205	39.40191439448744	146.29594249235777	33.62374889536257	-71.54572296142578	2026-05-19T01:18:18.600
1779124698700	51.15770546218792	39.413927979886836	146.32356512304216	33.633770158102415	-71.54572296142578	2026-05-19T01:18:18.700
1779124698800	51.186223206711965	39.42594153702026	146.3511970221158	33.64379202647264	-71.54572296142578	2026-05-19T01:18:18.800
1779124698900	51.21474904190443	39.43795505359716	146.3788344782572	33.653814763659135	-71.54572296142578	2026-05-19T01:18:18.900
1779124699000	51.24327895608104	39.449968534009656	146.40647378263824	33.66383864867608	-71.54572296142578	2026-05-19T01:18:19.000
1779124699100	51.271809940677606	39.46198196448809	146.4341121522579	33.67386387341855	-71.54572296142578	2026-05-19T01:18:19.100
1779124699200	51.30034299956865	39.47399535890584	146.46175051532722	33.683890383983254	-71.54572296142578	2026-05-19T01:18:19.200
1779124699300	51.32888013979359	39.48600870271775	146.4893907237871	33.6939180302184	-71.54572296142578	2026-05-19T01:18:19.300
1779124699400	51.357423368368394	39.49802201023364	146.5170346322265	33.703946691113686	-71.54572296142578	2026-05-19T01:18:19.400
1779124699500	51.38597591636689	39.50903591834359	146.54457960714447	33.71298065485347	-71.54572296142578	2026-05-19T01:18:19.500
1779124699600	51.41453734039041	39.52104915633791	146.57223651795147	33.72301093981713	-71.54572296142578	2026-05-19T01:18:19.600
1779124699700	51.4431108739362	39.533062354934216	146.59990268551482	33.73304183293307	-71.54572296142578	2026-05-19T01:18:19.700
1779124699800	51.4716985240764	39.54507552122621	146.62757996217687	33.74307320759187	-71.54572296142578	2026-05-19T01:18:19.800
1779124699900	51.500302297909705	39.55708865020224	146.65527019864084	33.75310492552347	-71.54572296142578	2026-05-19T01:18:19.900
1779124700000	51.528924202523555	39.569101755877675	146.68297524722132	33.763136867812854	-71.54572296142578	2026-05-19T01:18:20.000
1779124700100	51.557566243959265	39.58111482321891	146.71069695581616	33.7731688870799	-71.54572296142578	2026-05-19T01:18:20.100
1779124700200	51.58623042386204	39.593127865561065	146.7384371708686	33.783200864902646	-71.54572296142578	2026-05-19T01:18:20.200
1779124700300	51.614918742813174	39.60514088181745	146.76619773593228	33.79323266896677	-71.54572296142578	2026-05-19T01:18:20.300
1779124700400	51.643633201407205	39.61715386959895	146.79398049405034	33.803264166062455	-71.54572296142578	2026-05-19T01:18:20.400
1779124700500	51.672375800240175	39.6291668351589	146.82178728879057	33.81329523199309	-71.54572296142578	2026-05-19T01:18:20.500
1779124700600	51.70114973737353	39.64018041249197	146.84951597074894	33.82233011151816	-71.54572296142578	2026-05-19T01:18:20.600
1779124700700	51.72995461610566	39.65219333085626	146.87737641106565	33.8323599185688	-71.54572296142578	2026-05-19T01:18:20.700
1779124700800	51.75879363695348	39.664206226914786	146.9052664146149	33.84238890551576	-71.54572296142578	2026-05-19T01:18:20.800
1779124700900	51.787668800558045	39.67621910885452	146.93318782366205	33.8524169517136	-71.54572296142578	2026-05-19T01:18:20.900
1779124701000	51.81658210759326	39.68823196723572	146.9611424782619	33.862443919365596	-71.54572296142578	2026-05-19T01:18:21.000
1779124701100	51.845534559950394	39.70024480730594	146.989131297598	33.872469752663044	-71.54572296142578	2026-05-19T01:18:21.100
1779124701200	51.87452316442004	39.71225762792526	147.01715151210763	33.88249465722183	-71.54572296142578	2026-05-19T01:18:21.200
1779124701300	51.903543928995376	39.72427042746502	147.04519943080794	33.89251890442086	-71.54572296142578	2026-05-19T01:18:21.300
1779124701400	51.93259403939116	39.735283829589896	147.0731677397644	33.90154709750656	-71.54572296142578	2026-05-19T01:18:21.400
1779124701500	51.96166714559183	39.74729657294146	147.1012600423254	33.91157082762374	-71.54572296142578	2026-05-19T01:18:21.500
1779124701600	51.99076043573662	39.75930928689111	147.1293689803401	33.92159470629431	-71.54572296142578	2026-05-19T01:18:21.600
1779124701700	52.01986991773504	39.7713219610168	147.1574908648904	33.93161899293216	-71.54572296142578	2026-05-19T01:18:21.700
1779124701800	52.04899276721112	39.78233522728964	147.18551857440008	33.94064827895493	-71.54572296142578	2026-05-19T01:18:21.800
1779124701900	52.078122654018316	39.79434782132337	147.21365533816234	33.95067418304372	-71.54572296142578	2026-05-19T01:18:21.900
1779124702000	52.107256756221894	39.80636037955399	147.2417939899062	33.96070130365452	-71.54572296142578	2026-05-19T01:18:22.000
1779124702100	52.13639206946375	39.8183728837043	147.26993175432006	33.9707298234336	-71.54572296142578	2026-05-19T01:18:22.100
1779124702200	52.165530698323856	39.82938598084253	147.29796626069674	33.97976400053894	-71.54572296142578	2026-05-19T01:18:22.200
1779124702300	52.19467225957615	39.84139839678791	147.32610582861443	33.98979508173383	-71.54572296142578	2026-05-19T01:18:22.300
1779124702400	52.22381984814487	39.85341077520854	147.35424895096295	33.999827260971976	-71.54572296142578	2026-05-19T01:18:22.400
1779124702500	52.252975398765564	39.86542310915887	147.3823974101403	34.00986040430899	-71.54572296142578	2026-05-19T01:18:22.500
1779124702600	52.28214199382395	39.87643603202107	147.4104499344881	34.01889867509573	-71.54572296142578	2026-05-19T01:18:22.600
1779124702700	52.31131927024121	39.88844829382165	147.43861446410426	34.02893337964477	-71.54572296142578	2026-05-19T01:18:22.700
1779124702800	52.34051031295601	39.900460513467706	147.46678967802285	34.03896867188713	-71.54572296142578	2026-05-19T01:18:22.800
1779124702900	52.36971819680029	39.91147331931057	147.49487444711812	34.048008698602295	-71.54572296142578	2026-05-19T01:18:22.900
1779124703000	52.398942573896235	39.923485470057216	147.52307642325502	34.05804480141324	-71.54572296142578	2026-05-19T01:18:23.000
1779124703100	52.428186577600016	39.93549758277536	147.55129447970666	34.068081117176646	-71.54572296142578	2026-05-19T01:18:23.100
1779124703200	52.45745355496261	39.946510297591026	147.57942789042943	34.07712177437387	-71.54572296142578	2026-05-19T01:18:23.200
1779124703300	52.486743509207045	39.95852234436535	147.60768432324105	34.08715809053014	-71.54572296142578	2026-05-19T01:18:23.300
1779124703400	52.516059845901125	39.970534372173056	147.63596305617537	34.09719420451048	-71.54572296142578	2026-05-19T01:18:23.400
1779124703500	52.54540596047586	39.98154698400871	147.66416355558002	34.10623419269392	-71.54572296142578	2026-05-19T01:18:23.500
1779124703600	52.57478187146191	39.993558955474676	147.69249320128083	34.116269445194334	-71.54572296142578	2026-05-19T01:18:23.600
1779124703700	52.60419097685591	40.0055708988679	147.72085141178795	34.12630405284869	-71.54572296142578	2026-05-19T01:18:23.700
1779124703800	52.63363554733506	40.01758281476792	147.74924027479932	34.13633787264924	-71.54572296142578	2026-05-19T01:18:23.800
1779124703900	52.663118968071274	40.028595331587276	147.7775594530037	34.14537499106131	-71.54572296142578	2026-05-19T01:18:23.900
1779124704000	52.69264127821148	40.04060720987245	147.80601593259888	34.1554068193323	-71.54572296142578	2026-05-19T01:18:24.000
1779124704100	52.722204653837366	40.05261905929001	147.83450820817086	34.16543750983925	-71.54572296142578	2026-05-19T01:18:24.100
1779124704200	52.7518064138148	40.06363151156642	147.86293050634438	34.17447153715874	-71.54572296142578	2026-05-19T01:18:24.200
1779124704300	52.78143934258707	40.0756433124179	147.8914828141298	34.1845007993621	-71.54572296142578	2026-05-19T01:18:24.300
1779124704400	52.811099549858596	40.087655081394026	147.92005819290802	34.19452984062074	-71.54572296142578	2026-05-19T01:18:24.400
1779124704500	52.840782036008356	40.09966681718275	147.94865203050318	34.20455899067211	-71.54572296142578	2026-05-19T01:18:24.500
1779124704600	52.87048289765943	40.11067913456667	147.97715763779505	34.21359276527565	-71.54572296142578	2026-05-19T01:18:24.600
1779124704700	52.90019493997278	40.122690800548014	148.00577460975407	34.22362311417378	-71.54572296142578	2026-05-19T01:18:24.700
1779124704800	52.92991426214208	40.134702409910936	148.0343962077636	34.233654535434304	-71.54572296142578	2026-05-19T01:18:24.800
1779124704900	52.959636952811756	40.14571459334172	148.06291589799665	34.24269154452467	-71.54572296142578	2026-05-19T01:18:24.900
1779124705000	52.989355832795056	40.15772611546699	148.09153297649715	34.252726111748096	-71.54572296142578	2026-05-19T01:18:25.000
1779124705100	53.019068775692176	40.16973757782016	148.12014250080534	34.26276260994188	-71.54572296142578	2026-05-19T01:18:25.100
1779124705200	53.048780774022795	40.18074961221512	148.14864630047333	34.271804961230046	-71.54572296142578	2026-05-19T01:18:25.200
1779124705300	53.07849535857206	40.192760977410856	148.17725322085678	34.281844460894646	-71.54572296142578	2026-05-19T01:18:25.300
1779124705400	53.108220382138	40.20377292191902	148.2057650079243	34.29088907464548	-71.54572296142578	2026-05-19T01:18:25.400
1779124705500	53.13795938612673	40.21578420726344	148.2343903016199	34.300930120308266	-71.54572296142578	2026-05-19T01:18:25.500
1779124705600	53.16771914290518	40.22779545897651	148.26303262079327	34.31097139809937	-71.54572296142578	2026-05-19T01:18:25.600
1779124705700	53.197506414324955	40.23880729098038	148.29159568400718	34.32001668049898	-71.54572296142578	2026-05-19T01:18:25.700
1779124705800	53.22732475773435	40.25081847826702	148.32028782521837	34.33005732840413	-71.54572296142578	2026-05-19T01:18:25.800
1779124705900	53.25718199965557	40.26183025427631	148.34891129225244	34.339101254927876	-71.54572296142578	2026-05-19T01:18:25.900
1779124706000	53.28708170813464	40.27384140275055	148.37767421227778	34.349139849573895	-71.54572296142578	2026-05-19T01:18:26.000
1779124706100	53.31702873616279	40.28585252089615	148.40647859514706	34.35917699142275	-71.54572296142578	2026-05-19T01:18:26.100
1779124706200	53.3470203006993	40.29686422992818	148.43521963636178	34.36821705789433	-71.54572296142578	2026-05-19T01:18:26.200
1779124706300	53.37704854782407	40.30887530321426	148.46409462163297	34.378252192259616	-71.54572296142578	2026-05-19T01:18:26.300
1779124706400	53.40710983935009	40.31988695466685	148.49289577991826	34.387290982199104	-71.54572296142578	2026-05-19T01:18:26.400
1779124706500	53.43719633205259	40.33189796201033	148.52182019089025	34.397325590555404	-71.54572296142578	2026-05-19T01:18:26.500
1779124706600	53.467303333736616	40.34390892831798	148.5507613504672	34.407360490480734	-71.54572296142578	2026-05-19T01:18:26.600
1779124706700	53.497426141371044	40.35492047441562	148.57961296483785	34.41640015400931	-71.54572296142578	2026-05-19T01:18:26.700
1779124706800	53.52755692784844	40.36693135288906	148.60857180208149	34.42643674173899	-71.54572296142578	2026-05-19T01:18:26.800
1779124706900	53.55769202779388	40.37794279853581	148.63743062055156	34.435478812006394	-71.54572296142578	2026-05-19T01:18:26.900
1779124707000	53.58782362486222	40.38995358430853	148.66638598193094	34.44551856097726	-71.54572296142578	2026-05-19T01:18:27.000
1779124707100	53.617948844671915	40.40196430880146	148.69533333386815	34.45556031212138	-71.54572296142578	2026-05-19T01:18:27.100
1779124707200	53.64807212791892	40.41297560024181	148.72417507795328	34.46460793206821	-71.54572296142578	2026-05-19T01:18:27.200
1779124707300	53.67819666345216	40.42498623172779	148.7531175752519	34.474652940384956	-71.54572296142578	2026-05-19T01:18:27.300
1779124707400	53.70832974768663	40.435997420304275	148.78196422115667	34.48370313023554	-71.54572296142578	2026-05-19T01:18:27.400
1779124707500	53.738474580404485	40.44800795649601	148.81092116505076	34.4937500584714	-71.54572296142578	2026-05-19T01:18:27.500
1779124707600	53.76863844717123	40.45901906426667	148.83979201281022	34.50280150967505	-71.54572296142578	2026-05-19T01:18:27.600
1779124707700	53.798824558748876	40.47102953071651	148.86878269945285	34.51284905722194	-71.54572296142578	2026-05-19T01:18:27.700
1779124707800	53.82904018984655	40.482040564861066	148.89769703982532	34.52190045530979	-71.54572296142578	2026-05-19T01:18:27.800
1779124707900	53.85928856222983	40.49405095986991	148.92674075473104	34.53194730333613	-71.54572296142578	2026-05-19T01:18:27.900
1779124708000	53.88957693968133	40.50506194149726	148.9557178720841	34.54099735666908	-71.54572296142578	2026-05-19T01:18:28.000
1779124708100	53.919908149197944	40.51607289317248	148.98473233830742	34.55004633151371	-71.54572296142578	2026-05-19T01:18:28.100
1779124708200	53.950279396561136	40.52808320937237	149.01388270272963	34.56009033056084	-71.54572296142578	2026-05-19T01:18:28.200
1779124708300	53.98068848392066	40.54009349230617	149.04306569806295	34.57013358732399	-71.54572296142578	2026-05-19T01:18:28.300
1779124708400	54.01113320234867	40.55110435426447	149.072178272249	34.57918032689695	-71.54572296142578	2026-05-19T01:18:28.400
1779124708500	54.041608358357934	40.56311457302561	149.1014177276495	34.58922272330615	-71.54572296142578	2026-05-19T01:18:28.500
1779124708600	54.072112734105886	40.57412536423447	149.13058096819103	34.59826900294484	-71.54572296142578	2026-05-19T01:18:28.600
1779124708700	54.102641147190035	40.58613551854428	149.15986508134014	34.608311369235686	-71.54572296142578	2026-05-19T01:18:28.700
1779124708800	54.13319236859357	40.59714623432657	149.18906718835927	34.61735801204304	-71.54572296142578	2026-05-19T01:18:28.800
1779124708900	54.1637612270588	40.609156293883075	149.21838415875797	34.62740114305904	-71.54572296142578	2026-05-19T01:18:28.900
1779124709000	54.194346482313286	40.62016692384868	149.2476133365651	34.63644896096427	-71.54572296142578	2026-05-19T01:18:29.000
1779124709100	54.224944740673926	40.63117751031434	149.27685238444022	34.64549762040976	-71.54572296142578	2026-05-19T01:18:29.100
1779124709200	54.255555787978004	40.64318744101345	149.30620165610256	34.65554309627927	-71.54572296142578	2026-05-19T01:18:29.200
1779124709300	54.286183119470266	40.65419793974608	149.3354631968295	34.66459325784474	-71.54572296142578	2026-05-19T01:18:29.300
1779124709400	54.31682634437534	40.6662077871351	149.36483769440812	34.674640060364325	-71.54572296142578	2026-05-19T01:18:29.400
1779124709500	54.34748894669811	40.677218198067635	149.39412741315994	34.6836913468755	-71.54572296142578	2026-05-19T01:18:29.500
1779124709600	54.37817054695618	40.68922795992999	149.42353282007582	34.69373909808751	-71.54572296142578	2026-05-19T01:18:29.600
1779124709700	54.4088746178766	40.70023828489128	149.45285639989365	34.70279113695827	-71.54572296142578	2026-05-19T01:18:29.700
1779124709800	54.43960174584597	40.71124857656526	149.48219906996798	34.71184341983672	-71.54572296142578	2026-05-19T01:18:29.800
1779124709900	54.470352528648	40.72325821965979	149.51166152078181	34.72189190272946	-71.54572296142578	2026-05-19T01:18:29.900
1779124710000	54.501130421994354	40.734268426660734	149.5410465720933	34.73094438272899	-71.54572296142578	2026-05-19T01:18:30.000
1779124710100	54.53193526353791	40.74527859592759	149.57045427629293	34.73999687275124	-71.54572296142578	2026-05-19T01:18:30.100
1779124710200	54.56276387324642	40.757288124049744	149.59998167624272	34.75004559091851	-71.54572296142578	2026-05-19T01:18:30.200
1779124710300	54.59361514604161	40.76829820917619	149.62942775349552	34.75909857567584	-71.54572296142578	2026-05-19T01:18:30.300
1779124710400	54.62448514169842	40.779308260614535	149.65888891468256	34.7681520992171	-71.54572296142578	2026-05-19T01:18:30.400
1779124710500	54.655369931489936	40.79131765203589	149.68846133606772	34.77820241581797	-71.54572296142578	2026-05-19T01:18:30.500
1779124710600	54.686268393054924	40.80232760682453	149.7179443432675	34.78725755978751	-71.54572296142578	2026-05-19T01:18:30.600
1779124710700	54.71717659473609	40.8133375131872	149.74743417267683	34.79631379399828	-71.54572296142578	2026-05-19T01:18:30.700
1779124710800	54.74809154225208	40.82434736435593	149.77692807133445	34.80537129911385	-71.54572296142578	2026-05-19T01:18:30.800
1779124710900	54.77900931831491	40.83635656798512	149.8065219923745	34.81542637894684	-71.54572296142578	2026-05-19T01:18:30.900
1779124711000	54.80992877746794	40.84736631001823	149.83601571705742	34.8244869913204	-71.54572296142578	2026-05-19T01:18:31.000
1779124711100	54.84084723360864	40.858376006793364	149.86550639171273	34.83354936657638	-71.54572296142578	2026-05-19T01:18:31.100
1779124711200	54.8717669487117	40.870385049345415	149.89509546436977	34.8436094230967	-71.54572296142578	2026-05-19T01:18:31.200
1779124711300	54.90269416470414	40.881394639438106	149.92458986085313	34.85267464980274	-71.54572296142578	2026-05-19T01:18:31.300
1779124711400	54.933632374811815	40.8924041840803	149.95409222063137	34.861740901979104	-71.54572296142578	2026-05-19T01:18:31.400
1779124711500	54.96458508389673	40.904413077464284	149.9837049509908	34.87180404138379	-71.54572296142578	2026-05-19T01:18:31.500
1779124711600	54.9955585165662	40.91542253064936	150.0132353201531	34.88087154172377	-71.54572296142578	2026-05-19T01:18:31.600
1779124711700	55.02655617481319	40.92643194451241	150.04278579267486	34.88993926876563	-71.54572296142578	2026-05-19T01:18:31.700
1779124711800	55.0575824691763	40.93744131714205	150.07236041325902	34.89900695425256	-71.54572296142578	2026-05-19T01:18:31.800
1779124711900	55.08864091627436	40.94945005288506	150.1020613551937	34.90907049227677	-71.54572296142578	2026-05-19T01:18:31.900
1779124712000	55.11973771750574	40.96045935345171	150.1316963454711	34.918137314484525	-71.54572296142578	2026-05-19T01:18:32.000
1779124712100	55.150875216228414	40.97146861562362	150.16136653945145	34.92720337642212	-71.54572296142578	2026-05-19T01:18:32.100
1779124712200	55.18205197113154	40.98247784828388	150.19107060870343	34.93626878221567	-71.54572296142578	2026-05-19T01:18:32.200
1779124712300	55.2132644883504	40.99448644017122	150.22090404363726	34.946329860673735	-71.54572296142578	2026-05-19T01:18:32.300
1779124712400	55.2445119234805	41.00549559599728	150.25066859306946	34.955394439932455	-71.54572296142578	2026-05-19T01:18:32.400
1779124712500	55.27579077965873	41.016504718824045	150.28045980911793	34.964458857304486	-71.54572296142578	2026-05-19T01:18:32.500
1779124712600	55.30709844516034	41.02751378800338	150.31027528800144	34.97352325697502	-71.54572296142578	2026-05-19T01:18:32.600
1779124712700	55.33843230821034	41.038522823812755	150.34011263042257	34.982587823349064	-71.54572296142578	2026-05-19T01:18:32.700
1779124712800	55.369788889706484	41.05053121833365	150.37006703321418	34.99264890886293	-71.54572296142578	2026-05-19T01:18:32.800
1779124712900	55.401167315532845	41.06154016227724	150.39994083824635	35.001714278531466	-71.54572296142578	2026-05-19T01:18:32.900
1779124713000	55.43256410356701	41.07254905703379	150.42982930421127	35.01078028825894	-71.54572296142578	2026-05-19T01:18:33.000
1779124713100	55.4639770805193	41.083557909996294	150.45973043478864	35.01984708069598	-71.54572296142578	2026-05-19T01:18:33.100
1779124713200	55.49540582723315	41.094566711812305	150.48964384158103	35.02891467501441	-71.54572296142578	2026-05-19T01:18:33.200
1779124713300	55.52684951068602	41.10657486402254	150.5196668389982	35.03897929454684	-71.54572296142578	2026-05-19T01:18:33.300
1779124713400	55.55830985802043	41.117583573095146	150.5496047831703	35.048048512374805	-71.54572296142578	2026-05-19T01:18:33.400
1779124713500	55.58978603322144	41.12859222832366	150.57955504776973	35.057118534968424	-71.54572296142578	2026-05-19T01:18:33.500
1779124713600	55.621278055652944	41.139600832620985	150.60951764792753	35.06618936710062	-71.54572296142578	2026-05-19T01:18:33.600
1779124713700	55.65278510430941	41.15160879833643	150.6395896586719	35.07625726151091	-71.54572296142578	2026-05-19T01:18:33.700
1779124713800	55.6843088823145	41.16261731240405	150.66957691467059	35.085329734624764	-71.54572296142578	2026-05-19T01:18:33.800
1779124713900	55.71584856565796	41.17362577057639	150.69957655016788	35.09440301797524	-71.54572296142578	2026-05-19T01:18:33.900
1779124714000	55.74740417369504	41.184634186635506	150.72958858133092	35.103477127194594	-71.54572296142578	2026-05-19T01:18:34.000
1779124714100	55.77897614505585	41.195642545803665	150.75961340597132	35.1125520242558	-71.54572296142578	2026-05-19T01:18:34.100
1779124714200	55.81056659535108	41.20665086724818	150.78965296270766	35.121627604381715	-71.54572296142578	2026-05-19T01:18:34.200
1779124714300	55.84217805948305	41.21765913654438	150.81970957089123	35.1307037046382	-71.54572296142578	2026-05-19T01:18:34.300
1779124714400	55.87381307235382	41.228667356180566	150.84978555104144	35.13978017952421	-71.54572296142578	2026-05-19T01:18:34.400
1779124714500	55.905474168871336	41.23967553869499	150.8798832241772	35.148856894131924	-71.54572296142578	2026-05-19T01:18:34.500
1779124714600	55.93716388397848	41.25068367085517	150.91000490835424	35.15793368843938	-71.54572296142578	2026-05-19T01:18:34.600
1779124714700	55.9688847526106	41.261691765681505	150.94015292369323	35.167010429173025	-71.54572296142578	2026-05-19T01:18:34.700
1779124714800	56.00063930973468	41.27269981439322	150.9703295877367	35.17608696190533	-71.54572296142578	2026-05-19T01:18:34.800
1779124714900	56.03243009031731	41.283707825956746	151.00053721926702	35.18516315048152	-71.54572296142578	2026-05-19T01:18:34.900
1779124715000	56.0642596293526	41.29471579217442	151.03077813493758	35.194238842218894	-71.54572296142578	2026-05-19T01:18:35.000
1779124715100	56.09612934926072	41.30572372546286	151.06105363330676	35.20331397180255	-71.54572296142578	2026-05-19T01:18:35.100
1779124715200	56.12803622219664	41.316731614523825	151.09136093215784	35.212388715288476	-71.54572296142578	2026-05-19T01:18:35.200
1779124715300	56.159976107716275	41.32773945786982	151.12169623127622	35.22146332393991	-71.54572296142578	2026-05-19T01:18:35.300
1779124715400	56.19194486535249	41.33874725422532	151.15205573123606	35.230538048296175	-71.54572296142578	2026-05-19T01:18:35.400
1779124715500	56.22393756935693	41.3507544239154	151.18253158211715	35.24060948266098	-71.54572296142578	2026-05-19T01:18:35.500
1779124715600	56.25595165284403	41.36176212858197	151.21292802595127	35.24968519713611	-71.54572296142578	2026-05-19T01:18:35.600
1779124715700	56.28798218691517	41.372769780353806	151.24333727666956	35.25876177122746	-71.54572296142578	2026-05-19T01:18:35.700
1779124715800	56.32002503100695	41.383777383667024	151.27375553848535	35.26783945740248	-71.54572296142578	2026-05-19T01:18:35.800
1779124715900	56.35207604454881	41.39478492320588	151.3041790144908	35.27691848749132	-71.54572296142578	2026-05-19T01:18:35.900
1779124716000	56.38413108691888	41.40579242003803	151.3346039120346	35.28599912864896	-71.54572296142578	2026-05-19T01:18:36.000
1779124716100	56.416187039552696	41.416799848442125	151.3650273709101	35.29508154017736	-71.54572296142578	2026-05-19T01:18:36.100
1779124716200	56.44824487202242	41.42780721611943	151.39545027911078	35.304165673182155	-71.54572296142578	2026-05-19T01:18:36.200
1779124716300	56.48030657594813	41.43881453623569	151.42587446102644	35.313251424296446	-71.54572296142578	2026-05-19T01:18:36.300
1779124716400	56.51237414298208	41.44982179393157	151.45630173799753	35.322338662669544	-71.54572296142578	2026-05-19T01:18:36.400
1779124716500	56.544449564768684	41.46082899907802	151.48673393335542	35.331427282562075	-71.54572296142578	2026-05-19T01:18:36.500
1779124716600	56.576534832973046	41.47183614852797	151.51717286881652	35.34051716571302	-71.54572296142578	2026-05-19T01:18:36.600
1779124716700	56.60863268692461	41.48184383484337	151.5475251818298	35.34861180990246	-71.54572296142578	2026-05-19T01:18:36.700
1779124716800	56.64074361984294	41.49285087273694	151.5779831261267	35.357703871116925	-71.54572296142578	2026-05-19T01:18:36.800
1779124716900	56.67287037421873	41.50385786811259	151.6084532756959	35.36679686610308	-71.54572296142578	2026-05-19T01:18:36.900
1779124717000	56.70501494177	41.514864805059666	151.63893744955712	35.375890665707765	-71.54572296142578	2026-05-19T01:18:37.000
1779124717100	56.737179347658135	41.525871696472294	151.66943749972424	35.384985168002906	-71.54572296142578	2026-05-19T01:18:37.100
1779124717200	56.76936575088808	41.53687853396135	151.69995539830936	35.39408024250484	-71.54572296142578	2026-05-19T01:18:37.200
1779124717300	56.80157634391863	41.54788532538742	151.73049314918734	35.4031757734822	-71.54572296142578	2026-05-19T01:18:37.300
1779124717400	56.83381331923121	41.55889206431492	151.76105275446517	35.41227163145983	-71.54572296142578	2026-05-19T01:18:37.400
1779124717500	56.866078869305554	41.56989876274048	151.79163621758605	35.421367705850415	-71.54572296142578	2026-05-19T01:18:37.500
1779124717600	56.89837590574839	41.579905991081766	151.82215093717738	35.429467422075355	-71.54572296142578	2026-05-19T01:18:37.600
1779124717700	56.93070517967727	41.59091258745293	151.85278818442333	35.43856353793235	-71.54572296142578	2026-05-19T01:18:37.700
1779124717800	56.963069605897395	41.601919145765734	151.88345529434056	35.447659508067744	-71.54572296142578	2026-05-19T01:18:37.800
1779124717900	56.99547137695453	41.61292565249307	151.9141542663132	35.45675519850324	-71.54572296142578	2026-05-19T01:18:37.900
1779124718000	57.02791268538706	41.62393212094251	151.94488710184885	35.46585050253372	-71.54572296142578	2026-05-19T01:18:38.000
1779124718100	57.060394567876926	41.634938534847635	151.97565474160035	35.474945351304	-71.54572296142578	2026-05-19T01:18:38.100
1779124718200	57.092913437522185	41.64594491284673	152.00645389894242	35.48403997800852	-71.54572296142578	2026-05-19T01:18:38.200
1779124718300	57.12546524809271	41.655951820318506	152.0371860866666	35.49213817192169	-71.54572296142578	2026-05-19T01:18:38.300
1779124718400	57.158043860399054	41.66695809747453	152.06803530781326	35.50123316103533	-71.54572296142578	2026-05-19T01:18:38.400
1779124718500	57.19064523138462	41.677964324456646	152.09890301222748	35.51032875194971	-71.54572296142578	2026-05-19T01:18:38.500
1779124718600	57.223264618175946	41.68897049372502	152.12978485660003	35.519425214305436	-71.54572296142578	2026-05-19T01:18:38.600
1779124718700	57.25589727786477	41.699976610754234	152.16067649973598	35.52852282961157	-71.54572296142578	2026-05-19T01:18:38.700
1779124718800	57.288539147816834	41.70998324933478	152.19147979419705	35.536625365854945	-71.54572296142578	2026-05-19T01:18:38.800
1779124718900	57.32118412123335	41.72098924676284	152.2223780785592	35.54572609087801	-71.54572296142578	2026-05-19T01:18:38.900
1779124719000	57.35382813868221	41.73199518203234	152.25327314101966	35.55482878045035	-71.54572296142578	2026-05-19T01:18:39.000
1779124719100	57.386468038155	41.743001059239965	152.28416208967994	35.56393361979759	-71.54572296142578	2026-05-19T01:18:39.100
1779124719200	57.41910698165294	41.75400686716476	152.31504781501008	35.573040416643444	-71.54572296142578	2026-05-19T01:18:39.200
1779124719300	57.45175037613004	41.76401320502513	152.3458411856865	35.581152394622436	-71.54572296142578	2026-05-19T01:18:39.300
1779124719400	57.484401633466454	41.77501889999622	152.37673354279985	35.590262316426504	-71.54572296142578	2026-05-19T01:18:39.400
1779124719500	57.51706616394829	41.786024533730334	152.4076356847188	35.599373395210804	-71.54572296142578	2026-05-19T01:18:39.500
1779124719600	57.54974871066173	41.79703011865143	152.438551946597	35.60848537607727	-71.54572296142578	2026-05-19T01:18:39.600
1779124719700	57.58245401672991	41.80803565017937	152.46948666110688	35.617597988289724	-71.54572296142578	2026-05-19T01:18:39.700
1779124719800	57.61518682529717	41.81904113071554	152.50044416067985	35.62671096919237	-71.54572296142578	2026-05-19T01:18:39.800
1779124719900	57.64795252376234	41.829047139048434	152.5313357125341	35.63482749977936	-71.54572296142578	2026-05-19T01:18:39.900
1779124720000	57.68075456356313	41.8400525210013	152.56235184331922	35.64394042596341	-71.54572296142578	2026-05-19T01:18:40.000
1779124720100	57.71359717954893	41.85105784978958	152.59340269383816	35.653052995716976	-71.54572296142578	2026-05-19T01:18:40.100
1779124720200	57.74647996972086	41.861063717402985	152.62439445350782	35.66116871876012	-71.54572296142578	2026-05-19T01:18:40.200
1779124720300	57.77939947002984	41.87206895643729	152.6555108958751	35.670280851044595	-71.54572296142578	2026-05-19T01:18:40.300
1779124720400	57.81235412588331	41.88307414110009	152.68665708479506	35.679392953976446	-71.54572296142578	2026-05-19T01:18:40.400
1779124720500	57.84534236934287	41.89307986206416	152.71773836155148	35.68750858541238	-71.54572296142578	2026-05-19T01:18:40.500
1779124720600	57.87836075632741	41.90408493980249	152.74893808538056	35.696621016901545	-71.54572296142578	2026-05-19T01:18:40.600
1779124720700	57.9114083397687	41.914090550998814	152.78006901963732	35.70473722327356	-71.54572296142578	2026-05-19T01:18:40.700
1779124720800	57.9444816889562	41.9250955300285	152.8113142463749	35.71385050847785	-71.54572296142578	2026-05-19T01:18:40.800
1779124720900	57.97757984339014	41.935101028511255	152.84248680724158	35.72196780173857	-71.54572296142578	2026-05-19T01:18:40.900
1779124721000	58.01069938577547	41.94610589086372	152.87376950569083	35.73108243557477	-71.54572296142578	2026-05-19T01:18:41.000
1779124721100	58.04383877140163	41.95711070741555	152.90506792693915	35.74019794781062	-71.54572296142578	2026-05-19T01:18:41.100
1779124721200	58.076996575598194	41.96711603514114	152.93628805470001	35.74831781547917	-71.54572296142578	2026-05-19T01:18:41.200
1779124721300	58.11016960150876	41.97812073110391	152.9676124577452	35.7574354003381	-71.54572296142578	2026-05-19T01:18:41.300
1779124721400	58.1433570551259	41.98812594535626	152.99885506389762	35.76555756737182	-71.54572296142578	2026-05-19T01:18:41.400
1779124721500	58.176555753115935	41.99913052208929	153.03019815891022	35.774677684179835	-71.54572296142578	2026-05-19T01:18:41.500
1779124721600	58.20976430073717	42.010135036989986	153.061547832011	35.78379923773819	-71.54572296142578	2026-05-19T01:18:41.600
1779124721700	58.242981289678376	42.02014007207391	153.09281045453926	35.79192570129533	-71.54572296142578	2026-05-19T01:18:41.700
1779124721800	58.27620355691879	42.03114446667933	153.12416789002143	35.80105046555939	-71.54572296142578	2026-05-19T01:18:41.800
1779124721900	58.30943027448863	42.04114936556903	153.15543477392552	35.80918033885196	-71.54572296142578	2026-05-19T01:18:41.900
1779124722000	58.34265829293258	42.052153641242676	153.18679268933235	35.818308763622724	-71.54572296142578	2026-05-19T01:18:42.000
1779124722100	58.37588722292654	42.06315784626472	153.21814901216862	35.827439120216795	-71.54572296142578	2026-05-19T01:18:42.100
1779124722200	58.40912075120847	42.07316256219621	153.24941513790665	35.83557457164252	-71.54572296142578	2026-05-19T01:18:42.200
1779124722300	58.44236188331197	42.08416664787592	153.280777824587	35.84470823640616	-71.54572296142578	2026-05-19T01:18:42.300
1779124722400	58.475615891764214	42.09417124310214	153.31205801790162	35.85284652974921	-71.54572296142578	2026-05-19T01:18:42.400
1779124722500	58.5088857958063	42.105175205037845	153.34344218864607	35.861982590103665	-71.54572296142578	2026-05-19T01:18:42.500
1779124722600	58.542176854322854	42.11517968592789	153.3747515680612	35.87012282750586	-71.54572296142578	2026-05-19T01:18:42.600
1779124722700	58.57549210029863	42.12618353284793	153.40617233815735	35.87926039193686	-71.54572296142578	2026-05-19T01:18:42.700
1779124722800	58.60883677894504	42.13618790198577	153.43752601581056	35.88740167974403	-71.54572296142578	2026-05-19T01:18:42.800
1779124722900	58.64221393702355	42.14719164111158	153.4689984942669	35.89653986323472	-71.54572296142578	2026-05-19T01:18:42.900
1779124723000	58.67562880603192	42.15719590602492	153.50041157669867	35.904681320735996	-71.54572296142578	2026-05-19T01:18:43.000
1779124723100	58.709083868580485	42.16720011275235	153.53185904406402	35.91282258505705	-71.54572296142578	2026-05-19T01:18:43.100
1779124723200	58.74257716590695	42.17820369410056	153.5634303207741	35.92196047026493	-71.54572296142578	2026-05-19T01:18:43.200
1779124723300	58.776107225976716	42.188207793436234	153.59494154555313	35.930101680152596	-71.54572296142578	2026-05-19T01:18:43.300
1779124723400	58.80967044732966	42.19921126353155	153.62657178616038	35.93923980915276	-71.54572296142578	2026-05-19T01:18:43.400
1779124723500	58.84326534402015	42.20921524768636	153.6581374733134	35.94738154004796	-71.54572296142578	2026-05-19T01:18:43.500
1779124723600	58.87688884689827	42.21921917858928	153.68972694500286	35.95552375046679	-71.54572296142578	2026-05-19T01:18:43.600
1779124723700	58.910537900765576	42.23022248017261	153.72142824405486	35.96466332852441	-71.54572296142578	2026-05-19T01:18:43.700
1779124723800	58.944210998706296	42.240226294764945	153.7530582435862	35.97280692448721	-71.54572296142578	2026-05-19T01:18:43.800
1779124723900	58.97790457406669	42.251229475242845	153.78479528011792	35.98194817930317	-71.54572296142578	2026-05-19T01:18:43.900
1779124724000	59.011617105906836	42.26123316767704	153.81645652188087	35.99009372595318	-71.54572296142578	2026-05-19T01:18:44.000
1779124724100	59.0453459659214	42.27123680206582	153.84813032801895	35.9982404380929	-71.54572296142578	2026-05-19T01:18:44.100
1779124724200	59.079090233682685	42.282239802352265	153.8799063052534	36.00738511094546	-71.54572296142578	2026-05-19T01:18:44.200
1779124724300	59.112850907890085	42.292243311072546	153.91160438461984	36.015534205348565	-71.54572296142578	2026-05-19T01:18:44.300
1779124724400	59.14662699770908	42.303246184227554	153.943404482138	36.0246812754628	-71.54572296142578	2026-05-19T01:18:44.400
1779124724500	59.1804194877546	42.31324956511559	153.97512682490938	36.03283276308281	-71.54572296142578	2026-05-19T01:18:44.500
1779124724600	59.21422740128625	42.324252323283964	154.00695103376	36.0419822556924	-71.54572296142578	2026-05-19T01:18:44.600
1779124724700	59.248051708810216	42.33425558338869	154.03869763093704	36.05013615668481	-71.54572296142578	2026-05-19T01:18:44.700
1779124724800	59.28189192391604	42.344258780695306	154.07045638931282	36.058291264395386	-71.54572296142578	2026-05-19T01:18:44.800
1779124724900	59.315747574369325	42.355261347983	154.10231678141406	36.06744439456635	-71.54572296142578	2026-05-19T01:18:44.900
1779124725000	59.349619609416344	42.365264419442425	154.13409977939185	36.075601930311365	-71.54572296142578	2026-05-19T01:18:45.000
1779124725100	59.383507976383974	42.37526743029276	154.16589531749838	36.0837606621367	-71.54572296142578	2026-05-19T01:18:45.100
1779124725200	59.41741432929471	42.386269813694575	154.19779457130787	36.09291730786014	-71.54572296142578	2026-05-19T01:18:45.200
1779124725300	59.45134213477666	42.39627270409903	154.2296212778585	36.10107808573079	-71.54572296142578	2026-05-19T01:18:45.300
1779124725400	59.48529346643028	42.40627552495453	154.26146707280435	36.10923967740586	-71.54572296142578	2026-05-19T01:18:45.400
1779124725500	59.51927086339355	42.41627828982439	154.2933342680997	36.1174019656364	-71.54572296142578	2026-05-19T01:18:45.500
1779124725600	59.55327686482231	42.42628100049618	154.32522517419184	36.125564822058145	-71.54572296142578	2026-05-19T01:18:45.600
1779124725700	59.58731400989183	42.43628364214502	154.357142099595	36.13372810236868	-71.54572296142578	2026-05-19T01:18:45.700
1779124725800	59.62138439730059	42.44728566683705	154.38917614774468	36.14288855420264	-71.54572296142578	2026-05-19T01:18:45.800
1779124725900	59.655491450802586	42.45728819447173	154.42115196453935	36.15105232525453	-71.54572296142578	2026-05-19T01:18:45.900
1779124726000	59.68963726552856	42.46729066200674	154.4531607280364	36.15921614435647	-71.54572296142578	2026-05-19T01:18:46.000
1779124726100	59.72382326788913	42.47729306946001	154.4852037322078	36.16737994352606	-71.54572296142578	2026-05-19T01:18:46.100
1779124726200	59.75804643306188	42.4872954244984	154.51727821551682	36.17554389838851	-71.54572296142578	2026-05-19T01:18:46.200
1779124726300	59.79230220101456	42.49829714795548	154.54946880896304	36.18470510539795	-71.54572296142578	2026-05-19T01:18:46.300
1779124726400	59.826587282503745	42.50829937931139	154.58159484494445	36.192870035058455	-71.54572296142578	2026-05-19T01:18:46.400
1779124726500	59.860897113819576	42.51830154951366	154.61374103456498	36.20103578684244	-71.54572296142578	2026-05-19T01:18:46.500
1779124726600	59.89522755726081	42.52830364702158	154.6459036034378	36.20920257223692	-71.54572296142578	2026-05-19T01:18:46.600
1779124726700	59.92957447509456	42.53830568738866	154.6780787803104	36.217370628725774	-71.54572296142578	2026-05-19T01:18:46.700
1779124726800	59.96393332540661	42.5493070943209	154.71035081195745	36.22653707557574	-71.54572296142578	2026-05-19T01:18:46.800
1779124726900	59.998300782433326	42.55930899793623	154.7425398095595	36.234708318655386	-71.54572296142578	2026-05-19T01:18:46.900
1779124727000	60.03267230055693	42.56931083893337	154.77473010119076	36.24288148708595	-71.54572296142578	2026-05-19T01:18:47.000
1779124727100	60.067044760660664	42.57931260519726	154.80691884393607	36.25105673327379	-71.54572296142578	2026-05-19T01:18:47.100
1779124727200	60.10141911835508	42.58931430368422	154.83910690809645	36.25923401472795	-71.54572296142578	2026-05-19T01:18:47.200
1779124727300	60.13579734794652	42.599315935259185	154.871296090964	36.26741322989822	-71.54572296142578	2026-05-19T01:18:47.300
1779124727400	60.1701810415583	42.61031694536414	154.9035757409059	36.27659122694967	-71.54572296142578	2026-05-19T01:18:47.400
1779124727500	60.20457294157938	42.62031844211883	154.93577247252702	36.284774008309356	-71.54572296142578	2026-05-19T01:18:47.500
1779124727600	60.238974636479874	42.63031986907482	154.96797571203862	36.292958416225204	-71.54572296142578	2026-05-19T01:18:47.600
1779124727700	60.27338810060051	42.64032123792848	155.00018725625583	36.30114436192645	-71.54572296142578	2026-05-19T01:18:47.700
1779124727800	60.30781530830198	42.65032253314407	155.03240889925883	36.3093317299729	-71.54572296142578	2026-05-19T01:18:47.800
1779124727900	60.34225823394483	42.660323763992004	155.06464243694117	36.31752043016456	-71.54572296142578	2026-05-19T01:18:47.900
1779124728000	60.3767188519047	42.67032492589219	155.09688966363242	36.325710358981794	-71.54572296142578	2026-05-19T01:18:48.000
1779124728100	60.41119918411107	42.68032602954835	155.12915241792444	36.33390142618788	-71.54572296142578	2026-05-19T01:18:48.100
1779124728200	60.445701442711204	42.69032706756006	155.16143270960103	36.34209351416708	-71.54572296142578	2026-05-19T01:18:48.200
1779124728300	60.480227887411175	42.700328037791685	155.193732591789	36.35028650865989	-71.54572296142578	2026-05-19T01:18:48.300
1779124728400	60.51478077792545	42.71032894543707	155.22605411784588	36.35848030329039	-71.54572296142578	2026-05-19T01:18:48.400
1779124728500	60.54936237398099	42.72032979082829	155.25839934029912	36.366674787406176	-71.54572296142578	2026-05-19T01:18:48.500
1779124728600	60.58397493531865	42.73033056522904	155.2907703104836	36.37486984188331	-71.54572296142578	2026-05-19T01:18:48.600
1779124728700	60.61862072168374	42.74033127839998	155.3231690809311	36.38306536662581	-71.54572296142578	2026-05-19T01:18:48.700
1779124728800	60.65330199283477	42.75033193331777	155.35559770317633	36.391261255348105	-71.54572296142578	2026-05-19T01:18:48.800
1779124728900	60.688021008546244	42.76033251675925	155.38805822694553	36.39945738618346	-71.54572296142578	2026-05-19T01:18:48.900
1779124729000	60.7227800285959	42.770333038476934	155.42055270354484	36.40765366076612	-71.54572296142578	2026-05-19T01:18:49.000
1779124729100	60.75758010385914	42.78033350411258	155.45308208358662	36.41585003900187	-71.54572296142578	2026-05-19T01:18:49.100
1779124729200	60.79241744956021	42.79033389628786	155.485642916014	36.42404670495899	-71.54572296142578	2026-05-19T01:18:49.200
1779124729300	60.8272870719776	42.80033422891174	155.51823065333105	36.43224393460078	-71.54572296142578	2026-05-19T01:18:49.300
1779124729400	60.86218397737309	42.810334491756066	155.55084074686056	36.440441978548435	-71.54572296142578	2026-05-19T01:18:49.400
1779124729500	60.897103171979055	42.820334691841204	155.58346865031064	36.448641103363876	-71.54572296142578	2026-05-19T01:18:49.500
1779124729600	60.93203966200779	42.83033482271724	155.61610981713096	36.45684156090189	-71.54572296142578	2026-05-19T01:18:49.600
1779124729700	60.96698875000593	42.83933544048086	155.64867399520546	36.464046543922635	-71.54572296142578	2026-05-19T01:18:49.700
1779124729800	61.00194484561907	42.849335428742286	155.68132813584458	36.472250427449765	-71.54572296142578	2026-05-19T01:18:49.800
1779124729900	61.0369032551394	42.85933534424611	155.7139819070356	36.480456407393376	-71.54572296142578	2026-05-19T01:18:49.900
1779124730000	61.0718589846802	42.869335191439724	155.74663076675233	36.48866474138472	-71.54572296142578	2026-05-19T01:18:50.000
1779124730100	61.10680881891542	42.87933496317746	155.7792717902995	36.49687558444196	-71.54572296142578	2026-05-19T01:18:50.100
1779124730200	61.14175665683275	42.88933467096064	155.81190852452397	36.50508875073393	-71.54572296142578	2026-05-19T01:18:50.200
1779124730300	61.17670817603193	42.89933429912705	155.84454613051201	36.51330393878099	-71.54572296142578	2026-05-19T01:18:50.300
1779124730400	61.211669323854984	42.908334417549334	155.87710463997632	36.520523778318946	-71.54572296142578	2026-05-19T01:18:50.400
1779124730500	61.24664523468897	42.91833391084136	155.90975955704303	36.528742177382924	-71.54572296142578	2026-05-19T01:18:50.500
1779124730600	61.2816418597456	42.92833333515461	155.94243082803183	36.53696175995655	-71.54572296142578	2026-05-19T01:18:50.600
1779124730700	61.316664876728034	42.93833268994619	155.9751236112428	36.54518224545263	-71.54572296142578	2026-05-19T01:18:50.700
1779124730800	61.351720217783146	42.947332534478385	156.0077582655765	36.552406238641716	-71.54572296142578	2026-05-19T01:18:50.800
1779124730900	61.3868130479931	42.9573317566642	156.0405096276036	36.56062769706696	-71.54572296142578	2026-05-19T01:18:50.900
1779124731000	61.42194930339093	42.96733091576617	156.07329797147955	36.5688492334637	-71.54572296142578	2026-05-19T01:18:51.000
1779124731100	61.45713276914653	42.977330002105035	156.10612673036152	36.577070658302304	-71.54572296142578	2026-05-19T01:18:51.100
1779124731200	61.492359898869466	42.986329578664574	156.13890799351188	36.58429503629617	-71.54572296142578	2026-05-19T01:18:51.200
1779124731300	61.52762453261946	42.996328533963826	156.171805605305	36.59251693418696	-71.54572296142578	2026-05-19T01:18:51.300
1779124731400	61.56292123517889	43.006327420624615	156.20472985223725	36.600739503055095	-71.54572296142578	2026-05-19T01:18:51.400
1779124731500	61.598244328433495	43.01632624173029	156.23767556965856	36.60896303405701	-71.54572296142578	2026-05-19T01:18:51.500
1779124731600	61.63358835773385	43.02532553866675	156.2705534662336	36.616190638796034	-71.54572296142578	2026-05-19T01:18:51.600
1779124731700	61.66894719404323	43.035324213247506	156.30352671687095	36.624416932010085	-71.54572296142578	2026-05-19T01:18:51.700
1779124731800	61.70431538654115	43.045322820250455	156.33650594934358	36.632645040787715	-71.54572296142578	2026-05-19T01:18:51.800
1779124731900	61.73968746881082	43.054321901831386	156.3694021303531	36.63987805786523	-71.54572296142578	2026-05-19T01:18:51.900
1779124732000	61.77505733509959	43.06432035792268	156.40237792811357	36.64811062215631	-71.54572296142578	2026-05-19T01:18:52.000
1779124732100	61.81042130199714	43.07431873963218	156.4353458441304	36.65634574992947	-71.54572296142578	2026-05-19T01:18:52.100
1779124732200	61.84578278713821	43.083317602829396	156.4682251857928	36.663586091364	-71.54572296142578	2026-05-19T01:18:52.200
1779124732300	61.881146383157706	43.093315837805825	156.5011878084658	36.67182578015142	-71.54572296142578	2026-05-19T01:18:52.300
1779124732400	61.91651729080073	43.10331400190305	156.53415454989667	36.68006738783233	-71.54572296142578	2026-05-19T01:18:52.400
1779124732500	61.95190069520031	43.11231264756974	156.56704658703615	36.687313462143884	-71.54572296142578	2026-05-19T01:18:52.500
1779124732600	61.987301212516385	43.12231066972707	156.6000352611475	36.69555817563736	-71.54572296142578	2026-05-19T01:18:52.600
1779124732700	62.0227242123561	43.131309168964684	156.63295847413323	36.70280685967507	-71.54572296142578	2026-05-19T01:18:52.700
1779124732800	62.05817432660496	43.1413070498291	156.66598722263387	36.711053719275114	-71.54572296142578	2026-05-19T01:18:52.800
1779124732900	62.09365690921265	43.15030540911578	156.69895975067703	36.71830406435141	-71.54572296142578	2026-05-19T01:18:52.900
1779124733000	62.12917660783583	43.16030314263207	156.73204670767575	36.72655211408169	-71.54572296142578	2026-05-19T01:18:53.000
1779124733100	62.16473738482449	43.17030081217045	156.76516842544208	36.73480047690163	-71.54572296142578	2026-05-19T01:18:53.100
1779124733200	62.200338342197355	43.17929895703417	156.79824117871385	36.74205195438674	-71.54572296142578	2026-05-19T01:18:53.200
1779124733300	62.235976884471306	43.189296481225234	156.83142850054534	36.75030115854011	-71.54572296142578	2026-05-19T01:18:53.300
1779124733400	62.27165105931889	43.19829448885551	156.86456289946415	36.75755371088839	-71.54572296142578	2026-05-19T01:18:53.400
1779124733500	62.30735828709708	43.20829186785444	156.8978075598003	36.76580422654824	-71.54572296142578	2026-05-19T01:18:53.500
1779124733600	62.34309659957209	43.21728973168604	156.93099534050597	36.77305831487551	-71.54572296142578	2026-05-19T01:18:53.600
1779124733700	62.37886343298899	43.22728696992538	156.9642890773414	36.78131061178914	-71.54572296142578	2026-05-19T01:18:53.700
1779124733800	62.41465680316217	43.236284683303	156.9975219791203	36.78856669241748	-71.54572296142578	2026-05-19T01:18:53.800
1779124733900	62.450474162270474	43.24628177396464	157.03085653272848	36.79682122438709	-71.54572296142578	2026-05-19T01:18:53.900
1779124734000	62.486313510129925	43.255279340016	157.06412629882809	36.804079758672835	-71.54572296142578	2026-05-19T01:18:54.000
1779124734100	62.52217249548849	43.264276830532445	157.09741149672087	36.81133968305056	-71.54572296142578	2026-05-19T01:18:54.100
1779124734200	62.55804900588177	43.27427369845908	157.1307921938785	36.81959839833244	-71.54572296142578	2026-05-19T01:18:54.200
1779124734300	62.59394135119765	43.28327104146413	157.16410278627654	36.82686140680174	-71.54572296142578	2026-05-19T01:18:54.300
1779124734400	62.62984735778855	43.2932677581817	157.19750518215943	36.83512340473192	-71.54572296142578	2026-05-19T01:18:54.400
1779124734500	62.6657653194509	43.302264953502736	157.23083413246007	36.842389880253215	-71.54572296142578	2026-05-19T01:18:54.500
1779124734600	62.70169307860949	43.31226152390664	157.26425119182613	36.85065554680447	-71.54572296142578	2026-05-19T01:18:54.600
1779124734700	62.73762891293968	43.32125856382737	157.29759146550427	36.857925860730575	-71.54572296142578	2026-05-19T01:18:54.700
1779124734800	62.77357077768288	43.330255530982534	157.33093480937632	36.8651982370986	-71.54572296142578	2026-05-19T01:18:54.800
1779124734900	62.80951664421633	43.34025187350902	157.36436072139117	36.873470101265475	-71.54572296142578	2026-05-19T01:18:54.900
1779124735000	62.84546476597661	43.34924868990247	157.39770484329478	36.880746881578496	-71.54572296142578	2026-05-19T01:18:55.000
1779124735100	62.881414098683365	43.358245427001066	157.4310476602268	36.88802594930356	-71.54572296142578	2026-05-19T01:18:55.100
1779124735200	62.91736756783291	43.36824154691854	157.46447288668494	36.896304524602456	-71.54572296142578	2026-05-19T01:18:55.200
1779124735300	62.95332933300527	43.37723813240471	157.49782207901956	36.903587710049884	-71.54572296142578	2026-05-19T01:18:55.300
1779124735400	62.989303304079314	43.386234643869294	157.53117993715028	36.91087267432747	-71.54572296142578	2026-05-19T01:18:55.400
1779124735500	63.025293407168334	43.39623053141604	157.56463080015973	36.91915659718285	-71.54572296142578	2026-05-19T01:18:55.500
1779124735600	63.06130377757896	43.4052268918315	157.59801676138568	36.9264445679598	-71.54572296142578	2026-05-19T01:18:55.600
1779124735700	63.09733833739694	43.41422317755617	157.631422249252	36.933733765772644	-71.54572296142578	2026-05-19T01:18:55.700
1779124735800	63.133401081155775	43.423219389581035	157.66485088282155	36.94102401002414	-71.54572296142578	2026-05-19T01:18:55.800
1779124735900	63.16949595132837	43.433214980088316	157.6983866373502	36.949312507065756	-71.54572296142578	2026-05-19T01:18:55.900
1779124736000	63.20562705072515	43.44221103287311	157.73187232438093	36.95660429696838	-71.54572296142578	2026-05-19T01:18:56.000
1779124736100	63.24179731821879	43.45120701434014	157.7653911037345	36.96389664386258	-71.54572296142578	2026-05-19T01:18:56.100
1779124736200	63.27800575065096	43.460202922705534	157.79894206041965	36.97118960079288	-71.54572296142578	2026-05-19T01:18:56.200
1779124736300	63.31425030962529	43.4701982102543	157.83260336656082	36.97948067600943	-71.54572296142578	2026-05-19T01:18:56.300
1779124736400	63.350529067896886	43.479193964222844	157.86621312299857	36.98677515230496	-71.54572296142578	2026-05-19T01:18:56.400
1779124736500	63.386839982942796	43.48818963780587	157.89984959439064	36.99407053269079	-71.54572296142578	2026-05-19T01:18:56.500
1779124736600	63.423181052021796	43.49718523593349	157.93351096127017	37.00136692147199	-71.54572296142578	2026-05-19T01:18:56.600
1779124736700	63.459550253201385	43.50718021332994	157.96727503072145	37.00966184754991	-71.54572296142578	2026-05-19T01:18:56.700
1779124736800	63.49594562622972	43.51617565425412	158.00098063730758	37.01696054797186	-71.54572296142578	2026-05-19T01:18:56.800
1779124736900	63.5323651450232	43.5251710226678	158.03470568193404	37.024260554697406	-71.54572296142578	2026-05-19T01:18:56.900
1779124737000	63.56880680680726	43.53416631331514	158.06844834568543	37.0315619597384	-71.54572296142578	2026-05-19T01:18:57.000
1779124737100	63.60526860880261	43.543161518775804	158.1022068098197	37.038864852411486	-71.54572296142578	2026-05-19T01:18:57.100
1779124737200	63.64174854823814	43.55215664989472	158.13597925739901	37.0461693397255	-71.54572296142578	2026-05-19T01:18:57.200
1779124737300	63.67824462233848	43.561151705322935	158.16976387086004	37.05347551598302	-71.54572296142578	2026-05-19T01:18:57.300
1779124737400	63.71475483821044	43.57114613445427	158.2036378109336	37.061780936626285	-71.54572296142578	2026-05-19T01:18:57.400
1779124737500	63.75127717745152	43.580141034156696	158.237441211444	37.06909077631826	-71.54572296142578	2026-05-19T01:18:57.500
1779124737600	63.78780964298471	43.589135849121156	158.27125132670002	37.07640257964036	-71.54572296142578	2026-05-19T01:18:57.600
1779124737700	63.82435023200113	43.598130584557104	158.3050663410225	37.083716445285866	-71.54572296142578	2026-05-19T01:18:57.700
1779124737800	63.86089694168378	43.60712524419766	158.33888443895367	37.091032469934554	-71.54572296142578	2026-05-19T01:18:57.800
1779124737900	63.89744776920714	43.6161198271215	158.37270380500803	37.09835074508035	-71.54572296142578	2026-05-19T01:18:57.900
1779124738000	63.93400071173754	43.62511432950989	158.40652262381226	37.10567135878442	-71.54572296142578	2026-05-19T01:18:58.000
1779124738100	63.97055476598767	43.63410875540015	158.44033998637101	37.11299436121749	-71.54572296142578	2026-05-19T01:18:58.100
1779124738200	64.00711292688757	43.64310309864735	158.47415860457826	37.12031961162753	-71.54572296142578	2026-05-19T01:18:58.200
1779124738300	64.04367918893594	43.65209735759342	158.50798209551243	37.12764692949357	-71.54572296142578	2026-05-19T01:18:58.300
1779124738400	64.08025754664845	43.661091549200414	158.54181407703152	37.13497615395724	-71.54572296142578	2026-05-19T01:18:58.400
1779124738500	64.11685199455546	43.670085655688155	158.57565816360315	37.14230709056507	-71.54572296142578	2026-05-19T01:18:58.500
1779124738600	64.15346652720459	43.67907968547481	158.60951797106782	37.14963957209226	-71.54572296142578	2026-05-19T01:18:58.600
1779124738700	64.1901051391584	43.688073631698316	158.64339711339935	37.156973417146204	-71.54572296142578	2026-05-19T01:18:58.700
1779124738800	64.22677182499652	43.697067500291425	158.67729920489404	37.164308458189325	-71.54572296142578	2026-05-19T01:18:58.800
1779124738900	64.26347057931387	43.706061289096226	158.7112278585433	37.17164452069625	-71.54572296142578	2026-05-19T01:18:58.900
1779124739000	64.30020539672086	43.715054991899116	158.74518668635017	37.17898142718345	-71.54572296142578	2026-05-19T01:18:59.000
1779124739100	64.33697928346164	43.724048623784114	158.77917840641763	37.18631906653209	-71.54572296142578	2026-05-19T01:18:59.100
1779124739200	64.37379129224979	43.73304216493144	158.8132021542975	37.19365746940393	-71.54572296142578	2026-05-19T01:18:59.200
1779124739300	64.41063948741129	43.74203562712491	158.84725617335758	37.20099674163594	-71.54572296142578	2026-05-19T01:18:59.300
1779124739400	64.4475219332633	43.751029008885574	158.88133870626638	37.20833697530858	-71.54572296142578	2026-05-19T01:18:59.400
1779124739500	64.48443669411435	43.76002230686111	158.91544799587624	37.215678260112085	-71.54572296142578	2026-05-19T01:18:59.500
1779124739600	64.52138183426582	43.769015523522306	158.9495822858174	37.22302069102694	-71.54572296142578	2026-05-19T01:18:59.600
1779124739700	64.55835541801065	43.77800865673956	158.98373981969377	37.23036435791874	-71.54572296142578	2026-05-19T01:18:59.700
1779124739800	64.59535539849861	43.78600225130285	159.01784213355046	37.23671176458242	-71.54572296142578	2026-05-19T01:18:59.800
1779124739900	64.6323800579895	43.79499521832703	159.0520409843696	37.24405817293742	-71.54572296142578	2026-05-19T01:18:59.900
1779124740000	64.66942735390055	43.803988107286195	159.08625781294307	37.25140609546219	-71.54572296142578	2026-05-19T01:19:00.000
1779124740100	64.70649529458485	43.81298091220529	159.12049081329366	37.25875561853146	-71.54572296142578	2026-05-19T01:19:00.100
1779124740200	64.743581664757	43.82197363627362	159.1547379781152	37.26610684691378	-71.54572296142578	2026-05-19T01:19:00.200
1779124740300	64.7806840605941	43.82996681290339	159.18892102601998	37.272462259673496	-71.54572296142578	2026-05-19T01:19:00.300
1779124740400	64.81780047181373	43.838959377493	159.22319044404423	37.27981720549552	-71.54572296142578	2026-05-19T01:19:00.400
1779124740500	64.85492849887991	43.84795184966683	159.25746785361954	37.28717415348807	-71.54572296142578	2026-05-19T01:19:00.500
1779124740600	64.89206572500626	43.855944781591596	159.29167526924246	37.29353558437623	-71.54572296142578	2026-05-19T01:19:00.600
1779124740700	64.92921016574917	43.864937099345795	159.32596259204658	37.30089686605708	-71.54572296142578	2026-05-19T01:19:00.700
1779124740800	64.966359408619	43.87392932971327	159.3602517381701	37.3082604577125	-71.54572296142578	2026-05-19T01:19:00.800
1779124740900	65.0035110238336	43.881922017492876	159.39446501675604	37.3146288156812	-71.54572296142578	2026-05-19T01:19:00.900
1779124741000	65.04066305284866	43.890914080470665	159.42875174154517	37.32199732802911	-71.54572296142578	2026-05-19T01:19:01.000
1779124741100	65.07781428222948	43.899906071593136	159.46303522197104	37.32936841069459	-71.54572296142578	2026-05-19T01:19:01.100
1779124741200	65.11496832936383	43.90789850891814	159.49724354224122	37.33574421543764	-71.54572296142578	2026-05-19T01:19:01.200
1779124741300	65.15213053391405	43.916890336919515	159.53153200665406	37.343119873959274	-71.54572296142578	2026-05-19T01:19:01.300
1779124741400	65.18930572967595	43.92588207639026	159.56582969677478	37.35049749604331	-71.54572296142578	2026-05-19T01:19:01.400
1779124741500	65.22649891765107	43.93487373148192	159.60014113379958	37.35787687439365	-71.54572296142578	2026-05-19T01:19:01.500
1779124741600	65.26371490996802	43.9428658365366	159.6343958897575	37.364260109972705	-71.54572296142578	2026-05-19T01:19:01.600
1779124741700	65.3009590810933	43.95185732921091	159.66874847855468	37.37164237338694	-71.54572296142578	2026-05-19T01:19:01.700
1779124741800	65.3382362475434	43.960848731555814	159.70312837156195	37.37902576110756	-71.54572296142578	2026-05-19T01:19:01.800
1779124741900	65.37555120841985	43.96884058624841	159.73746543606632	37.385412371509084	-71.54572296142578	2026-05-19T01:19:01.900
1779124742000	65.412909364395	43.97783181485822	159.77191358849987	37.392797393445306	-71.54572296142578	2026-05-19T01:19:02.000
1779124742100	65.45031373666143	43.9868229596656	159.80640098445215	37.40018300838739	-71.54572296142578	2026-05-19T01:19:02.100
1779124742200	65.48776019962145	43.994814550780184	159.8408497300794	37.406571668755774	-71.54572296142578	2026-05-19T01:19:02.200
1779124742300	65.52524348632942	44.003805523943036	159.8754034768562	37.4139590623504	-71.54572296142578	2026-05-19T01:19:02.300
1779124742400	65.5627574692927	44.011796936566384	159.9099084704202	37.42034998317366	-71.54572296142578	2026-05-19T01:19:02.400
1779124742500	65.6002968991116	44.02078773724158	159.94450796376532	37.42774014884167	-71.54572296142578	2026-05-19T01:19:02.500
1779124742600	65.63785563064096	44.02877897803367	159.97904860591578	37.434134324720176	-71.54572296142578	2026-05-19T01:19:02.600
1779124742700	65.67542843206952	44.0377696053255	160.01367324906414	37.44152824318683	-71.54572296142578	2026-05-19T01:19:02.700
1779124742800	65.71300914056269	44.04576067804701	160.0482289475855	37.447926653164785	-71.54572296142578	2026-05-19T01:19:02.800
1779124742900	65.7505925419322	44.05475114049127	160.08285815196038	37.45532530188088	-71.54572296142578	2026-05-19T01:19:02.900
1779124743000	65.7881724556223	44.062742046436945	160.11740832180067	37.46172890984143	-71.54572296142578	2026-05-19T01:19:03.000
1779124743100	65.82574533418895	44.070732867662166	160.1519497817296	37.46813539041343	-71.54572296142578	2026-05-19T01:19:03.100
1779124743200	65.8633152636881	44.07972308128006	160.1865593332025	37.47554236372407	-71.54572296142578	2026-05-19T01:19:03.200
1779124743300	65.90088746072801	44.08771374423959	160.22109536873216	37.48195404535877	-71.54572296142578	2026-05-19T01:19:03.300
1779124743400	65.93846817907014	44.09670378454751	160.25570964887115	37.489365738472564	-71.54572296142578	2026-05-19T01:19:03.400
1779124743500	65.9760626176427	44.10469427469816	160.2902609703862	37.49578165737898	-71.54572296142578	2026-05-19T01:19:03.500
1779124743600	66.01367704798665	44.11368414219452	160.32490068660587	37.50319712790698	-71.54572296142578	2026-05-19T01:19:03.600
1779124743700	66.05131665131569	44.121674457043554	160.35948799800775	37.50961634513193	-71.54572296142578	2026-05-19T01:19:03.700
1779124743800	66.08898743105804	44.12966468617296	160.39410111763786	37.516036863778396	-71.54572296142578	2026-05-19T01:19:03.800
1779124743900	66.12669540845695	44.13865429169047	160.4288178482085	37.52345625535689	-71.54572296142578	2026-05-19T01:19:03.900
1779124744000	66.16444573808377	44.14664433818651	160.4634979996929	37.529878684407606	-71.54572296142578	2026-05-19T01:19:04.000
1779124744100	66.20224261659472	44.154634293607046	160.49821783227483	37.53630180125261	-71.54572296142578	2026-05-19T01:19:04.100
1779124744200	66.24008297784825	44.163623623723254	160.53304661774	37.54372357366343	-71.54572296142578	2026-05-19T01:19:04.200
1779124744300	66.2779610285786	44.17161339572041	160.56783491672215	37.55014858838036	-71.54572296142578	2026-05-19T01:19:04.300
1779124744400	66.31587187796379	44.179603080610946	160.60265046233647	37.55657488551129	-71.54572296142578	2026-05-19T01:19:04.400
1779124744500	66.35381065312441	44.188592141398274	160.63756057440682	37.56400051570484	-71.54572296142578	2026-05-19T01:19:04.500
1779124744600	66.39177153379075	44.19658164787458	160.67241643559294	37.57043003396784	-71.54572296142578	2026-05-19T01:19:04.600
1779124744700	66.429749642551	44.204571063016125	160.70728547146305	37.576861482992726	-71.54572296142578	2026-05-19T01:19:04.700
1779124744800	66.4677397891842	44.21256039384368	160.74216299365298	37.58329508438702	-71.54572296142578	2026-05-19T01:19:04.800
1779124744900	66.5057371187828	44.22154910287382	160.7771159095627	37.59072890241583	-71.54572296142578	2026-05-19T01:19:04.900
1779124745000	66.54373577493773	44.22953826229221	160.8119962362263	37.59716744868837	-71.54572296142578	2026-05-19T01:19:05.000
1779124745100	66.58173226155964	44.23752733382496	160.8468722181329	37.60360872371728	-71.54572296142578	2026-05-19T01:19:05.100
1779124745200	66.61972855409769	44.24651578825015	160.88181660808152	37.61105053612049	-71.54572296142578	2026-05-19T01:19:05.200
1779124745300	66.65772694919764	44.25450468913278	160.91668943310862	37.61749702736407	-71.54572296142578	2026-05-19T01:19:05.300
1779124745400	66.69573078117217	44.26249350550075	160.95156478074264	37.62394594580614	-71.54572296142578	2026-05-19T01:19:05.400
1779124745500	66.73374303996054	44.27048222874122	160.98644534885676	37.63039716448982	-71.54572296142578	2026-05-19T01:19:05.500
1779124745600	66.7717667155204	44.27847087428098	161.0213338365671	37.636850581305765	-71.54572296142578	2026-05-19T01:19:05.600
1779124745700	66.80980516936492	44.28745889407448	161.05630370114716	37.64430395984864	-71.54572296142578	2026-05-19T01:19:05.700
1779124745800	66.84786065289339	44.29544735810503	161.09121601311833	37.65076140266644	-71.54572296142578	2026-05-19T01:19:05.800
1779124745900	66.88593652310651	44.30343573107443	161.12614433488497	37.657220682824175	-71.54572296142578	2026-05-19T01:19:05.900
1779124746000	66.92403576999276	44.31142400723317	161.16109136219532	37.66368168046388	-71.54572296142578	2026-05-19T01:19:06.000
1779124746100	66.96216076031769	44.319412200219396	161.19605922923472	37.67014432065232	-71.54572296142578	2026-05-19T01:19:06.100
1779124746200	67.00031136788583	44.327400301930226	161.2310478185234	37.67660860610968	-71.54572296142578	2026-05-19T01:19:06.200
1779124746300	67.03848684326307	44.335388311439566	161.26605645069282	37.683074571316524	-71.54572296142578	2026-05-19T01:19:06.300
1779124746400	67.07668643701209	44.34337622647355	161.30108444639862	37.68954224919816	-71.54572296142578	2026-05-19T01:19:06.400
1779124746500	67.11490939969754	44.351364056498696	161.33613112723685	37.69601168419229	-71.54572296142578	2026-05-19T01:19:06.500
1779124746600	67.15315498187275	44.359351788649285	161.3711958133581	37.70248289822834	-71.54572296142578	2026-05-19T01:19:06.600
1779124746700	67.19142243409915	44.367339437385056	161.406277826942	37.708955940308535	-71.54572296142578	2026-05-19T01:19:06.700
1779124746800	67.22971100692382	44.375326987746824	161.44137648823187	37.71543082985	-71.54572296142578	2026-05-19T01:19:06.800
1779124746900	67.26801995090001	44.38331444661304	161.47649111911363	37.72190760786266	-71.54572296142578	2026-05-19T01:19:06.900
1779124747000	67.30634851657757	44.391301818366294	161.51162104141517	37.728386312652596	-71.54572296142578	2026-05-19T01:19:07.000
1779124747100	67.34469608072473	44.39928909880726	161.54676569035175	37.73486696882914	-71.54572296142578	2026-05-19T01:19:07.100
1779124747200	67.38306252500776	44.40727628526866	161.58192495678983	37.74134958272897	-71.54572296142578	2026-05-19T01:19:07.200
1779124747300	67.42144785732081	44.415263382715935	161.61709884600074	37.74783416338042	-71.54572296142578	2026-05-19T01:19:07.300
1779124747400	67.45985208555352	44.423250386746	161.6522873626073	37.75432071046152	-71.54572296142578	2026-05-19T01:19:07.400
1779124747500	67.49827521759988	44.43123730298011	161.687490511925	37.76080923366376	-71.54572296142578	2026-05-19T01:19:07.500
1779124747600	67.53671726134748	44.439224122908556	161.72270829829532	37.767299728572745	-71.54572296142578	2026-05-19T01:19:07.600
1779124747700	67.5751777613811	44.44621137902808	161.75787209673004	37.77279420500289	-71.54572296142578	2026-05-19T01:19:07.700
1779124747800	67.61365764757184	44.45419801465374	161.79311928043595	37.77928865899553	-71.54572296142578	2026-05-19T01:19:07.800
1779124747900	67.65215646913569	44.46218456146429	161.828381116618	37.78578510445059	-71.54572296142578	2026-05-19T01:19:07.900
1779124748000	67.69067423396157	44.470171015766084	161.86365760995176	37.79228354177898	-71.54572296142578	2026-05-19T01:19:08.000
1779124748100	67.72921106828537	44.4781573754077	161.8989488719325	37.7987839684118	-71.54572296142578	2026-05-19T01:19:08.100
1779124748200	67.76776757173359	44.48614364823699	161.93425544155173	37.80528637374226	-71.54572296142578	2026-05-19T01:19:08.200
1779124748300	67.80634397109202	44.493130346986334	161.96950998353964	37.81079269165877	-71.54572296142578	2026-05-19T01:19:08.300
1779124748400	67.84494196203383	44.50111643213421	162.0048492111957	37.81729896736247	-71.54572296142578	2026-05-19T01:19:08.400
1779124748500	67.88356177600913	44.509102419320485	162.04020568073952	37.82380714293617	-71.54572296142578	2026-05-19T01:19:08.500
1779124748600	67.92220413099457	44.51708830803461	162.07558003687913	37.83031719572321	-71.54572296142578	2026-05-19T01:19:08.600
1779124748700	67.96086974497571	44.52507411138403	162.11097292513335	37.83682911687577	-71.54572296142578	2026-05-19T01:19:08.700
1779124748800	67.99955882139604	44.53206034098861	162.14631755591236	37.8423448158677	-71.54572296142578	2026-05-19T01:19:08.800
1779124748900	68.03827310261268	44.54004594967049	162.1817495495412	37.848860380026984	-71.54572296142578	2026-05-19T01:19:08.900
1779124749000	68.07701279676358	44.54803146311486	162.21720200799865	37.85537773815131	-71.54572296142578	2026-05-19T01:19:09.000
1779124749100	68.1157780222196	44.55601688076457	162.25267503500353	37.861896891079034	-71.54572296142578	2026-05-19T01:19:09.100
1779124749200	68.15456649889029	44.56400220837698	162.28816657301624	37.86841793576531	-71.54572296142578	2026-05-19T01:19:09.200
1779124749300	68.19337480904287	44.570987959620695	162.32360713988177	37.87394289412874	-71.54572296142578	2026-05-19T01:19:09.300
1779124749400	68.232201144261	44.57897309363722	162.35912801554232	37.880468042000686	-71.54572296142578	2026-05-19T01:19:09.400
1779124749500	68.27104209151194	44.58695813975914	162.3946596099147	37.88699542011355	-71.54572296142578	2026-05-19T01:19:09.500
1779124749600	68.30989421890042	44.59394360755274	162.43013277398126	37.89252702925169	-71.54572296142578	2026-05-19T01:19:09.600
1779124749700	68.34875574624424	44.60192846389801	162.46567812568384	37.89905917954556	-71.54572296142578	2026-05-19T01:19:09.700
1779124749800	68.3876232463609	44.609913234500105	162.50122640777252	37.90559389104784	-71.54572296142578	2026-05-19T01:19:09.800
1779124749900	68.42649327316707	44.61689843133647	162.53670880561123	37.91113314995265	-71.54572296142578	2026-05-19T01:19:09.900
1779124750000	68.46536407477241	44.62488302070657	162.5722552728732	37.91767329228164	-71.54572296142578	2026-05-19T01:19:10.000
1779124750100	68.50423348655396	44.63286751919308	162.60779803592655	37.92421626500655	-71.54572296142578	2026-05-19T01:19:10.100
1779124750200	68.54310443195577	44.639852448965534	162.64327436649108	37.92976381353679	-71.54572296142578	2026-05-19T01:19:10.200
1779124750300	68.58198284791409	44.64783676624075	162.67882045217962	37.936312011252916	-71.54572296142578	2026-05-19T01:19:10.300
1779124750400	68.62087234942449	44.65482151346641	162.7143089409868	37.94186442652701	-71.54572296142578	2026-05-19T01:19:10.400
1779124750500	68.65977889236679	44.66280564069297	162.74987557224762	37.94841714857623	-71.54572296142578	2026-05-19T01:19:10.500
1779124750600	68.69870607283096	44.669790196833134	162.7853934398246	37.953973735823105	-71.54572296142578	2026-05-19T01:19:10.600
1779124750700	68.73765986567705	44.67777413638606	162.82099783462255	37.960530303890245	-71.54572296142578	2026-05-19T01:19:10.700
1779124750800	68.776643848041	44.684758492587065	162.8565622958968	37.9660903791802	-71.54572296142578	2026-05-19T01:19:10.800
1779124750900	68.81566401380623	44.69274223089946	162.8922216654514	37.97265011020878	-71.54572296142578	2026-05-19T01:19:10.900
1779124751000	68.854723921118	44.69972638223324	162.92784993003409	37.978213004728914	-71.54572296142578	2026-05-19T01:19:11.000
1779124751100	68.89382746249005	44.706710431728766	162.96351525683428	37.98377711558213	-71.54572296142578	2026-05-19T01:19:11.100
1779124751200	68.93297256066498	44.714693855574254	162.99927996628833	37.99034072222315	-71.54572296142578	2026-05-19T01:19:11.200
1779124751300	68.97215376196023	44.72167770026524	163.03501063394182	37.99590764400611	-71.54572296142578	2026-05-19T01:19:11.300
1779124751400	69.01136812469913	44.72966092281301	163.0708328816298	38.002474393751	-71.54572296142578	2026-05-19T01:19:11.400
1779124751500	69.05061017602473	44.73664456545716	163.10661373863127	38.00804476501198	-71.54572296142578	2026-05-19T01:19:11.500
1779124751600	69.08987634623348	44.74362811218022	163.14241406756216	38.01361709906782	-71.54572296142578	2026-05-19T01:19:11.600
1779124751700	69.12916308478734	44.75161103724654	163.1782942749348	38.020189745358344	-71.54572296142578	2026-05-19T01:19:11.700
1779124751800	69.16846489001114	44.75859438336374	163.2141220751472	38.025766465574186	-71.54572296142578	2026-05-19T01:19:11.800
1779124751900	69.20777886816192	44.76657711677887	163.25002195628403	38.032343823284435	-71.54572296142578	2026-05-19T01:19:11.900
1779124752000	69.24709949829162	44.773560277246666	163.28586208934846	38.03792555573576	-71.54572296142578	2026-05-19T01:19:12.000
1779124752100	69.28642393315327	44.78054334750262	163.32170339956136	38.0435099959535	-71.54572296142578	2026-05-19T01:19:12.100
1779124752200	69.3257521387615	44.78852580080911	163.35760886886456	38.050095387013116	-71.54572296142578	2026-05-19T01:19:12.200
1779124752300	69.3650827562812	44.79550868153798	163.3934511287342	38.05568529214109	-71.54572296142578	2026-05-19T01:19:12.300
1779124752400	69.40441644542577	44.80249147442098	163.42929390576944	38.06127793634507	-71.54572296142578	2026-05-19T01:19:12.400
1779124752500	69.44375388518783	44.81047365241344	163.46520046676173	38.067871551780634	-71.54572296142578	2026-05-19T01:19:12.500
1779124752600	69.48309368778696	44.81745625652344	163.50104413070676	38.073469669947166	-71.54572296142578	2026-05-19T01:19:12.600
1779124752700	69.52243652739965	44.82443876526749	163.53688828005892	38.07907052381855	-71.54572296142578	2026-05-19T01:19:12.700
1779124752800	69.56178309752357	44.83242066320728	163.57279583774366	38.08567237123493	-71.54572296142578	2026-05-19T01:19:12.800
1779124752900	69.60113198138879	44.839402988813426	163.60864081160932	38.091278712915276	-71.54572296142578	2026-05-19T01:19:12.900
1779124753000	69.64048386766389	44.84638522350791	163.6444862399013	38.09688779884847	-71.54572296142578	2026-05-19T01:19:13.000
1779124753100	69.67983945481737	44.853367367253576	163.68033275109613	38.10249960581159	-71.54572296142578	2026-05-19T01:19:13.100
1779124753200	69.71920228133509	44.86034941018582	163.7161835283489	38.10811400299903	-71.54572296142578	2026-05-19T01:19:13.200
1779124753300	69.75857659573042	44.86733136096117	163.75204239430127	38.11373085470793	-71.54572296142578	2026-05-19T01:19:13.300
1779124753400	69.79796738058945	44.87531269578833	163.78797541027475	38.120348294036084	-71.54572296142578	2026-05-19T01:19:13.400
1779124753500	69.83737742114072	44.8822944502417	163.82386180065538	38.1259696194351	-71.54572296142578	2026-05-19T01:19:13.500
1779124753600	69.8768116951454	44.88927610017842	163.85976774156083	38.13159296149955	-71.54572296142578	2026-05-19T01:19:13.600
1779124753700	69.91627445115657	44.896257654223014	163.895697053237	38.13721818952781	-71.54572296142578	2026-05-19T01:19:13.700
1779124753800	69.95576993772103	44.90323910043238	163.93165355406092	38.142845153538566	-71.54572296142578	2026-05-19T01:19:13.800
1779124753900	69.99530240340162	44.910220435493244	163.9676410623548	38.14847371343615	-71.54572296142578	2026-05-19T01:19:13.900
1779124754000	70.03487609678153	44.91720167050109	164.00366339673695	38.15410374478605	-71.54572296142578	2026-05-19T01:19:14.000
1779124754100	70.07449373470784	44.924182789966714	164.03972299587713	38.15973514969083	-71.54572296142578	2026-05-19T01:19:14.100
1779124754200	70.11415190714548	44.931163799000736	164.07581678868533	38.16536805846303	-71.54572296142578	2026-05-19T01:19:14.200
1779124754300	70.15384567232437	44.93814470280247	164.1119403269457	38.171002652087445	-71.54572296142578	2026-05-19T01:19:14.300
1779124754400	70.19357008846329	44.94512550703738	164.14808916316372	38.176639110548884	-71.54572296142578	2026-05-19T01:19:14.400
1779124754500	70.23332021375606	44.95210619981283	164.18425884946654	38.182277594825	-71.54572296142578	2026-05-19T01:19:14.500
1779124754600	70.27309110640826	44.959086799304224	164.22044494051136	38.18791829445451	-71.54572296142578	2026-05-19T01:19:14.600
1779124754700	70.31287782459333	44.9660672970573	164.2566429900231	38.19356137090236	-71.54572296142578	2026-05-19T01:19:14.700
1779124754800	70.35267542647831	44.97304769086644	164.2928485528031	38.19920699039773	-71.54572296142578	2026-05-19T01:19:14.800
1779124754900	70.39247897023073	44.980027993199634	164.3290571852343	38.20485533234825	-71.54572296142578	2026-05-19T01:19:14.900
1779124755000	70.43228351399462	44.98700820090698	164.36526444344267	38.21050655908151	-71.54572296142578	2026-05-19T01:19:15.000
1779124755100	70.47208551915027	44.99398831128478	164.40146714593266	38.2161607854677	-71.54572296142578	2026-05-19T01:19:15.100
1779124755200	70.51188706007305	45.00096833566753	164.4376671589885	38.221817954069074	-71.54572296142578	2026-05-19T01:19:15.200
1779124755300	70.55169161437176	45.00794826109088	164.4738676087019	38.22747793758369	-71.54572296142578	2026-05-19T01:19:15.300
1779124755400	70.59150182761968	45.01392860846934	164.5100117330262	38.23214225113609	-71.54572296142578	2026-05-19T01:19:15.400
1779124755500	70.63132283662091	45.02090833581344	164.54622255341036	38.2378075208598	-71.54572296142578	2026-05-19T01:19:15.500
1779124755600	70.67115729190198	45.027887969524784	164.58244318859218	38.243475274011445	-71.54572296142578	2026-05-19T01:19:15.600
1779124755700	70.71100867110736	45.03486750412034	164.61867676319383	38.24914539492715	-71.54572296142578	2026-05-19T01:19:15.700
1779124755800	70.7508804518886	45.0418469341848	164.6549264013612	38.2548177690546	-71.54572296142578	2026-05-19T01:19:15.800
1779124755900	70.79077525515241	45.04782677195971	164.6911359343147	38.259493885285664	-71.54572296142578	2026-05-19T01:19:15.900
1779124756000	70.83069826712256	45.05480599090205	164.72742719028597	38.26517043599856	-71.54572296142578	2026-05-19T01:19:16.000
1779124756100	70.87065104266841	45.06178510274424	164.76374291778225	38.27084895084055	-71.54572296142578	2026-05-19T01:19:16.100
1779124756200	70.91063083283078	45.0677646254545	164.80002249441097	38.27553108644414	-71.54572296142578	2026-05-19T01:19:16.200
1779124756300	70.95063642751357	45.07474352499541	164.83638125262874	38.281213763460755	-71.54572296142578	2026-05-19T01:19:16.300
1779124756400	70.99066401171144	45.08172231991345	164.8727574886295	38.286898676648526	-71.54572296142578	2026-05-19T01:19:16.400
1779124756500	71.0307106370599	45.08870101273134	164.9091485511545	38.29258592820785	-71.54572296142578	2026-05-19T01:19:16.500
1779124756600	71.07077246367325	45.09468011814323	164.94549333802706	38.297277184667756	-71.54572296142578	2026-05-19T01:19:16.600
1779124756700	71.1108483212091	45.10165861027405	164.98190622146228	38.302969407471664	-71.54572296142578	2026-05-19T01:19:16.700
1779124756800	71.1509343747525	45.10863699933088	165.0183259797056	38.308664261391975	-71.54572296142578	2026-05-19T01:19:16.800
1779124756900	71.19102676945502	45.11461580692391	165.05469187477533	38.31336340369662	-71.54572296142578	2026-05-19T01:19:16.900
1779124757000	71.23112436484173	45.1215940006352	165.091117554839	38.31906381364436	-71.54572296142578	2026-05-19T01:19:17.000
1779124757100	71.27122418497036	45.12857210213068	165.12754294745844	38.32476712366268	-71.54572296142578	2026-05-19T01:19:17.100
1779124757200	71.31132672960145	45.13455062135453	165.16391160390083	38.32947482580263	-71.54572296142578	2026-05-19T01:19:17.200
1779124757300	71.35143613171785	45.1415285212754	165.20034115694858	38.33518375532852	-71.54572296142578	2026-05-19T01:19:17.300
1779124757400	71.39155377003037	45.14850633028808	165.2367758228902	38.34089540084048	-71.54572296142578	2026-05-19T01:19:17.400
1779124757500	71.43168100323044	45.15448455008009	165.2731603007338	38.345611207125955	-71.54572296142578	2026-05-19T01:19:17.500
1779124757600	71.47182199431231	45.16146216069121	165.30961149567634	38.351328055336225	-71.54572296142578	2026-05-19T01:19:17.600
1779124757700	71.5119771605492	45.16744017294339	165.34601686715126	38.356048909083135	-71.54572296142578	2026-05-19T01:19:17.700
1779124757800	71.5521506849472	45.17441757239446	165.38249283296557	38.36177067420499	-71.54572296142578	2026-05-19T01:19:17.800
1779124757900	71.59234296478651	45.18039538283678	165.41892734023148	38.366496310903315	-71.54572296142578	2026-05-19T01:19:17.900
1779124758000	71.63255820309793	45.187372577502146	165.4554363174538	38.37222273182973	-71.54572296142578	2026-05-19T01:19:18.000
1779124758100	71.67279635929025	45.193350165923846	165.4919078235921	38.376952879503925	-71.54572296142578	2026-05-19T01:19:18.100
1779124758200	71.71305956738404	45.20032714403651	165.52845542277353	38.38268377247604	-71.54572296142578	2026-05-19T01:19:18.200
1779124758300	71.7533456776153	45.20630452872559	165.56496578755699	38.387418407783024	-71.54572296142578	2026-05-19T01:19:18.300
1779124758400	71.79365642625373	45.21328128574865	165.60155161507095	38.3931538042871	-71.54572296142578	2026-05-19T01:19:18.400
1779124758500	71.83398964343722	45.21925845400423	165.63810006981538	38.39789296327563	-71.54572296142578	2026-05-19T01:19:18.500
1779124758600	71.87434708557042	45.226234998908694	165.67472335778157	38.40363292074229	-71.54572296142578	2026-05-19T01:19:18.600
1779124758700	71.91472656262732	45.232211951505164	165.71130913480732	38.40837665243112	-71.54572296142578	2026-05-19T01:19:18.700
1779124758800	71.95512884944041	45.2381887896124	165.747913346833	38.41312267956015	-71.54572296142578	2026-05-19T01:19:18.800
1779124758900	71.99555474103094	45.24516501502429	165.7845914465624	38.41886956477789	-71.54572296142578	2026-05-19T01:19:18.900
1779124759000	72.03600201708977	45.25114164323504	165.8212318301894	38.42362024181174	-71.54572296142578	2026-05-19T01:19:19.000
1779124759100	72.07647126150758	45.257118164554555	165.8578898890619	38.428373263525266	-71.54572296142578	2026-05-19T01:19:19.100
1779124759200	72.11696225407587	45.26409406855148	165.89461977836214	38.43412722409937	-71.54572296142578	2026-05-19T01:19:19.200
1779124759300	72.15747150766282	45.27007037031813	165.93130952801087	38.43888506718035	-71.54572296142578	2026-05-19T01:19:19.300
1779124759400	72.19799859093602	45.276046570750886	165.96801323378392	38.443645399247174	-71.54572296142578	2026-05-19T01:19:19.400
1779124759500	72.23854309280986	45.28302215303555	166.00478449301275	38.449406826033794	-71.54572296142578	2026-05-19T01:19:19.500
1779124759600	72.2791014957384	45.28899814449562	166.04151208257022	38.45417227600839	-71.54572296142578	2026-05-19T01:19:19.600
1779124759700	72.31967338357427	45.29497403440274	166.0782497254544	38.458940355756454	-71.54572296142578	2026-05-19T01:19:19.700
1779124759800	72.36025836047023	45.301949304630945	166.11505064548638	38.46470968133635	-71.54572296142578	2026-05-19T01:19:19.800
1779124759900	72.40085287839112	45.30792498450149	166.1518043678883	38.46948315593466	-71.54572296142578	2026-05-19T01:19:19.900
1779124760000	72.44145653642045	45.31390056396931	166.18856424255546	38.47425939847349	-71.54572296142578	2026-05-19T01:19:20.000
1779124760100	72.48206812498385	45.3198760403448	166.2253291835777	38.47903844406011	-71.54572296142578	2026-05-19T01:19:20.100
1779124760200	72.52268738931453	45.32585141724722	166.26209896237359	38.48382030583677	-71.54572296142578	2026-05-19T01:19:20.200
1779124760300	72.56331431333454	45.33182668756479	166.29887356401548	38.4886049791896	-71.54572296142578	2026-05-19T01:19:20.300
1779124760400	72.60394996394693	45.33880135334561	166.33570674751363	38.49439108244274	-71.54572296142578	2026-05-19T01:19:20.400
1779124760500	72.64459216423947	45.344776423331545	166.37249082607326	38.499181403493225	-71.54572296142578	2026-05-19T01:19:20.500
1779124760600	72.68524197601836	45.3507513926958	166.40927968410963	38.50397454951057	-71.54572296142578	2026-05-19T01:19:20.600
1779124760700	72.72589938321205	45.35672626080754	166.44607330705853	38.50877052233351	-71.54572296142578	2026-05-19T01:19:20.700
1779124760800	72.76656436974767	45.36270102604159	166.48287168030626	38.51356932280168	-71.54572296142578	2026-05-19T01:19:20.800
1779124760900	72.8072369195565	45.3686756907095	166.5196747894526	38.51837095568236	-71.54572296142578	2026-05-19T01:19:20.900
1779124761000	72.84791701656438	45.374650252232534	166.55648261984004	38.52317542085109	-71.54572296142578	2026-05-19T01:19:21.000
1779124761100	72.88860489942172	45.38062471286371	166.5932953855831	38.527982715739284	-71.54572296142578	2026-05-19T01:19:21.100
1779124761200	72.92930182565838	45.386599075278184	166.63011421480624	38.53279280928669	-71.54572296142578	2026-05-19T01:19:21.200
1779124761300	72.97000930751562	45.3925733337406	166.66694046353254	38.53760565518912	-71.54572296142578	2026-05-19T01:19:21.300
1779124761400	73.0107288572308	45.3985474774256	166.70377548733669	38.54242120252154	-71.54572296142578	2026-05-19T01:19:21.400
1779124761500	73.05146198707403	45.40452152276095	166.74062064304354	38.547239428054354	-71.54572296142578	2026-05-19T01:19:21.500
1779124761600	73.09221020929377	45.41049546564085	166.77747728621242	38.55206028850779	-71.54572296142578	2026-05-19T01:19:21.600
1779124761700	73.13297503613738	45.41646929938712	166.8143467720875	38.556883738498115	-71.54572296142578	2026-05-19T01:19:21.700
1779124761800	73.17375797986006	45.422443022868165	166.8512304560218	38.56170973865048	-71.54572296142578	2026-05-19T01:19:21.800
1779124761900	73.21456055272134	45.42841663707556	166.8881296932967	38.566538252178994	-71.54572296142578	2026-05-19T01:19:21.900
1779124762000	73.25538426698255	45.43439014340672	166.92504583903127	38.571369243171524	-71.54572296142578	2026-05-19T01:19:22.000
1779124762100	73.2962303807635	45.44036353628004	166.9619800198922	38.57620267626505	-71.54572296142578	2026-05-19T01:19:22.100
1779124762200	73.33709913565258	45.44633681829758	166.99893245121314	38.58103855280039	-71.54572296142578	2026-05-19T01:19:22.200
1779124762300	73.37799051910032	45.45230999018026	167.03590312030923	38.585876879330215	-71.54572296142578	2026-05-19T01:19:22.300
1779124762400	73.41890333319635	45.45728355159399	167.0728407755806	38.58971896371737	-71.54572296142578	2026-05-19T01:19:22.400
1779124762500	73.45983993094512	45.46325649801128	167.109848009753	38.59456219841989	-71.54572296142578	2026-05-19T01:19:22.500
1779124762600	73.50079911959881	45.4692293366049	167.14687344381122	38.5994079029215	-71.54572296142578	2026-05-19T01:19:22.600
1779124762700	73.54178088660116	45.47520206348253	167.18391706485187	38.604256079159654	-71.54572296142578	2026-05-19T01:19:22.700
1779124762800	73.58278521939184	45.48117467134551	167.22097885980537	38.60910672566653	-71.54572296142578	2026-05-19T01:19:22.800
1779124762900	73.62381089428261	45.486147674136944	167.25800822023942	38.61296114403183	-71.54572296142578	2026-05-19T01:19:22.900
1779124763000	73.66486031583972	45.49212006579735	167.29510645463924	38.61781676627433	-71.54572296142578	2026-05-19T01:19:23.000
1779124763100	73.70593202389618	45.498092338470805	167.33222260839665	38.62267488280583	-71.54572296142578	2026-05-19T01:19:23.100
1779124763200	73.74702357111543	45.50306500527109	167.3693053775668	38.62653681458607	-71.54572296142578	2026-05-19T01:19:23.200
1779124763300	73.78813594329105	45.509037051729685	167.40645399598594	38.63140004828397	-71.54572296142578	2026-05-19T01:19:23.300
1779124763400	73.82926645665098	45.5150089970365	167.44361681488692	38.63626592064755	-71.54572296142578	2026-05-19T01:19:23.400
1779124763500	73.87041364885772	45.520980830008796	167.4807925218895	38.64113446396333	-71.54572296142578	2026-05-19T01:19:23.500
1779124763600	73.91157481018844	45.525953058621425	167.51793011479452	38.64500698258752	-71.54572296142578	2026-05-19T01:19:23.600
1779124763700	73.95275096790287	45.531924666106875	167.55512779262145	38.649880991525606	-71.54572296142578	2026-05-19T01:19:23.700
1779124763800	73.993939417497	45.53789617622714	167.59233442500968	38.6547578140335	-71.54572296142578	2026-05-19T01:19:23.800
1779124763900	74.03513743364235	45.54286808143434	167.62949939937837	38.658638725511715	-71.54572296142578	2026-05-19T01:19:23.900
1779124764000	74.07634607475747	45.548839373297824	167.66672013624947	38.66352127210778	-71.54572296142578	2026-05-19T01:19:24.000
1779124764100	74.11756283794911	45.554810569343886	167.70394608969988	38.66840675168375	-71.54572296142578	2026-05-19T01:19:24.100
1779124764200	74.15878606824754	45.55978215393735	167.7411280111256	38.67229638987053	-71.54572296142578	2026-05-19T01:19:24.200
1779124764300	74.20001815846733	45.56575313803354	167.77836370922847	38.67718774120499	-71.54572296142578	2026-05-19T01:19:24.300
1779124764400	74.24125638707214	45.57072451490122	167.8155553515193	38.68108325971706	-71.54572296142578	2026-05-19T01:19:24.400
1779124764500	74.28250316766587	45.57669529203228	167.85280022418613	38.68598051232281	-71.54572296142578	2026-05-19T01:19:24.500
1779124764600	74.32375575791144	45.58166646499987	167.89000101758165	38.68988193934887	-71.54572296142578	2026-05-19T01:19:24.600
1779124764700	74.36501659219934	45.587637022217685	167.92725449401092	38.69478510441435	-71.54572296142578	2026-05-19T01:19:24.700
1779124764800	74.40628290741307	45.592607991230935	167.96446386871557	38.698692463861434	-71.54572296142578	2026-05-19T01:19:24.800
1779124764900	74.44755715875203	45.598578345254644	168.0017253796999	38.70360158181621	-71.54572296142578	2026-05-19T01:19:24.900
1779124765000	74.48883656223921	45.603549094923004	168.03894276533453	38.7075148818609	-71.54572296142578	2026-05-19T01:19:25.000
1779124765100	74.53012264482659	45.608519745149316	168.0761643464283	38.711431159608175	-71.54572296142578	2026-05-19T01:19:25.100
1779124765200	74.57141845946117	45.61448978796236	168.11343926566283	38.71634917540614	-71.54572296142578	2026-05-19T01:19:25.200
1779124765300	74.61272344871392	45.61946022661376	168.15067407192944	38.72027126527804	-71.54572296142578	2026-05-19T01:19:25.300
1779124765400	74.65404103663857	45.62443055298144	168.18791837655797	38.72419617719641	-71.54572296142578	2026-05-19T01:19:25.400
1779124765500	74.69537466814519	45.63040026915252	168.22522126414518	38.72912268557269	-71.54572296142578	2026-05-19T01:19:25.500
1779124765600	74.73672375452213	45.63537037828337	168.26249007271304	38.7330531049466	-71.54572296142578	2026-05-19T01:19:25.600
1779124765700	74.77809173546163	45.640340369844246	168.29977401803868	38.736986194550745	-71.54572296142578	2026-05-19T01:19:25.700
1779124765800	74.81948207155556	45.64630974751969	168.33712178810413	38.74192074396014	-71.54572296142578	2026-05-19T01:19:25.800
1779124765900	74.86089414274967	45.65127951271013	168.37444151186574	38.74585904473003	-71.54572296142578	2026-05-19T01:19:25.900
1779124766000	74.90233140441529	45.65624916240454	168.41178200910994	38.749799877203735	-71.54572296142578	2026-05-19T01:19:26.000
1779124766100	74.94379523623655	45.661218689138245	168.44914451404767	38.75374320609226	-71.54572296142578	2026-05-19T01:19:26.100
1779124766200	74.98528414215183	45.66618809830326	168.48652768575144	38.757689080011	-71.54572296142578	2026-05-19T01:19:26.200
1779124766300	75.02679729528028	45.672156889812285	168.52397568447824	38.76263641182347	-71.54572296142578	2026-05-19T01:19:26.300
1779124766400	75.06832970959667	45.67712607170739	168.56139410227524	38.7665875678584	-71.54572296142578	2026-05-19T01:19:26.400
1779124766500	75.10988055297582	45.68209513827306	168.598827232847	38.770541450141174	-71.54572296142578	2026-05-19T01:19:26.500
1779124766600	75.15144761039203	45.687064082027284	168.63627309167114	38.774498109465135	-71.54572296142578	2026-05-19T01:19:26.600
1779124766700	75.19302866687136	45.69203293324262	168.67372969618842	38.778457633656735	-71.54572296142578	2026-05-19T01:19:26.700
1779124766800	75.23462292175219	45.69800116095482	168.71124053993864	38.78341892020945	-71.54572296142578	2026-05-19T01:19:26.800
1779124766900	75.27622533649178	45.70296978123299	168.74871254901842	38.78738430200213	-71.54572296142578	2026-05-19T01:19:26.900
1779124767000	75.31783510523003	45.70793830098378	168.78618935292198	38.791352709196744	-71.54572296142578	2026-05-19T01:19:27.000
1779124767100	75.3594505054891	45.712906714966486	168.82366940942865	38.79532417958628	-71.54572296142578	2026-05-19T01:19:27.100
1779124767200	75.40107178499703	45.717875021682204	168.86115294069123	38.799298707330834	-71.54572296142578	2026-05-19T01:19:27.200
1779124767300	75.44269968403295	45.72284322038383	168.89864060986417	38.80327627575116	-71.54572296142578	2026-05-19T01:19:27.300
1779124767400	75.4843363888725	45.72881081464723	168.93617775608493	38.80825576674346	-71.54572296142578	2026-05-19T01:19:27.400
1779124767500	75.52597975306958	45.73377879703053	168.97367555605769	38.81223937307139	-71.54572296142578	2026-05-19T01:19:27.500
1779124767600	75.5676319576464	45.73874667652171	169.0111794831976	38.81622597878459	-71.54572296142578	2026-05-19T01:19:27.600
1779124767700	75.60929374288168	45.743714451524305	169.04869020031356	38.82021556728759	-71.54572296142578	2026-05-19T01:19:27.700
1779124767800	75.65096584904485	45.748682114028526	169.0862083698565	38.82420811580886	-71.54572296142578	2026-05-19T01:19:27.800
1779124767900	75.6926490164186	45.75364966512601	169.12373465460698	38.82820361090662	-71.54572296142578	2026-05-19T01:19:27.900
1779124768000	75.73434398528329	45.75861710417358	169.16126971719353	38.83220203763923	-71.54572296142578	2026-05-19T01:19:28.000
1779124768100	75.77605124812148	45.763584433096696	169.19881399847242	38.83620338957958	-71.54572296142578	2026-05-19T01:19:28.100
1779124768200	75.81777030621689	45.76855165798515	169.23636705221847	38.84020768739309	-71.54572296142578	2026-05-19T01:19:28.200
1779124768300	75.85950041302553	45.77351876750973	169.27392820970275	38.84421493985207	-71.54572296142578	2026-05-19T01:19:28.300
1779124768400	75.90124082203013	45.77848576856342	169.31149680307195	38.8482251737036	-71.54572296142578	2026-05-19T01:19:28.400
1779124768500	75.94299078670875	45.78345266508428	169.34907216442076	38.852238412504406	-71.54572296142578	2026-05-19T01:19:28.500
1779124768600	75.98474956052179	45.78841944950642	169.38665362542534	38.85625466807656	-71.54572296142578	2026-05-19T01:19:28.600
1779124768700	76.02651639694784	45.793386126533235	169.42424051837196	38.86027396426688	-71.54572296142578	2026-05-19T01:19:28.700
1779124768800	76.06828902956661	45.797353197365496	169.46178938702866	38.86329737605804	-71.54572296142578	2026-05-19T01:19:28.800
1779124768900	76.11006974633645	45.802319659626654	169.49938527584263	38.86732280641992	-71.54572296142578	2026-05-19T01:19:28.900
1779124769000	76.1518562861265	45.80728601219364	169.5369845932894	38.871351331124416	-71.54572296142578	2026-05-19T01:19:29.000
1779124769100	76.19364840107392	45.81225226282	169.57458711831683	38.875382965014	-71.54572296142578	2026-05-19T01:19:29.100
1779124769200	76.23544783791797	45.817218408166354	169.61219441427005	38.87941766751694	-71.54572296142578	2026-05-19T01:19:29.200
1779124769300	76.27725529571065	45.82118493907573	169.6497663808174	38.88245641885063	-71.54572296142578	2026-05-19T01:19:29.300
1779124769400	76.31907610722072	45.82615086048613	169.6873893821507	38.886497099288974	-71.54572296142578	2026-05-19T01:19:29.400
1779124769500	76.36091097681614	45.831116671503864	169.72502318212892	38.89054070227167	-71.54572296142578	2026-05-19T01:19:29.500
1779124769600	76.40276058768944	45.83508286889206	169.76262808885625	38.89358820550346	-71.54572296142578	2026-05-19T01:19:29.600
1779124769700	76.44463030432439	45.84004844843804	169.80028964804697	38.897637503422196	-71.54572296142578	2026-05-19T01:19:29.700
1779124769800	76.48652081522657	45.845013908198474	169.83796803141993	38.901689579964746	-71.54572296142578	2026-05-19T01:19:29.800
1779124769900	76.52843278769461	45.848979747195735	169.87562395635106	38.9047454067541	-71.54572296142578	2026-05-19T01:19:29.900
1779124770000	76.57037161800196	45.85394496521589	169.9133421487312	38.90880290537514	-71.54572296142578	2026-05-19T01:19:30.000
1779124770100	76.61233723540553	45.85891005846066	169.95108252401135	38.91286306550796	-71.54572296142578	2026-05-19T01:19:30.100
1779124770200	76.65432657449311	45.86287553422759	169.98880288533715	38.915926938109905	-71.54572296142578	2026-05-19T01:19:30.200
1779124770300	76.69634060322515	45.86784038302216	170.0265831463911	38.91999255245859	-71.54572296142578	2026-05-19T01:19:30.300
1779124770400	76.73837391352305	45.87180561996826	170.0643397045891	38.923061984165535	-71.54572296142578	2026-05-19T01:19:30.400
1779124770500	76.78042749457609	45.87677023159195	170.10215192407202	38.92713327093585	-71.54572296142578	2026-05-19T01:19:30.500
1779124770600	76.82249591704678	45.88073522649697	170.13993675269228	38.93020846667286	-71.54572296142578	2026-05-19T01:19:30.600
1779124770700	76.86458019142223	45.88569961401821	170.17777300522982	38.93428564420569	-71.54572296142578	2026-05-19T01:19:30.700
1779124770800	76.90667486706599	45.88966438591202	170.21557818039545	38.9373668254801	-71.54572296142578	2026-05-19T01:19:30.800
1779124770900	76.94878097573432	45.89462854310441	170.2534305415637	38.94145008716589	-71.54572296142578	2026-05-19T01:19:30.900
1779124771000	76.99089304553252	45.89859309761935	170.29124814051917	38.94453745642495	-71.54572296142578	2026-05-19T01:19:31.000
1779124771100	77.0330109554757	45.90255753918501	170.32906946840953	38.947627976090715	-71.54572296142578	2026-05-19T01:19:31.100
1779124771200	77.07513647728861	45.90752137169435	170.36693413713024	38.951720677598125	-71.54572296142578	2026-05-19T01:19:31.200
1779124771300	77.1172669143139	45.91148560166921	170.40476353916287	38.95481750329348	-71.54572296142578	2026-05-19T01:19:31.300
1779124771400	77.1594061586581	45.91644921929138	170.4426370660169	38.958916493372335	-71.54572296142578	2026-05-19T01:19:31.400
1779124771500	77.20155149232814	45.9204132254473	170.48047666308818	38.962019571512954	-71.54572296142578	2026-05-19T01:19:31.500
1779124771600	77.24370516026072	45.92437712009722	170.51832222261731	38.96512575957708	-71.54572296142578	2026-05-19T01:19:31.600
1779124771700	77.28586942868033	45.92934040621675	170.55621308185582	38.96923409595026	-71.54572296142578	2026-05-19T01:19:31.700
1779124771800	77.32804154763245	45.93330408123397	170.5940720179362	38.97234648144698	-71.54572296142578	2026-05-19T01:19:31.800
1779124771900	77.3702254625397	45.93826714681499	170.63197703654956	38.97646100197026	-71.54572296142578	2026-05-19T01:19:31.900
1779124772000	77.4124184020868	45.94223060147034	170.66985146947528	38.979579546592376	-71.54572296142578	2026-05-19T01:19:32.000
1779124772100	77.45462251322425	45.9461939331371	170.7077344036278	38.98270114519497	-71.54572296142578	2026-05-19T01:19:32.100
1779124772200	77.49683946581322	45.95115666461561	170.74566392492468	38.98682488563166	-71.54572296142578	2026-05-19T01:19:32.200
1779124772300	77.53906570878688	45.95511977528558	170.78356353014976	38.98995263331366	-71.54572296142578	2026-05-19T01:19:32.300
1779124772400	77.58130278204455	45.95908277278107	170.82147133278147	38.993083460064554	-71.54572296142578	2026-05-19T01:19:32.400
1779124772500	77.62355224683449	45.96404516606093	170.85942488878388	38.997216451968576	-71.54572296142578	2026-05-19T01:19:32.500
1779124772600	77.66581052005164	45.96800794190854	170.89734853110596	39.00035346221211	-71.54572296142578	2026-05-19T01:19:32.600
1779124772700	77.7080791576074	45.97197060212188	170.93527995525545	39.00349356638672	-71.54572296142578	2026-05-19T01:19:32.700
1779124772800	77.75035973679105	45.97693265295943	170.97325629838699	39.00763585735273	-71.54572296142578	2026-05-19T01:19:32.800
1779124772900	77.79264864243113	45.98089509288237	171.0112027312105	39.01078218053282	-71.54572296142578	2026-05-19T01:19:32.900
1779124773000	77.83494744646264	45.984857414215405	171.04915653040763	39.013931611555996	-71.54572296142578	2026-05-19T01:19:33.000
1779124773100	77.87725602420022	45.988819627088155	171.0871175853267	39.01708416548869	-71.54572296142578	2026-05-19T01:19:33.100
1779124773200	77.91957437338705	45.992781731233556	171.1250858943956	39.02023984464013	-71.54572296142578	2026-05-19T01:19:33.200
1779124773300	77.96190252236092	45.99674371671213	171.1630614830537	39.02339864107107	-71.54572296142578	2026-05-19T01:19:33.300
1779124773400	78.00424049949528	46.00070559400139	171.2010443774896	39.02656056725949	-71.54572296142578	2026-05-19T01:19:33.400
1779124773500	78.04658833313762	46.00466735894842	171.23903460335424	39.02972562106743	-71.54572296142578	2026-05-19T01:19:33.500
1779124773600	78.08894605163239	46.00862900572322	171.27703218623972	39.032893798688946	-71.54572296142578	2026-05-19T01:19:33.600
1779124773700	78.13131368335321	46.01259054512824	171.31503715234015	39.03606511295254	-71.54572296142578	2026-05-19T01:19:33.700
1779124773800	78.17369125663757	46.016551967666835	171.35304952711456	39.03923955640408	-71.54572296142578	2026-05-19T01:19:33.800
1779124773900	78.21607879984694	46.02051327746682	171.39106933651388	39.042417135217185	-71.54572296142578	2026-05-19T01:19:33.900
1779124774000	78.25847634134698	46.024474480948676	171.42909660656792	39.04559785786576	-71.54572296142578	2026-05-19T01:19:34.000
1779124774100	78.30088391164081	46.02843556627005	171.46713136459445	39.04878171453684	-71.54572296142578	2026-05-19T01:19:34.100
1779124774200	78.34330154994227	46.032396537466	171.50517364623752	39.05196871114023	-71.54572296142578	2026-05-19T01:19:34.200
1779124774300	78.38572929763637	46.03635739893532	171.5432234890901	39.05515885392216	-71.54572296142578	2026-05-19T01:19:34.300
1779124774400	78.42816719608578	46.040318142709495	171.58128093030794	39.05835213677891	-71.54572296142578	2026-05-19T01:19:34.400
1779124774500	78.47061528669228	46.04427878275704	171.61934600781495	39.06154857554847	-71.54572296142578	2026-05-19T01:19:34.500
1779124774600	78.51307178195678	46.04723979647523	171.657384016033	39.063749012797764	-71.54572296142578	2026-05-19T01:19:34.600
1779124774700	78.55554037559185	46.05120020064212	171.69546461887265	39.06695173765453	-71.54572296142578	2026-05-19T01:19:34.700
1779124774800	78.59801928550549	46.05516049776281	171.73355297025486	39.070157620817405	-71.54572296142578	2026-05-19T01:19:34.800
1779124774900	78.6405085530451	46.059120672352684	171.77164910707418	39.07336664873316	-71.54572296142578	2026-05-19T01:19:34.900
1779124775000	78.68300821961915	46.063080742160906	171.80975306736894	39.07657884108326	-71.54572296142578	2026-05-19T01:19:35.000
1779124775100	78.72551828727941	46.06704069098337	171.84786485290059	39.0797941843063	-71.54572296142578	2026-05-19T01:19:35.100
1779124775200	78.76803860095605	46.07100053208697	171.88598432600745	39.0830126970309	-71.54572296142578	2026-05-19T01:19:35.200
1779124775300	78.81056896623433	46.07496025130881	171.92411131300156	39.086234371093795	-71.54572296142578	2026-05-19T01:19:35.300
1779124775400	78.85310731701763	46.077920357756405	171.9622120334642	39.08846006113093	-71.54572296142578	2026-05-19T01:19:35.400
1779124775500	78.89565719699883	46.08187985571281	172.00035367149897	39.09168809518198	-71.54572296142578	2026-05-19T01:19:35.500
1779124775600	78.93821654543284	46.0858392412637	172.03850230430234	39.09491931765732	-71.54572296142578	2026-05-19T01:19:35.600
1779124775700	78.98078516792357	46.08979851035975	172.07665775860403	39.0981537302488	-71.54572296142578	2026-05-19T01:19:35.700
1779124775800	79.02336287009763	46.09375767086079	172.114819861548	39.10139134648959	-71.54572296142578	2026-05-19T01:19:35.800
1779124775900	79.0659475589896	46.09671721361959	172.15295554411412	39.10363298801093	-71.54572296142578	2026-05-19T01:19:35.900
1779124776000	79.10854283195371	46.10067614273126	172.19113056700184	39.10687701127608	-71.54572296142578	2026-05-19T01:19:36.000
1779124776100	79.15114675643903	46.10463496282588	172.22931185780814	39.11012425184584	-71.54572296142578	2026-05-19T01:19:36.100
1779124776200	79.19375799840545	46.10759416067716	172.26746746810431	39.11237550575986	-71.54572296142578	2026-05-19T01:19:36.200
1779124776300	79.23638111743684	46.11155275268291	172.30566313323266	39.11562914358988	-71.54572296142578	2026-05-19T01:19:36.300
1779124776400	79.27901301451692	46.114511723384624	172.34383471948476	39.117886770846056	-71.54572296142578	2026-05-19T01:19:36.400
1779124776500	79.32165827063771	46.118470083487836	172.3820473895799	39.12114676417566	-71.54572296142578	2026-05-19T01:19:36.500
1779124776600	79.3643137653653	46.12142882363983	172.42023758252688	39.12341072442621	-71.54572296142578	2026-05-19T01:19:36.600
1779124776700	79.40698410112047	46.12538695289821	172.45846988795466	39.12667703827394	-71.54572296142578	2026-05-19T01:19:36.700
1779124776800	79.44966613601872	46.128345457895804	172.49668131788465	39.12894729187746	-71.54572296142578	2026-05-19T01:19:36.800
1779124776900	79.49236449393133	46.13230335010494	172.53493588834715	39.13221988591439	-71.54572296142578	2026-05-19T01:19:36.900
1779124777000	79.53507601151807	46.13526161728469	172.57317118520118	39.134496397084	-71.54572296142578	2026-05-19T01:19:37.000
1779124777100	79.5778027904953	46.13821976258592	172.61141895499264	39.13677603006487	-71.54572296142578	2026-05-19T01:19:37.100
1779124777200	79.62054463111129	46.14217730046846	172.6497082943706	39.14005804841491	-71.54572296142578	2026-05-19T01:19:37.200
1779124777300	79.66329485352085	46.145135208639644	172.68797454016018	39.14234405677439	-71.54572296142578	2026-05-19T01:19:37.300
1779124777400	79.70605465091671	46.14909252049053	172.7262771596753	39.14563255889144	-71.54572296142578	2026-05-19T01:19:37.400
1779124777500	79.74881732195867	46.15205020944896	172.76455206557173	39.14792514249502	-71.54572296142578	2026-05-19T01:19:37.500
1779124777600	79.79158408132263	46.156007298236624	172.80285814944062	39.15122030966343	-71.54572296142578	2026-05-19T01:19:37.600
1779124777700	79.83434820620832	46.15896477755607	172.84113190089386	39.15351965285484	-71.54572296142578	2026-05-19T01:19:37.700
1779124777800	79.87710893230445	46.16192215332412	172.87940146736597	39.15582243907557	-71.54572296142578	2026-05-19T01:19:37.800
1779124777900	79.91986551675366	46.16587894077988	172.91769441952053	39.15912795438373	-71.54572296142578	2026-05-19T01:19:37.900
1779124778000	79.96261120455736	46.16883611750853	172.95594811259565	39.1614377594876	-71.54572296142578	2026-05-19T01:19:38.000
1779124778100	80.00534641197837	46.17179320469218	172.994191302133	39.16375112447683	-71.54572296142578	2026-05-19T01:19:38.100
1779124778200	80.04807623441313	46.17574969982191	173.03245632471118	39.16706723620217	-71.54572296142578	2026-05-19T01:19:38.200
1779124778300	80.09080087134109	46.17870658749104	173.07068764002037	39.16938754197874	-71.54572296142578	2026-05-19T01:19:38.300
1779124778400	80.13352657724792	46.181663364117824	173.10891876840952	39.171711210079636	-71.54572296142578	2026-05-19T01:19:38.400
1779124778500	80.17625759008352	46.18462003664967	173.14715349520824	39.17403818563746	-71.54572296142578	2026-05-19T01:19:38.500
1779124778600	80.21899814774893	46.187576591264666	173.18539560485874	39.17636839440139	-71.54572296142578	2026-05-19T01:19:38.600
1779124778700	80.26175453682927	46.19153253553072	173.223677750032	39.1797010353569	-71.54572296142578	2026-05-19T01:19:38.700
1779124778800	80.304526903241	46.194488846574735	173.26194583368132	39.182037529557526	-71.54572296142578	2026-05-19T01:19:38.800
1779124778900	80.34732152821665	46.19744503225336	173.30023265273994	39.18437707650173	-71.54572296142578	2026-05-19T01:19:38.900
1779124779000	80.39014264965677	46.20040109170521	173.33854199091118	39.18671962042932	-71.54572296142578	2026-05-19T01:19:39.000
1779124779100	80.43299343872773	46.203357008726854	173.3768766788757	39.189065106766066	-71.54572296142578	2026-05-19T01:19:39.100
1779124779200	80.4758727998658	46.2063127936318	173.4152357386794	39.191413568685824	-71.54572296142578	2026-05-19T01:19:39.200
1779124779300	80.5187785707956	46.20926844764049	173.4536172399054	39.1937650448789	-71.54572296142578	2026-05-19T01:19:39.300
1779124779400	80.56171067544456	46.21322348027473	173.49204710422467	39.197118849582395	-71.54572296142578	2026-05-19T01:19:39.400
1779124779500	80.60466278451091	46.21617887755678	173.53046755190084	39.19947647143113	-71.54572296142578	2026-05-19T01:19:39.500
1779124779600	80.6476348165584	46.21913414488826	173.5689046504448	39.201837216664146	-71.54572296142578	2026-05-19T01:19:39.600
1779124779700	80.69062460933664	46.22208928942989	173.6073564701912	39.20420112708475	-71.54572296142578	2026-05-19T01:19:39.700
1779124779800	80.73363000058892	46.22504431368162	173.6458210814876	39.20656823912771	-71.54572296142578	2026-05-19T01:19:39.800
1779124779900	80.7766488280577	46.22799921816839	173.68429655477027	39.20893858654368	-71.54572296142578	2026-05-19T01:19:39.900
1779124780000	80.81967892950142	46.230954009358705	173.72278096077864	39.21131220831525	-71.54572296142578	2026-05-19T01:19:40.000
1779124780100	80.86271823467689	46.23390868144761	173.76127245219993	39.21368912921307	-71.54572296142578	2026-05-19T01:19:40.100
1779124780200	80.90576504143866	46.236863234298745	173.7997695105596	39.21606937410313	-71.54572296142578	2026-05-19T01:19:40.200
1779124780300	80.9488177397006	46.23981768460227	173.838270700077	39.21845298289858	-71.54572296142578	2026-05-19T01:19:40.300
1779124780400	80.99187471931528	46.24277201899912	173.87677458427356	39.22083996493931	-71.54572296142578	2026-05-19T01:19:40.400
1779124780500	81.03493222488639	46.24472673425465	173.9152534831057	39.22223104485524	-71.54572296142578	2026-05-19T01:19:40.500
1779124780600	81.07799293152121	46.247680854256124	173.95375859566784	39.22462485444413	-71.54572296142578	2026-05-19T01:19:40.600
1779124780700	81.12105308918967	46.2506348683011	173.9922620954596	39.22702211214233	-71.54572296142578	2026-05-19T01:19:40.700
1779124780800	81.16411108778131	46.25358877514691	174.0307625467354	39.229422837279884	-71.54572296142578	2026-05-19T01:19:40.800
1779124780900	81.207163150488	46.25554307303761	174.06923285675745	39.23082774462471	-71.54572296142578	2026-05-19T01:19:40.900
1779124781000	81.2502119952703	46.25849677979935	174.10772305121492	39.233235476274956	-71.54572296142578	2026-05-19T01:19:41.000
1779124781100	81.29325454928983	46.2614503859523	174.1462065142797	39.23564673173172	-71.54572296142578	2026-05-19T01:19:41.100
1779124781200	81.33629051271727	46.263404385242346	174.18465971117314	39.23706216952455	-71.54572296142578	2026-05-19T01:19:41.200
1779124781300	81.37932682721126	46.266357786327966	174.22313552725205	39.239480383714124	-71.54572296142578	2026-05-19T01:19:41.300
1779124781400	81.42236389690703	46.269311080832104	174.2616109042662	39.241902025765526	-71.54572296142578	2026-05-19T01:19:41.400
1779124781500	81.46540430331441	46.272264264960896	174.3000881471196	39.244327060624585	-71.54572296142578	2026-05-19T01:19:41.500
1779124781600	81.50844842378106	46.27421783403442	174.33854493137466	39.24575613404713	-71.54572296142578	2026-05-19T01:19:41.600
1779124781700	81.55150324275422	46.27717078909607	174.37703296686647	39.24818785363221	-71.54572296142578	2026-05-19T01:19:41.700
1779124781800	81.59456914296219	46.28012363307589	174.4155297822829	39.250622876634154	-71.54572296142578	2026-05-19T01:19:41.800
1779124781900	81.63764648565028	46.28207684339163	174.4540134936235	39.25206182694114	-71.54572296142578	2026-05-19T01:19:41.900
1779124782000	81.68074228738412	46.28502944031201	174.49253492827393	39.254503346983526	-71.54572296142578	2026-05-19T01:19:42.000
1779124782100	81.72385603523367	46.28798191368059	174.5310712704197	39.25694808724349	-71.54572296142578	2026-05-19T01:19:42.100
1779124782200	81.76698367654683	46.28993475319914	174.56959715382084	39.25839673102393	-71.54572296142578	2026-05-19T01:19:42.200
1779124782300	81.8101269825853	46.292886979125896	174.60815781276335	39.26084799584949	-71.54572296142578	2026-05-19T01:19:42.300
1779124782400	81.85328102654559	46.295839093084	174.64672694951503	39.26330258774502	-71.54572296142578	2026-05-19T01:19:42.400
1779124782500	81.89644086013143	46.29779157861502	174.68527885606878	39.26476118535051	-71.54572296142578	2026-05-19T01:19:42.500
1779124782600	81.93960828678394	46.30074346370762	174.72385788203752	39.26722252387861	-71.54572296142578	2026-05-19T01:19:42.600
1779124782700	81.982776100568	46.30269573023137	174.76241516494215	39.268687938100825	-71.54572296142578	2026-05-19T01:19:42.700
1779124782800	82.02594612629574	46.30564739595637	174.8009944632596	39.271156159527465	-71.54572296142578	2026-05-19T01:19:42.800
1779124782900	82.06911341043124	46.30859896409186	174.83957021821882	39.27362788082388	-71.54572296142578	2026-05-19T01:19:42.900
1779124783000	82.11227297793907	46.31055091913561	174.8781174616204	39.27510376689329	-71.54572296142578	2026-05-19T01:19:43.000
1779124783100	82.15542521420193	46.312502774887186	174.91665737510004	39.276583195374265	-71.54572296142578	2026-05-19T01:19:43.100
1779124783200	82.19857377716731	46.315454044978786	174.95521344884892	39.279065516007286	-71.54572296142578	2026-05-19T01:19:43.200
1779124783300	82.24171627367849	46.317405702639256	174.9937429462773	39.28055197400724	-71.54572296142578	2026-05-19T01:19:43.300
1779124783400	82.28485716917002	46.319357252183735	175.03227023057886	39.28204190024215	-71.54572296142578	2026-05-19T01:19:43.400
1779124783500	82.32800095037996	46.32230821050985	175.0708190727777	39.28453464678582	-71.54572296142578	2026-05-19T01:19:43.500
1779124783600	82.37114519216007	46.3242595441189	175.10934762400024	39.286031442420374	-71.54572296142578	2026-05-19T01:19:43.600
1779124783700	82.41429437593756	46.326210769054406	175.14787980331786	39.287531637842655	-71.54572296142578	2026-05-19T01:19:43.700
1779124783800	82.45745300438443	46.329161389753814	175.18643893673143	39.29003458061556	-71.54572296142578	2026-05-19T01:19:43.800
1779124783900	82.50061862041566	46.331112388248826	175.22498406413726	39.29154150557695	-71.54572296142578	2026-05-19T01:19:43.900
1779124784000	82.543795721383	46.33306326429775	175.26353865963353	39.293051755128175	-71.54572296142578	2026-05-19T01:19:44.000
1779124784100	82.58698612341124	46.335014019976924	175.302104344369	39.29456531598796	-71.54572296142578	2026-05-19T01:19:44.100
1779124784200	82.63019018318549	46.33696465737205	175.34068143751966	39.29608219006898	-71.54572296142578	2026-05-19T01:19:44.200
1779124784300	82.6734102407856	46.33991467756502	175.37929056943713	39.298601755737764	-71.54572296142578	2026-05-19T01:19:44.300
1779124784400	82.71664159679487	46.34186506851743	175.41789031136832	39.30012525891276	-71.54572296142578	2026-05-19T01:19:44.400
1779124784500	82.7598865860012	46.34381533633254	175.45650144250655	39.30165208111805	-71.54572296142578	2026-05-19T01:19:44.500
1779124784600	82.80314520024677	46.345765490334195	175.49512395670104	39.303182235228654	-71.54572296142578	2026-05-19T01:19:44.600
1779124784700	82.84641980090281	46.34871502397708	175.53377788911794	39.30571509927346	-71.54572296142578	2026-05-19T01:19:44.700
1779124784800	82.88970564594997	46.35066493106726	175.57242300094202	39.30725191035199	-71.54572296142578	2026-05-19T01:19:44.800
1779124784900	82.93300509147777	46.35261471628361	175.61107947658732	39.308792055902984	-71.54572296142578	2026-05-19T01:19:44.900
1779124785000	82.97631812929538	46.35456437522014	175.64974730964002	39.310335535061455	-71.54572296142578	2026-05-19T01:19:45.000
1779124785100	83.01964439444878	46.356513915809	175.6884261756923	39.3118823625963	-71.54572296142578	2026-05-19T01:19:45.100
1779124785200	83.06298209479873	46.35846333799847	175.72711447725484	39.31343255825452	-71.54572296142578	2026-05-19T01:19:45.200
1779124785300	83.1063290814222	46.36041264320169	175.76581029871753	39.31498614589438	-71.54572296142578	2026-05-19T01:19:45.300
1779124785400	83.14968320539225	46.36236182886354	175.80451172449227	39.31654314469329	-71.54572296142578	2026-05-19T01:19:45.400
1779124785500	83.19304231782898	46.3643109097116	175.8432168394159	39.31810359039595	-71.54572296142578	2026-05-19T01:19:45.500
1779124785600	83.23640426980188	46.366259877076345	175.8819237279757	39.31966749463875	-71.54572296142578	2026-05-19T01:19:45.600
1779124785700	83.27976691241797	46.36820873554292	175.92063047500633	39.32123488159735	-71.54572296142578	2026-05-19T01:19:45.700
1779124785800	83.32312809680343	46.37015749527607	175.95933516553788	39.32280578031228	-71.54572296142578	2026-05-19T01:19:45.800
1779124785900	83.36648567403691	46.37210614435584	175.99803588428628	39.32438019702752	-71.54572296142578	2026-05-19T01:19:45.900
1779124786000	83.40983749527004	46.37405469865362	176.0367307165719	39.32595816506151	-71.54572296142578	2026-05-19T01:19:46.000
1779124786100	83.45318220022178	46.37600315443898	176.07541845076165	39.32753969077832	-71.54572296142578	2026-05-19T01:19:46.100
1779124786200	83.49652158304744	46.37795150740468	176.1141006884964	39.329124753212156	-71.54572296142578	2026-05-19T01:19:46.200
1779124786300	83.53985822653443	46.37989976509743	176.15277973484677	39.330713337333634	-71.54572296142578	2026-05-19T01:19:46.300
1779124786400	83.58319225352969	46.38084839874569	176.19144039309748	39.33130598288556	-71.54572296142578	2026-05-19T01:19:46.400
1779124786500	83.6265311612401	46.382796435994315	176.23012012015968	39.332901514607755	-71.54572296142578	2026-05-19T01:19:46.500
1779124786600	83.6698750778446	46.38474436481724	176.26880356978808	39.33450049228084	-71.54572296142578	2026-05-19T01:19:46.600
1779124786700	83.71322658605932	46.38669217529796	176.307493046316	39.33610288683261	-71.54572296142578	2026-05-19T01:19:46.700
1779124786800	83.75658826861346	46.388639865791056	176.3461908541129	39.337708678316645	-71.54572296142578	2026-05-19T01:19:46.800
1779124786900	83.79996022193927	46.389587931102234	176.38488254552533	39.33831842659774	-71.54572296142578	2026-05-19T01:19:46.900
1779124787000	83.84334999602902	46.391535378788376	176.42360407849856	39.33993095612867	-71.54572296142578	2026-05-19T01:19:47.000
1779124787100	83.88675690175631	46.39348269659258	176.46234014998439	39.341546828948665	-71.54572296142578	2026-05-19T01:19:47.100
1779124787200	83.93017706553842	46.39443037976771	176.50107323646324	39.34216663295066	-71.54572296142578	2026-05-19T01:19:47.200
1779124787300	83.9736133240821	46.39637745478359	176.5398341640552	39.34378925712827	-71.54572296142578	2026-05-19T01:19:47.300
1779124787400	84.01706101828046	46.39832441189957	176.57860455401618	39.34541529056028	-71.54572296142578	2026-05-19T01:19:47.400
1779124787500	84.0605154678591	46.39927173321644	176.61736662872187	39.3460453076008	-71.54572296142578	2026-05-19T01:19:47.500
1779124787600	84.10397954124603	46.401218452516495	176.656150312684	39.3476782111701	-71.54572296142578	2026-05-19T01:19:47.600
1779124787700	84.14744603500635	46.402165554630386	176.69492212902514	39.3483151491624	-71.54572296142578	2026-05-19T01:19:47.700
1779124787800	84.19091783858639	46.404112050159306	176.7337113999395	39.34995500559627	-71.54572296142578	2026-05-19T01:19:47.800
1779124787900	84.23438772751847	46.405058930453556	176.77248525104176	39.350598927779565	-71.54572296142578	2026-05-19T01:19:47.900
1779124788000	84.2778586123539	46.40700521850154	176.81127240251925	39.35224581628724	-71.54572296142578	2026-05-19T01:19:48.000
1779124788100	84.32132616504626	46.40895140135786	176.85005585732304	39.35389623936748	-71.54572296142578	2026-05-19T01:19:48.100
1779124788200	84.36478750815827	46.40989797833827	176.88882053298522	39.35455076162929	-71.54572296142578	2026-05-19T01:19:48.200
1779124788300	84.40824779145585	46.41184395571364	176.92759621468267	39.356208258975116	-71.54572296142578	2026-05-19T01:19:48.300
1779124788400	84.45170194534386	46.412790323701074	176.96635350239896	39.35686984701649	-71.54572296142578	2026-05-19T01:19:48.400
1779124788500	84.49515514066869	46.41473610508166	177.00512157899752	39.358534423532355	-71.54572296142578	2026-05-19T01:19:48.500
1779124788600	84.53860228674884	46.415682269377896	177.04387164672517	39.35920307818238	-71.54572296142578	2026-05-19T01:19:48.600
1779124788700	84.58204857547479	46.417627845761245	177.08263228594492	39.36087472039396	-71.54572296142578	2026-05-19T01:19:48.700
1779124788800	84.62548889514572	46.41857380520082	177.1213753015313	39.36155043612359	-71.54572296142578	2026-05-19T01:19:48.800
1779124788900	84.6689284586715	46.42051917754973	177.16012867122248	39.36322914062986	-71.54572296142578	2026-05-19T01:19:48.900
1779124789000	84.7123621333332	46.421464931723115	177.19886480251088	39.36391191277461	-71.54572296142578	2026-05-19T01:19:49.000
1779124789100	84.75579287343447	46.42241059253413	177.23759791768293	39.3645982183098	-71.54572296142578	2026-05-19T01:19:49.100
1779124789200	84.79922494408564	46.42435565404192	177.27634278563212	39.3662874897478	-71.54572296142578	2026-05-19T01:19:49.200
1779124789300	84.84265511615905	46.425301096167516	177.31507444356993	39.36698079892758	-71.54572296142578	2026-05-19T01:19:49.300
1779124789400	84.88608797210613	46.42624643548264	177.35380809900263	39.367677599006946	-71.54572296142578	2026-05-19T01:19:49.400
1779124789500	84.92952811521904	46.4281911711881	177.39255835589103	39.36937733120144	-71.54572296142578	2026-05-19T01:19:49.500
1779124789600	84.97297228494836	46.42913627728611	177.4313011559019	39.37008105624589	-71.54572296142578	2026-05-19T01:19:49.600
1779124789700	85.01642507942445	46.430081272197974	177.4700512540908	39.370788234716365	-71.54572296142578	2026-05-19T01:19:49.700
1779124789800	85.05989111762554	46.43202566118506	177.50882280161554	39.37249831929764	-71.54572296142578	2026-05-19T01:19:49.800
1779124789900	85.10336710758602	46.43297041260132	177.54759264523761	39.37321236013394	-71.54572296142578	2026-05-19T01:19:49.900
1779124790000	85.14685766309518	46.43391504058472	177.58637508720852	39.37392981896928	-71.54572296142578	2026-05-19T01:19:50.000
1779124790100	85.19036410989038	46.43485954386453	177.62517131068668	39.37465069146413	-71.54572296142578	2026-05-19T01:19:50.100
1779124790200	85.23388515561875	46.43580392307007	177.66398016475026	39.37537498874923	-71.54572296142578	2026-05-19T01:19:50.200
1779124790300	85.27742151821057	46.43774768832014	177.7028115433867	39.37710219551048	-71.54572296142578	2026-05-19T01:19:50.300
1779124790400	85.3209659264232	46.43869182950603	177.74164030412246	39.3778333928047	-71.54572296142578	2026-05-19T01:19:50.400
1779124790500	85.36451909298009	46.43963584962415	177.78047649235637	39.37856805583048	-71.54572296142578	2026-05-19T01:19:50.500
1779124790600	85.40807907103428	46.44057975073219	177.81931837385775	39.37930619799557	-71.54572296142578	2026-05-19T01:19:50.600
1779124790700	85.45164391377993	46.441523547632336	177.85816421458404	39.38004784480168	-71.54572296142578	2026-05-19T01:19:50.700
1779124790800	85.49521167435311	46.44246723090112	177.8970122802683	39.38079299687522	-71.54572296142578	2026-05-19T01:19:50.800
1779124790900	85.53878040593237	46.443410804389515	177.93586083683928	39.38154166746598	-71.54572296142578	2026-05-19T01:19:50.900
1779124791000	85.58234816172258	46.44435427916474	177.97470815034643	39.38229387638911	-71.54572296142578	2026-05-19T01:19:51.000
1779124791100	85.62591328373054	46.44529764572242	178.01355274416497	39.383049621006236	-71.54572296142578	2026-05-19T01:19:51.100
1779124791200	85.6694752694155	46.44624091192419	178.05239417188747	39.38380891065907	-71.54572296142578	2026-05-19T01:19:51.200
1779124791300	85.71303390507562	46.4471840808614	178.09123224456195	39.38457174856648	-71.54572296142578	2026-05-19T01:19:51.300
1779124791400	85.75658897698223	46.448127145522264	178.1300667731382	39.38533812777173	-71.54572296142578	2026-05-19T01:19:51.400
1779124791500	85.80014027143004	46.4490701071977	178.1688975686562	39.386108049547836	-71.54572296142578	2026-05-19T01:19:51.500
1779124791600	85.8436875747291	46.450012972414136	178.20772444221026	39.38688152033044	-71.54572296142578	2026-05-19T01:19:51.600
1779124791700	85.8872306731631	46.45095573781832	178.2465472048008	39.387658536603084	-71.54572296142578	2026-05-19T01:19:51.700
1779124791800	85.93076661029842	46.45089889072664	178.28535631248602	39.38743960981055	-71.54572296142578	2026-05-19T01:19:51.800
1779124791900	85.97430065269661	46.45184145449311	178.32417043782664	39.388223713421716	-71.54572296142578	2026-05-19T01:19:51.900
1779124792000	86.01782984911819	46.452783919495594	178.36297988533514	39.38901136265903	-71.54572296142578	2026-05-19T01:19:52.000
1779124792100	86.0613544883356	46.453726285463574	178.40178491397668	39.38980255507389	-71.54572296142578	2026-05-19T01:19:52.100
1779124792200	86.10487686900818	46.454668545858944	178.44058757431685	39.39059727531572	-71.54572296142578	2026-05-19T01:19:52.200
1779124792300	86.14839702377051	46.454611192433795	178.47938176801344	39.39039602570998	-71.54572296142578	2026-05-19T01:19:52.300
1779124792400	86.19192328560779	46.455553243567834	178.5181873387666	39.39119777457586	-71.54572296142578	2026-05-19T01:19:52.400
1779124792500	86.23545569226606	46.45649517523142	178.55699803641156	39.39200301111376	-71.54572296142578	2026-05-19T01:19:52.500
1779124792600	86.27899426093192	46.45643748161259	178.59580821760093	39.391812240583505	-71.54572296142578	2026-05-19T01:19:52.600
1779124792700	86.32254735540249	46.457379179602604	178.63463681569604	39.39262443724761	-71.54572296142578	2026-05-19T01:19:52.700
1779124792800	86.36611499798789	46.45832075269184	178.67347803548495	39.39344009828607	-71.54572296142578	2026-05-19T01:19:52.800
1779124792900	86.40969719039138	46.458262685092336	178.7123266889634	39.393259719606796	-71.54572296142578	2026-05-19T01:19:52.900
1779124793000	86.45330232723178	46.459203996805584	178.75120079840357	39.394082285775504	-71.54572296142578	2026-05-19T01:19:53.000
1779124793100	86.49692911998395	46.46014517356038	178.7900938691729	39.39490830016396	-71.54572296142578	2026-05-19T01:19:53.100
1779124793200	86.54057107799134	46.460086709625834	178.82899539604955	39.39473828545007	-71.54572296142578	2026-05-19T01:19:53.200
1779124793300	86.5842288544281	46.46102762921194	178.86791556095247	39.39557125431097	-71.54572296142578	2026-05-19T01:19:53.300
1779124793400	86.62789466849466	46.461968437108226	178.90684255213267	39.39640774087555	-71.54572296142578	2026-05-19T01:19:53.400
1779124793500	86.67156071875881	46.46190962399521	178.94576516665828	39.396248260898055	-71.54572296142578	2026-05-19T01:19:53.500
1779124793600	86.7152276893299	46.462850217819536	178.98469267336355	39.39709182970944	-71.54572296142578	2026-05-19T01:19:53.600
1779124793700	86.75888494353622	46.4627912054652	179.02360724878395	39.396939467155235	-71.54572296142578	2026-05-19T01:19:53.700
1779124793800	86.80253318603081	46.46373161726059	179.0625175527329	39.39779019008742	-71.54572296142578	2026-05-19T01:19:53.800
1779124793900	86.84616175967439	46.46367243294918	179.1014063709092	39.39764500547655	-71.54572296142578	2026-05-19T01:19:53.900
1779124794000	86.88977138964329	46.46461268513556	179.14028175431025	39.39850293148187	-71.54572296142578	2026-05-19T01:19:54.000
1779124794100	86.93335306739876	46.46455335426077	179.1791285851943	39.39836496721272	-71.54572296142578	2026-05-19T01:19:54.100
1779124794200	86.97691588364795	46.46549345631428	179.21796174455213	39.399230099543495	-71.54572296142578	2026-05-19T01:19:54.200
1779124794300	87.02045915450398	46.46543396808072	179.25677416126265	39.39909930789474	-71.54572296142578	2026-05-19T01:19:54.300
1779124794400	87.0639936600668	46.46637390323461	179.2955815959619	39.399971579099294	-71.54572296142578	2026-05-19T01:19:54.400
1779124794500	87.10751869598393	46.466314230627276	179.33437758507463	39.399847885933376	-71.54572296142578	2026-05-19T01:19:54.500
1779124794600	87.15104506271717	46.467253968057705	179.37317728156347	39.400727224731035	-71.54572296142578	2026-05-19T01:19:54.600
1779124794700	87.19457203548887	46.46719408367382	179.41197482924102	39.400610568961504	-71.54572296142578	2026-05-19T01:19:54.700
1779124794800	87.23810753853815	46.46713408300467	179.4507799768854	39.40049741283468	-71.54572296142578	2026-05-19T01:19:54.800
1779124794900	87.28165951634239	46.468073469891685	179.489601865457	39.40138725237707	-71.54572296142578	2026-05-19T01:19:54.900
1779124795000	87.32522721361988	46.468013215616395	179.52843555025282	39.401281066493944	-71.54572296142578	2026-05-19T01:19:55.000
1779124795100	87.36881720241924	46.46795282581953	179.56728910545044	39.40117835720876	-71.54572296142578	2026-05-19T01:19:55.100
1779124795200	87.41243060566123	46.46889181305882	179.6061651216599	39.402078640975766	-71.54572296142578	2026-05-19T01:19:55.200
1779124795300	87.45605843351892	46.46883116123481	179.64505225417616	39.401982916077806	-71.54572296142578	2026-05-19T01:19:55.300
1779124795400	87.49970043654997	46.46877038485552	179.68395202713972	39.401890699913494	-71.54572296142578	2026-05-19T01:19:55.400
1779124795500	87.54335345354937	46.46870948826705	179.72286162436438	39.4018020022781	-71.54572296142578	2026-05-19T01:19:55.500
1779124795600	87.5870143233258	46.468648475845995	179.76177822967637	39.40171683194028	-71.54572296142578	2026-05-19T01:19:55.600
1779124795700	87.63068282684213	46.46958686544633	179.80070245307718	39.40263470863633	-71.54572296142578	2026-05-19T01:19:55.700
1779124795800	87.67434992369279	46.46952563461154	179.8396244736148	39.40255661540219	-71.54572296142578	2026-05-19T01:19:55.800
1779124795900	87.71801538982882	46.46946430125645	179.87854505378834	39.40248206959262	-71.54572296142578	2026-05-19T01:19:55.900
1779124796000	87.76167606411474	46.469402869879275	179.917461377475	39.40241107586554	-71.54572296142578	2026-05-19T01:19:56.000
1779124796100	87.80532957584195	46.469341343893646	179.956371333083	39.40234363666211	-71.54572296142578	2026-05-19T01:19:56.100
1779124796200	87.84897671595932	46.46927972226849	179.99527562711722	39.402279749153145	-71.54572296142578	2026-05-19T01:19:56.200
1779124796300	87.89261906582314	46.46921800284636	180.03417567060214	39.402219409704124	-71.54572296142578	2026-05-19T01:19:56.300
1779124796400	87.93625820678261	46.469156183454736	180.07307287455757	39.402162615192424	-71.54572296142578	2026-05-19T01:19:56.400
1779124796500	87.97989572017985	46.469094261906065	180.11196864999945	39.40210936300721	-71.54572296142578	2026-05-19T01:19:56.500
1779124796600	88.02353318735001	46.46903223599763	180.15086440794022	39.40205965104931	-71.54572296142578	2026-05-19T01:19:56.600
1779124796700	88.06717218962115	46.46897010351166	180.18976155938947	39.40201347773125	-71.54572296142578	2026-05-19T01:19:56.700
1779124796800	88.11081430831406	46.468907862215346	180.22866151535425	39.401970841977324	-71.54572296142578	2026-05-19T01:19:56.800
1779124796900	88.15446112474247	46.46884550986088	180.26756568683976	39.40193174322361	-71.54572296142578	2026-05-19T01:19:56.900
1779124797000	88.19811422021289	46.468783044185294	180.30647548484987	39.40189618141804	-71.54572296142578	2026-05-19T01:19:57.000
1779124797100	88.24177438502456	46.46872046404544	180.34539161533587	39.40186415756879	-71.54572296142578	2026-05-19T01:19:57.100
1779124797200	88.28543924547664	46.46865777283712	180.3843119640436	39.40183567487488	-71.54572296142578	2026-05-19T01:19:57.200
1779124797300	88.32910563688088	46.46859497511731	180.423233711671	39.40181073618285	-71.54572296142578	2026-05-19T01:19:57.300
1779124797400	88.37277039456336	46.468532075473384	180.46215403891912	39.40178934331012	-71.54572296142578	2026-05-19T01:19:57.400
1779124797500	88.41643035386483	46.46846907852291	180.5010701264914	39.401771497044976	-71.54572296142578	2026-05-19T01:19:57.500
1779124797600	88.46008235014057	46.46840598891366	180.5399791550924	39.40175719714673	-71.54572296142578	2026-05-19T01:19:57.600
1779124797700	88.50372321876051	46.46834281132367	180.57887830542668	39.40174644234614	-71.54572296142578	2026-05-19T01:19:57.700
1779124797800	88.54734674756743	46.467280037014085	180.61776453293237	39.40073971471	-71.54572296142578	2026-05-19T01:19:57.800
1779124797900	88.59095586204903	46.46721669761712	180.65663562112587	39.40073604216469	-71.54572296142578	2026-05-19T01:19:57.900
1779124798000	88.63454435507694	46.467153284454064	180.695488373085	39.40073590475804	-71.54572296142578	2026-05-19T01:19:58.000
1779124798100	88.67811043236183	46.46708980032482	180.73432119090043	39.40073929727606	-71.54572296142578	2026-05-19T01:19:58.100
1779124798200	88.721654713365	46.466026729847314	180.77313774570496	39.399746702635824	-71.54572296142578	2026-05-19T01:19:58.200
1779124798300	88.76518838495844	46.465963086176366	180.8119419317971	39.39975714251165	-71.54572296142578	2026-05-19T01:19:58.300
1779124798400	88.8087134418237	46.46589935184191	180.85073848966783	39.39977110301605	-71.54572296142578	2026-05-19T01:19:58.400
1779124798500	88.85223185881622	46.464836008681004	180.8895327678226	39.39878907141814	-71.54572296142578	2026-05-19T01:19:58.500
1779124798600	88.89575485238429	46.46477207099444	180.92832774863845	39.39881007534281	-71.54572296142578	2026-05-19T01:19:58.600
1779124798700	88.93928131027707	46.46370850804695	180.96712977198393	39.39783509091301	-71.54572296142578	2026-05-19T01:19:58.700
1779124798800	88.98282246857028	46.46364433732234	181.00594121244458	39.39786315200019	-71.54572296142578	2026-05-19T01:19:58.800
1779124798900	89.0263771952974	46.46258052665373	181.04476901791688	39.39689523702265	-71.54572296142578	2026-05-19T01:19:58.900
1779124799000	89.06995674614203	46.462516092822696	181.0836149549871	39.396930382106085	-71.54572296142578	2026-05-19T01:19:59.000
1779124799100	89.1135614008711	46.462451518533584	181.12248333044263	39.3969690817149	-71.54572296142578	2026-05-19T01:19:59.100
1779124799200	89.15718469847656	46.46138730035404	181.16137306885713	39.39601182909833	-71.54572296142578	2026-05-19T01:19:59.200
1779124799300	89.2008278427071	46.461322462146974	181.2002760372453	39.39605764319596	-71.54572296142578	2026-05-19T01:19:59.300
1779124799400	89.24447957082246	46.46025799093295	181.23919171889509	39.3951074995643	-71.54572296142578	2026-05-19T01:19:59.400
1779124799500	89.28814110630968	46.460192918409724	181.27811137136732	39.39516042092832	-71.54572296142578	2026-05-19T01:19:59.500
1779124799600	89.33180116679921	46.45912822638559	181.31703508737624	39.39421737501972	-71.54572296142578	2026-05-19T01:19:59.600
1779124799700	89.37546099549446	46.4590629495295	181.35595351481095	39.39427738337073	-71.54572296142578	2026-05-19T01:19:59.700
1779124799800	89.41910929043259	46.45799807192541	181.39486735586647	39.3933414134858	-71.54572296142578	2026-05-19T01:19:59.800
1779124799900	89.4627473144852	46.45793262110084	181.43376664884218	39.393408475481365	-71.54572296142578	2026-05-19T01:19:59.900
1779124800000	89.50636374611786	46.4568675835203	181.47265270520444	39.39247953685271	-71.54572296142578	2026-05-19T01:20:00.000
1779124800100	89.54995804472762	46.45580248089942	181.51151942132626	39.39155410269765	-71.54572296142578	2026-05-19T01:20:00.100
1779124800200	89.5935350396335	46.455736812762076	181.55036485444566	39.39163167139658	-71.54572296142578	2026-05-19T01:20:00.200
1779124800300	89.63709140578662	46.454671557127384	181.58919838325806	39.3907132280236	-71.54572296142578	2026-05-19T01:20:00.300
1779124800400	89.68063330529266	46.45360622015127	181.62801940944902	39.38979828400948	-71.54572296142578	2026-05-19T01:20:00.400
1779124800500	89.7241669196728	46.45354030956848	181.66682672692693	39.38988635209338	-71.54572296142578	2026-05-19T01:20:00.500
1779124800600	89.76768889461681	46.452474797106106	181.70563062628185	39.38897841596423	-71.54572296142578	2026-05-19T01:20:00.600
1779124800700	89.81120540679241	46.451409190279406	181.74443005335863	39.388073990478205	-71.54572296142578	2026-05-19T01:20:00.700
1779124800800	89.85472265224143	46.451342997324154	181.78322334673146	39.38817259077537	-71.54572296142578	2026-05-19T01:20:00.800
1779124800900	89.89823724747916	46.45027719307401	181.8220217081135	39.38727520879926	-71.54572296142578	2026-05-19T01:20:00.900
1779124801000	89.94175538366827	46.44921127506471	181.86082362798646	39.386381351365515	-71.54572296142578	2026-05-19T01:20:01.000
1779124801100	89.98527940161254	46.44814525225382	181.89963119453563	39.385491037837	-71.54572296142578	2026-05-19T01:20:01.100
1779124801200	90.02880900022782	46.44707911545241	181.9384441410018	39.38460425921438	-71.54572296142578	2026-05-19T01:20:01.200
1779124801300	90.07234321802385	46.446012869710884	181.97726161178434	39.38372101783235	-71.54572296142578	2026-05-19T01:20:01.300
1779124801400	90.11588431723912	46.44594602677123	182.01607750221132	39.38384081662965	-71.54572296142578	2026-05-19T01:20:01.400
1779124801500	90.15942489371223	46.44487956719005	182.05490130301618	39.3829646438593	-71.54572296142578	2026-05-19T01:20:01.500
1779124801600	90.2029672048803	46.44381300036138	182.09372706130262	39.38209199993043	-71.54572296142578	2026-05-19T01:20:01.600
1779124801700	90.24651028927082	46.442746330519505	182.13255392140672	39.381222885074216	-71.54572296142578	2026-05-19T01:20:01.700
1779124801800	90.29005318541951	46.44167956287634	182.17138102763911	39.38035730017745	-71.54572296142578	2026-05-19T01:20:01.800
1779124801900	90.33359493183517	46.44061269277107	182.21020752434916	39.37949523593243	-71.54572296142578	2026-05-19T01:20:01.900
1779124802000	90.37713456704878	46.43954572078541	182.24903255583916	39.37863668795196	-71.54572296142578	2026-05-19T01:20:02.000
1779124802100	90.42067143057474	46.43847865534333	182.28785553464445	39.37778166084733	-71.54572296142578	2026-05-19T01:20:02.100
1779124802200	90.46420606570118	46.43741149289781	182.32667694656928	39.376930153049976	-71.54572296142578	2026-05-19T01:20:02.200
1779124802300	90.50773931664929	46.43634422502682	182.36549754576558	39.3760821598241	-71.54572296142578	2026-05-19T01:20:02.300
1779124802400	90.55127202769724	46.43527686214366	182.40431808627815	39.37523769554882	-71.54572296142578	2026-05-19T01:20:02.400
1779124802500	90.59480504305279	46.43420939443568	182.4431393223011	39.374396754657226	-71.54572296142578	2026-05-19T01:20:02.500
1779124802600	90.63833920694258	46.43314181927981	182.4819620079996	39.37355933905163	-71.54572296142578	2026-05-19T01:20:02.600
1779124802700	90.6818753636323	46.43207414730051	182.52078689746074	39.37272546416137	-71.54572296142578	2026-05-19T01:20:02.700
1779124802800	90.7254143573034	46.43100636486975	182.5596147449604	39.371895121443345	-71.54572296142578	2026-05-19T01:20:02.800
1779124802900	90.76895703217474	46.42993847107715	182.59844630470394	39.37106831535167	-71.54572296142578	2026-05-19T01:20:02.900
1779124803000	90.81250423248824	46.428870473444384	182.63728233084916	39.37024505905214	-71.54572296142578	2026-05-19T01:20:03.000
1779124803100	90.85605625908231	46.42780236670614	182.67612309322882	39.3694253500824	-71.54572296142578	2026-05-19T01:20:03.100
1779124803200	90.89961123939105	46.42673415222821	182.7149669238699	39.368609180044004	-71.54572296142578	2026-05-19T01:20:03.200
1779124803300	90.943163442928	46.42466632636389	182.75381980171	39.366797048846486	-71.54572296142578	2026-05-19T01:20:03.300
1779124803400	90.9867170782265	46.42359791323875	182.79266346299974	39.36598793262886	-71.54572296142578	2026-05-19T01:20:03.400
1779124803500	91.03026641956029	46.42252940019477	182.83150373498157	39.36518231995294	-71.54572296142578	2026-05-19T01:20:03.500
1779124803600	91.07380572234428	46.42046128814265	182.87034705098745	39.36338071511775	-71.54572296142578	2026-05-19T01:20:03.600
1779124803700	91.11733922348172	46.4193926053213	182.90917423777165	39.36258209149412	-71.54572296142578	2026-05-19T01:20:03.700
1779124803800	91.16086118310758	46.418323834028214	182.94799157713206	39.361786932392235	-71.54572296142578	2026-05-19T01:20:03.800
1779124803900	91.20436584254267	46.41625547182936	182.98680595644427	39.359995738723036	-71.54572296142578	2026-05-19T01:20:03.900
1779124804000	91.24785746700165	46.41518655097051	183.0255972937016	39.35920748074251	-71.54572296142578	2026-05-19T01:20:04.000
1779124804100	91.29133117175766	46.414117551867946	183.06437309994052	39.35842264551627	-71.54572296142578	2026-05-19T01:20:04.100
1779124804200	91.33478553025763	46.412048968900955	183.1031445912319	39.35664176001379	-71.54572296142578	2026-05-19T01:20:04.200
1779124804300	91.37823005129435	46.41097982200379	183.141895428582	39.35586381129166	-71.54572296142578	2026-05-19T01:20:04.300
1779124804400	91.4216641821974	46.40991058793469	183.18063745218234	39.355089315287465	-71.54572296142578	2026-05-19T01:20:04.400
1779124804500	91.46508735153334	46.407841754022364	183.21938310642835	39.353318802897235	-71.54572296142578	2026-05-19T01:20:04.500
1779124804600	91.50850909613891	46.40677233340594	183.25811514639622	39.35255125198355	-71.54572296142578	2026-05-19T01:20:04.600
1779124804700	91.55192546898716	46.4047033134052	183.2968561140238	39.35078772310597	-71.54572296142578	2026-05-19T01:20:04.700
1779124804800	91.59534602547008	46.403633694701824	183.3355881611049	39.35002717993433	-71.54572296142578	2026-05-19T01:20:04.800
1779124804900	91.63876679991061	46.4015644646978	183.37433443322195	39.34827068861385	-71.54572296142578	2026-05-19T01:20:04.900
1779124805000	91.68219736631642	46.400494635479355	183.41307647878804	39.34751722237407	-71.54572296142578	2026-05-19T01:20:05.000
1779124805100	91.7256362120863	46.399424691257586	183.45182636832985	39.34676731043082	-71.54572296142578	2026-05-19T01:20:05.100
1779124805200	91.76907809728051	46.397355124505765	183.49059346900094	39.3450214669415	-71.54572296142578	2026-05-19T01:20:05.200
1779124805300	91.8125236527788	46.395285450653816	183.5293646167683	39.34327915644606	-71.54572296142578	2026-05-19T01:20:05.300
1779124805400	91.85597352792873	46.39421518491255	183.56812604432764	39.342539838398665	-71.54572296142578	2026-05-19T01:20:05.400
1779124805500	91.8994181383307	46.392145314615746	183.60689774695715	39.340804548828906	-71.54572296142578	2026-05-19T01:20:05.500
1779124805600	91.94286155083729	46.39107486360518	183.64565450176332	39.34007221746962	-71.54572296142578	2026-05-19T01:20:05.600
1779124805700	91.98629416248745	46.3890048070164	183.68441690733175	39.338343870396876	-71.54572296142578	2026-05-19T01:20:05.700
1779124805800	92.02971662745672	46.38693467801027	183.7231710447452	39.336618980314284	-71.54572296142578	2026-05-19T01:20:05.800
1779124805900	92.07312961820787	46.38586397357263	183.7619023928053	39.3358969786168	-71.54572296142578	2026-05-19T01:20:05.900
1779124806000	92.11652350421244	46.3837936800123	183.80063245376408	39.33417890612272	-71.54572296142578	2026-05-19T01:20:06.000
1779124806100	92.15989978651245	46.381723323302495	183.8393475992385	39.33246422931403	-71.54572296142578	2026-05-19T01:20:06.100
1779124806200	92.20326331642971	46.3806523986025	183.878036570918	39.33175240657096	-71.54572296142578	2026-05-19T01:20:06.200
1779124806300	92.24660943391096	46.378581890881286	183.91672623120843	39.33004452443039	-71.54572296142578	2026-05-19T01:20:06.300
1779124806400	92.28994381874355	46.37651130401023	183.9554062149739	39.32834005930337	-71.54572296142578	2026-05-19T01:20:06.400
1779124806500	92.33326870559836	46.37444063470683	183.99407851627205	39.326639024076904	-71.54572296142578	2026-05-19T01:20:06.500
1779124806600	92.37658632912124	46.37236987639534	184.032745129288	39.32494142908451	-71.54572296142578	2026-05-19T01:20:06.600
1779124806700	92.41990239642644	46.371298534734116	184.07139478811408	39.324246747866866	-71.54572296142578	2026-05-19T01:20:06.700
1779124806800	92.46321220173348	46.36922758910515	184.1100558573727	39.322556076532955	-71.54572296142578	2026-05-19T01:20:06.800
1779124806900	92.50652144762337	46.36715655202932	184.14871722121524	39.32086889814198	-71.54572296142578	2026-05-19T01:20:06.900
1779124807000	92.54983236864126	46.36508540341718	184.1873808743493	39.319185212469655	-71.54572296142578	2026-05-19T01:20:07.000
1779124807100	92.59314680093227	46.36301415769753	184.2260484556675	39.31750505093373	-71.54572296142578	2026-05-19T01:20:07.100
1779124807200	92.63646498651646	46.36094280397414	184.26472018272662	39.315828405650905	-71.54572296142578	2026-05-19T01:20:07.200
1779124807300	92.6797867689535	46.35887134481188	184.30339591746682	39.31415527859799	-71.54572296142578	2026-05-19T01:20:07.300
1779124807400	92.72311549604427	46.35779929185199	184.34206121186037	39.31348512237913	-71.54572296142578	2026-05-19T01:20:07.400
1779124807500	92.76644400735451	46.35572762169814	184.38074439798555	39.31181902840852	-71.54572296142578	2026-05-19T01:20:07.500
1779124807600	92.809775646196	46.35365585241475	184.4194311776022	39.31015645687956	-71.54572296142578	2026-05-19T01:20:07.600
1779124807700	92.85311025610255	46.3515839780733	184.45812141274834	39.30849740106281	-71.54572296142578	2026-05-19T01:20:07.700
1779124807800	92.896447680632	46.34951199926274	184.4968149653626	39.3068418606926	-71.54572296142578	2026-05-19T01:20:07.800
1779124807900	92.93978776335035	46.34743991865737	184.53551169734604	39.30518983753514	-71.54572296142578	2026-05-19T01:20:07.900
1779124808000	92.9831303477987	46.3453677315172	184.57421147070508	39.30354132588943	-71.54572296142578	2026-05-19T01:20:08.000
1779124808100	93.02647503542902	46.343295445891705	184.61291393125626	39.30189633039397	-71.54572296142578	2026-05-19T01:20:08.100
1779124808200	93.06982045911602	46.341223058281976	184.65161786100433	39.300254834342596	-71.54572296142578	2026-05-19T01:20:08.200
1779124808300	93.11316500963223	46.33915057179091	184.69032182580324	39.29861682474013	-71.54572296142578	2026-05-19T01:20:08.300
1779124808400	93.15650707777719	46.33707799439118	184.72902439136323	39.296982292926195	-71.54572296142578	2026-05-19T01:20:08.400
1779124808500	93.19984505433207	46.33500532602162	184.7677241234527	39.295351221672675	-71.54572296142578	2026-05-19T01:20:08.500
1779124808600	93.24317733009141	46.33293256758665	184.80641958775877	39.293723594182524	-71.54572296142578	2026-05-19T01:20:08.600
1779124808700	93.28650229587366	46.33085972386776	184.84510934983876	39.2920993970014	-71.54572296142578	2026-05-19T01:20:08.700
1779124808800	93.32981477531541	46.327787283964255	184.88380838205748	39.28947917808675	-71.54572296142578	2026-05-19T01:20:08.800
1779124808900	93.37312028912869	46.325714273162674	184.9224825857671	39.28786178963948	-71.54572296142578	2026-05-19T01:20:08.900
1779124809000	93.4164136654809	46.32364119037923	184.96114678346012	39.2862477869064	-71.54572296142578	2026-05-19T01:20:09.000
1779124809100	93.45969365909278	46.32156803524836	184.9997998651268	39.28463715305444	-71.54572296142578	2026-05-19T01:20:09.100
1779124809200	93.50296048017377	46.31949479721793	185.03844201942277	39.28302987637951	-71.54572296142578	2026-05-19T01:20:09.200
1779124809300	93.54621111353613	46.31642197911221	185.0770909124325	39.28042654770063	-71.54572296142578	2026-05-19T01:20:09.300
1779124809400	93.58945330751524	46.31434858640828	185.11571290037205	39.278826006865444	-71.54572296142578	2026-05-19T01:20:09.400
1779124809500	93.63268405136138	46.31227511904187	185.15432550017744	39.27722884065917	-71.54572296142578	2026-05-19T01:20:09.500
1779124809600	93.67590031661382	46.30920206543625	185.19294682509053	39.27463563071549	-71.54572296142578	2026-05-19T01:20:09.600
1779124809700	93.71910987806784	46.30712844120144	185.23154233734726	39.27304521832633	-71.54572296142578	2026-05-19T01:20:09.700
1779124809800	93.76230971171186	46.30505473832025	185.27013000112194	39.27145818749982	-71.54572296142578	2026-05-19T01:20:09.800
1779124809900	93.8054967758879	46.30198144222844	185.30872837608686	39.26887512221105	-71.54572296142578	2026-05-19T01:20:09.900
1779124810000	93.84867887175527	46.29990757167461	185.3473020317172	39.26729485797064	-71.54572296142578	2026-05-19T01:20:10.000
1779124810100	93.8918527518617	46.297833619214046	185.38586919112728	39.26571798222055	-71.54572296142578	2026-05-19T01:20:10.100
1779124810200	93.93501431020691	46.29476007932629	185.42444792171233	39.26314508114372	-71.54572296142578	2026-05-19T01:20:10.200
1779124810300	93.97817011274782	46.29268596310063	185.46300077573198	39.26157495835339	-71.54572296142578	2026-05-19T01:20:10.300
1779124810400	94.02131221010399	46.28961226119284	185.50156427297765	39.25900879443906	-71.54572296142578	2026-05-19T01:20:10.400
1779124810500	94.06444718566584	46.28753799002218	185.54010037192904	39.25744539128492	-71.54572296142578	2026-05-19T01:20:10.500
1779124810600	94.107567072664	46.2844641377677	185.57864618571173	39.25488593320412	-71.54572296142578	2026-05-19T01:20:10.600
1779124810700	94.15067847183423	46.28238971068691	185.6171630798148	39.25332920476084	-71.54572296142578	2026-05-19T01:20:10.700
1779124810800	94.19377339908964	46.27931570525773	185.65568875997948	39.250776404868155	-71.54572296142578	2026-05-19T01:20:10.800
1779124810900	94.23685847254806	46.27724113657915	185.69418399887408	39.249226319671365	-71.54572296142578	2026-05-19T01:20:10.900
1779124811000	94.27992569074554	46.274166984012766	185.7326870947883	39.24668013737233	-71.54572296142578	2026-05-19T01:20:11.000
1779124811100	94.32297849841062	46.27109276169211	185.7711784790139	39.24413725640863	-71.54572296142578	2026-05-19T01:20:11.100
1779124811200	94.36602226579897	46.26901798090535	185.8096396949894	39.24259708909211	-71.54572296142578	2026-05-19T01:20:11.200
1779124811300	94.40905182818729	46.26594360736124	185.84811248272965	39.240060856353445	-71.54572296142578	2026-05-19T01:20:11.300
1779124811400	94.4520730286634	46.26286915465885	185.88657895911925	39.23752798183047	-71.54572296142578	2026-05-19T01:20:11.400
1779124811500	94.49509172737287	46.26079412931962	185.92502065111807	39.23599787567041	-71.54572296142578	2026-05-19T01:20:11.500
1779124811600	94.5381027338465	46.25771949995735	185.9634801845999	39.233471774543276	-71.54572296142578	2026-05-19T01:20:11.600
1779124811700	94.5811119039988	46.25464478217264	186.00193923390657	39.23094910090105	-71.54572296142578	2026-05-19T01:20:11.700
1779124811800	94.62412141297996	46.25156996782458	186.0403997417684	39.22842987421176	-71.54572296142578	2026-05-19T01:20:11.800
1779124811900	94.66713713791438	46.2494945613689	186.0788426461761	39.22691349807799	-71.54572296142578	2026-05-19T01:20:11.900
1779124812000	94.7101538542179	46.24641954335005	186.11731175239055	39.2244012385628	-71.54572296142578	2026-05-19T01:20:12.000
1779124812100	94.753176739724	46.243344416281374	186.15578752552858	39.221892491434495	-71.54572296142578	2026-05-19T01:20:12.100
1779124812200	94.79620449444135	46.24026918874587	186.19426880660092	39.2193872494311	-71.54572296142578	2026-05-19T01:20:12.200
1779124812300	94.83923884229976	46.238193367940966	186.23273222233317	39.21788485747898	-71.54572296142578	2026-05-19T01:20:12.300
1779124812400	94.8822703545535	46.23511794444489	186.27121903414638	39.215386551456255	-71.54572296142578	2026-05-19T01:20:12.400
1779124812500	94.92530075093273	46.23204242198352	186.30970601575171	39.212891673408286	-71.54572296142578	2026-05-19T01:20:12.500
1779124812600	94.9683280364753	46.22896681131667	186.3481913873022	39.21040020656678	-71.54572296142578	2026-05-19T01:20:12.600
1779124812700	95.01135395213768	46.22689062331623	186.38665118613005	39.20891148915723	-71.54572296142578	2026-05-19T01:20:12.700
1779124812800	95.05436903528384	46.22381484489011	186.4251278511226	39.206426766205325	-71.54572296142578	2026-05-19T01:20:12.800
1779124812900	95.09737502270488	46.22073898910011	186.46359756631858	39.20394537876848	-71.54572296142578	2026-05-19T01:20:12.900
1779124813000	95.14036991945414	46.2176630562321	186.5020585516212	39.201467296980965	-71.54572296142578	2026-05-19T01:20:13.000
1779124813100	95.1833520274705	46.21458705348384	186.54050929165504	39.19899250139251	-71.54572296142578	2026-05-19T01:20:13.100
1779124813200	95.22632083604557	46.21151097720516	186.57894933120292	39.19652097788624	-71.54572296142578	2026-05-19T01:20:13.200
1779124813300	95.26927613135013	46.208434831881476	186.617378479838	39.194052724520546	-71.54572296142578	2026-05-19T01:20:13.300
1779124813400	95.31221769952862	46.2053586145771	186.65579654728757	39.19158773186354	-71.54572296142578	2026-05-19T01:20:13.400
1779124813500	95.35514532675647	46.20228233021055	186.69420334308154	39.18912599826617	-71.54572296142578	2026-05-19T01:20:13.500
1779124813600	95.39805879918389	46.19920597645136	186.7325986769022	39.18666751476138	-71.54572296142578	2026-05-19T01:20:13.600
1779124813700	95.44095790298927	46.19612955812888	186.77098235824784	39.1842122794707	-71.54572296142578	2026-05-19T01:20:13.700
1779124813800	95.48384242432086	46.19305307157835	186.8093541968008	39.18176028195291	-71.54572296142578	2026-05-19T01:20:13.800
1779124813900	95.52671214933042	46.189976513715045	186.84771400221572	39.17931151227695	-71.54572296142578	2026-05-19T01:20:13.900
1779124814000	95.56956686421238	46.18689989220808	186.88606158387444	39.17686597119382	-71.54572296142578	2026-05-19T01:20:14.000
1779124814100	95.61240686581587	46.1838232020659	186.92439720744267	39.17442365430121	-71.54572296142578	2026-05-19T01:20:14.100
1779124814200	95.65523449380005	46.18074644089445	186.96272296256222	39.17198459035763	-71.54572296142578	2026-05-19T01:20:14.200
1779124814300	95.69805259849193	46.177669602103734	187.00104139513235	39.16954881234885	-71.54572296142578	2026-05-19T01:20:14.300
1779124814400	95.74086022352556	46.17359317609555	187.03937972164388	39.16611703074037	-71.54572296142578	2026-05-19T01:20:14.400
1779124814500	95.78366782846074	46.170516175317914	187.07769129288448	39.163687942471725	-71.54572296142578	2026-05-19T01:20:14.500
1779124814600	95.82647446097695	46.167439078922605	187.11600318024813	39.161262246458776	-71.54572296142578	2026-05-19T01:20:14.600
1779124814700	95.86928297134118	46.164361885205345	187.15431793022802	39.15883998429071	-71.54572296142578	2026-05-19T01:20:14.700
1779124814800	95.91209620978287	46.161284587772215	187.19263808961205	39.15642119379693	-71.54572296142578	2026-05-19T01:20:14.800
1779124814900	95.9549131993824	46.157207676640915	187.2309916032867	39.153006600692876	-71.54572296142578	2026-05-19T01:20:14.900
1779124815000	95.99774444051027	46.15413016121467	187.2693303679548	39.15059488160819	-71.54572296142578	2026-05-19T01:20:15.000
1779124815100	96.04058762374551	46.15105252906619	187.3076809896912	39.14818673853247	-71.54572296142578	2026-05-19T01:20:15.100
1779124815200	96.08343507716653	46.14697528521045	187.3460658813281	39.14478281625654	-71.54572296142578	2026-05-19T01:20:15.200
1779124815300	96.12628930617537	46.14389744662355	187.3844289052248	39.14238165954724	-71.54572296142578	2026-05-19T01:20:15.300
1779124815400	96.16914130645782	46.140819517739615	187.4227911343518	39.13998388627309	-71.54572296142578	2026-05-19T01:20:15.400
1779124815500	96.21198205748843	46.13674200949038	187.46117422269617	39.136590128232044	-71.54572296142578	2026-05-19T01:20:15.500
1779124815600	96.25481408909316	46.133663932231755	187.49952115981404	39.13419890481931	-71.54572296142578	2026-05-19T01:20:15.600
1779124815700	96.29762452537382	46.12958628889733	187.53788001356637	39.13081154293885	-71.54572296142578	2026-05-19T01:20:15.700
1779124815800	96.34041591236962	46.12650810180307	187.57619319232484	39.12842656133027	-71.54572296142578	2026-05-19T01:20:15.800
1779124815900	96.38317535815453	46.12243036623608	187.61450934316312	39.125045285164724	-71.54572296142578	2026-05-19T01:20:15.900
1779124816000	96.4259054249145	46.11935211006609	187.6527702942725	39.12266622603943	-71.54572296142578	2026-05-19T01:20:16.000
1779124816100	96.4685989067105	46.11627382741696	187.69099976392246	39.12029002587243	-71.54572296142578	2026-05-19T01:20:16.100
1779124816200	96.51125588715477	46.11219601115495	187.72922857473117	39.1169174545678	-71.54572296142578	2026-05-19T01:20:16.200
1779124816300	96.55388991093781	46.10911765373671	187.7674074767926	39.11454715401799	-71.54572296142578	2026-05-19T01:20:16.300
1779124816400	96.59649900450626	46.1050397409609	187.80559635147577	39.11118064356476	-71.54572296142578	2026-05-19T01:20:16.400
1779124816500	96.63909672839941	46.10196126716118	187.84374537314747	39.10881656120321	-71.54572296142578	2026-05-19T01:20:16.500
1779124816600	96.6816810930859	46.0978832200968	187.88191500000016	39.105456441583954	-71.54572296142578	2026-05-19T01:20:16.600
1779124816700	96.72426567488422	46.09480458845956	187.9200548316722	39.10309891118845	-71.54572296142578	2026-05-19T01:20:16.700
1779124816800	96.76684846830315	46.090726357658795	187.9582259026821	39.09974551575253	-71.54572296142578	2026-05-19T01:20:16.800
1779124816900	96.80944306547595	46.08764752775071	187.99637723793762	39.09739488714745	-71.54572296142578	2026-05-19T01:20:16.900
1779124817000	96.85204744493689	46.08356907147194	188.03457044827428	39.09404857196999	-71.54572296142578	2026-05-19T01:20:17.000
1779124817100	96.89466934240487	46.07949049927213	188.0727808129016	39.09070591504087	-71.54572296142578	2026-05-19T01:20:17.100
1779124817200	96.93730868119297	46.07641130962064	188.11097604328668	39.08836610466759	-71.54572296142578	2026-05-19T01:20:17.200
1779124817300	96.97995167429436	46.07233250324407	188.14920812075803	39.08503052828151	-71.54572296142578	2026-05-19T01:20:17.300
1779124817400	97.02259628434028	46.06825361094024	188.1874431499433	39.08169837163921	-71.54572296142578	2026-05-19T01:20:17.400
1779124817500	97.06524048954154	46.065174133233	188.22564666160304	39.0793687782442	-71.54572296142578	2026-05-19T01:20:17.500
1779124817600	97.10787047952398	46.06109508469777	188.26387149716015	39.076043158647565	-71.54572296142578	2026-05-19T01:20:17.600
1779124817700	97.15048422875171	46.05701597562368	188.30208332946717	39.072720664775424	-71.54572296142578	2026-05-19T01:20:17.700
1779124817800	97.19307578473325	46.052936810675526	188.340276839354	39.06940119096125	-71.54572296142578	2026-05-19T01:20:17.800
1779124817900	97.23564314155122	46.04985711807609	188.3784169817914	39.067083890433075	-71.54572296142578	2026-05-19T01:20:17.900
1779124818000	97.27817245775259	46.04577789670879	188.41655774346304	39.06377017075904	-71.54572296142578	2026-05-19T01:20:18.000
1779124818100	97.32066371315778	46.041698652855395	188.4546659999192	39.0604591979444	-71.54572296142578	2026-05-19T01:20:18.100
1779124818200	97.3631248614717	46.03861889449047	188.49271516702308	39.05815027265235	-71.54572296142578	2026-05-19T01:20:18.200
1779124818300	97.40555397534786	46.034539592946935	188.53077075750144	39.05484500544952	-71.54572296142578	2026-05-19T01:20:18.300
1779124818400	97.4479609940835	46.03046023517011	188.56880810908967	39.05154271812583	-71.54572296142578	2026-05-19T01:20:18.400
1779124818500	97.49035190274975	46.026380828511186	188.60683257019085	39.04824352271719	-71.54572296142578	2026-05-19T01:20:18.500
1779124818600	97.53273665978602	46.02330085617882	188.64481876788216	39.04594672802001	-71.54572296142578	2026-05-19T01:20:18.600
1779124818700	97.5751133068336	46.01922129246379	188.68283335567673	39.042653976299356	-71.54572296142578	2026-05-19T01:20:18.700
1779124818800	97.6174917985078	46.015141639554734	188.7208511029976	39.03936460183288	-71.54572296142578	2026-05-19T01:20:18.800
1779124818900	97.65987811960181	46.01106187954058	188.7588773609216	39.03607869912491	-71.54572296142578	2026-05-19T01:20:18.900
1779124819000	97.70227825487068	46.00698199620812	188.7969174809607	39.03279636630714	-71.54572296142578	2026-05-19T01:20:19.000
1779124819100	97.7446961997237	46.00290199868649	188.8349750360851	39.02951769118514	-71.54572296142578	2026-05-19T01:20:19.100
1779124819200	97.78712799189404	45.99882188319396	188.8730464868919	39.02624259893698	-71.54572296142578	2026-05-19T01:20:19.200
1779124819300	97.8295676798014	45.994741658895755	188.91112651493992	39.02297098849047	-71.54572296142578	2026-05-19T01:20:19.300
1779124819400	97.87200931195987	45.99066134739314	188.94920980090984	39.01970276928203	-71.54572296142578	2026-05-19T01:20:19.400
1779124819500	97.9144469368241	45.986580944264865	188.98729102582504	39.016437822809465	-71.54572296142578	2026-05-19T01:20:19.500
1779124819600	97.95687460303587	45.98250048064376	189.025364869088	39.0131760641904	-71.54572296142578	2026-05-19T01:20:19.600
1779124819700	97.99928234388437	45.97742045080895	189.0634582937458	39.00891818072278	-71.54572296142578	2026-05-19T01:20:19.700
1779124819800	98.04167223480421	45.97333987992219	189.10150155403846	39.00566245861018	-71.54572296142578	2026-05-19T01:20:19.800
1779124819900	98.08403431298689	45.96925927071851	189.1395214700941	39.002409586986694	-71.54572296142578	2026-05-19T01:20:19.900
1779124820000	98.12636262718615	45.96517863727571	189.1775127198783	38.99915945624369	-71.54572296142578	2026-05-19T01:20:20.000
1779124820100	98.16865318234191	45.96109799113744	189.21547172989216	38.99591199086997	-71.54572296142578	2026-05-19T01:20:20.100
1779124820200	98.21090980794254	45.9570173256437	189.25340192284915	38.9926672506752	-71.54572296142578	2026-05-19T01:20:20.200
1779124820300	98.25313828954376	45.952936622189824	189.29130847119464	38.98942532362216	-71.54572296142578	2026-05-19T01:20:20.300
1779124820400	98.29534441270211	45.94885587313397	189.32919654748474	38.986186310495945	-71.54572296142578	2026-05-19T01:20:20.400
1779124820500	98.33753396293942	45.94477507292715	189.36707132467671	38.982950316033744	-71.54572296142578	2026-05-19T01:20:20.500
1779124820600	98.37971272569122	45.94069420541173	189.40493797655517	38.97971743622513	-71.54572296142578	2026-05-19T01:20:20.600
1779124820700	98.42188243379093	45.935613752897964	189.44283536853365	38.97548860664404	-71.54572296142578	2026-05-19T01:20:20.700
1779124820800	98.46405697403932	45.931532715404884	189.48070143300188	38.972262267531406	-71.54572296142578	2026-05-19T01:20:20.800
1779124820900	98.50623808291891	45.92745157901866	189.51857489579243	38.969039359065576	-71.54572296142578	2026-05-19T01:20:20.900
1779124821000	98.54843154569437	45.923370328568915	189.55646093259236	38.96581998564143	-71.54572296142578	2026-05-19T01:20:21.000
1779124821100	98.59064132420266	45.919288955933276	189.59436308865364	38.96260422316389	-71.54572296142578	2026-05-19T01:20:21.100
1779124821200	98.63286001571439	45.914207972083325	189.63231277809246	38.95839287157666	-71.54572296142578	2026-05-19T01:20:21.200
1779124821300	98.67509060332198	45.91012638421169	189.67023674834627	38.955184129764156	-71.54572296142578	2026-05-19T01:20:21.300
1779124821400	98.71732386466675	45.90604470387757	189.70816464164378	38.9519787549078	-71.54572296142578	2026-05-19T01:20:21.400
1779124821500	98.75955056274	45.90096343945773	189.74612666032024	38.94777751117381	-71.54572296142578	2026-05-19T01:20:21.500
1779124821600	98.80177370270837	45.896881601374886	189.78404871017065	38.94457857797719	-71.54572296142578	2026-05-19T01:20:21.600
1779124821700	98.84397996216912	45.891800200613496	189.82199594373066	38.940383584486334	-71.54572296142578	2026-05-19T01:20:21.700
1779124821800	98.88617236087698	45.88771825109969	189.85989370684032	38.93719069838323	-71.54572296142578	2026-05-19T01:20:21.800
1779124821900	98.9283375620031	45.882636756039936	189.89780770990882	38.9330015497207	-71.54572296142578	2026-05-19T01:20:21.900
1779124822000	98.97047859986942	45.87855473732559	189.93566273943225	38.92981429883234	-71.54572296142578	2026-05-19T01:20:22.000
1779124822100	99.01258755265616	45.87447268913715	189.97349059998055	38.92662972299912	-71.54572296142578	2026-05-19T01:20:22.100
1779124822200	99.05466178724707	45.86939111766164	190.01132839716163	38.92244873582038	-71.54572296142578	2026-05-19T01:20:22.200
1779124822300	99.09671231438276	45.865309014303584	190.0491071977103	38.91926961673374	-71.54572296142578	2026-05-19T01:20:22.300
1779124822400	99.13873371590554	45.860227376686744	190.0869012202872	38.91509418746951	-71.54572296142578	2026-05-19T01:20:22.400
1779124822500	99.18073701680774	45.8561451873855	190.1246409770916	38.91192070824003	-71.54572296142578	2026-05-19T01:20:22.500
1779124822600	99.22271678464995	45.85106346086269	190.1624012415191	38.907751031633964	-71.54572296142578	2026-05-19T01:20:22.600
1779124822700	99.26468405866314	45.84698117886469	190.2001119719432	38.904583406555375	-71.54572296142578	2026-05-19T01:20:22.700
1779124822800	99.30663339201078	45.84189933411136	190.23784849697304	38.900419677957096	-71.54572296142578	2026-05-19T01:20:22.800
1779124822900	99.34857583822858	45.837816933537354	190.27554022105727	38.8972581093571	-71.54572296142578	2026-05-19T01:20:22.900
1779124823000	99.39050593614604	45.832734954043154	190.31326302704434	38.89310054407066	-71.54572296142578	2026-05-19T01:20:23.000
1779124823100	99.4324301431546	45.82765290200785	190.350982379031	38.88894613557739	-71.54572296142578	2026-05-19T01:20:23.100
1779124823200	99.47435304641785	45.82357027966797	190.3886615041104	38.88579397966974	-71.54572296142578	2026-05-19T01:20:23.200
1779124823300	99.51626633734051	45.818488084561835	190.42637458340238	38.881645898094035	-71.54572296142578	2026-05-19T01:20:23.300
1779124823400	99.55817412853246	45.813405811979756	190.46408456025765	38.87750097247647	-71.54572296142578	2026-05-19T01:20:23.400
1779124823500	99.60008054661951	45.809322963939	190.5017538272057	38.87435827854502	-71.54572296142578	2026-05-19T01:20:23.500
1779124823600	99.6419772619608	45.80424054014336	190.53945739165258	38.870219659107065	-71.54572296142578	2026-05-19T01:20:23.600
1779124823700	99.68386839773392	45.79915804382292	190.57715778335404	38.866084194249936	-71.54572296142578	2026-05-19T01:20:23.700
1779124823800	99.7257580910362	45.79507497327774	190.61481698245697	38.86295094638268	-71.54572296142578	2026-05-19T01:20:23.800
1779124823900	99.76763799126684	45.7899923338156	190.6525108213586	38.858821783002774	-71.54572296142578	2026-05-19T01:20:23.900
1779124824000	99.80951223205484	45.784909617329404	190.69020141752597	38.85469576329389	-71.54572296142578	2026-05-19T01:20:24.000
1779124824100	99.85138034237198	45.779826825542536	190.72788834970635	38.850572876647796	-71.54572296142578	2026-05-19T01:20:24.100
1779124824200	99.8932400735367	45.7747439640944	190.76556960531585	38.8464530753672	-71.54572296142578	2026-05-19T01:20:24.200
1779124824300	99.93508873250103	45.76966104640583	190.80324277344914	38.84233630856879	-71.54572296142578	2026-05-19T01:20:24.300
1779124824400	99.97692781059276	45.76557756620996	190.84086662509844	38.83922155164684	-71.54572296142578	2026-05-19T01:20:24.400
1779124824500	100.01874624936384	45.760494541233776	190.87851624930815	38.835110659416046	-71.54572296142578	2026-05-19T01:20:24.500
1779124824600	100.06054553678055	45.75541146799385	190.91615055305616	38.831002611603445	-71.54572296142578	2026-05-19T01:20:24.600
1779124824700	100.10232297985125	45.750328352669406	190.95376712463843	38.826897346668524	-71.54572296142578	2026-05-19T01:20:24.700
1779124824800	100.14407588562936	45.74524520699538	190.9913635518582	38.82279480777181	-71.54572296142578	2026-05-19T01:20:24.800
1779124824900	100.18580156112064	45.740162026130825	191.0289374228965	38.81869492065498	-71.54572296142578	2026-05-19T01:20:24.900
1779124825000	100.22749731346293	45.73507883153831	191.0664863246223	38.81459763650174	-71.54572296142578	2026-05-19T01:20:25.000
1779124825100	100.26916169549835	45.729995609724696	191.10400896040264	38.8105029002281	-71.54572296142578	2026-05-19T01:20:25.100
1779124825200	100.31079824346615	45.724912365822874	191.14150849440642	38.80641079338531	-71.54572296142578	2026-05-19T01:20:25.200
1779124825300	100.3524117393175	45.71982908498228	191.17898920740117	38.802321408387975	-71.54572296142578	2026-05-19T01:20:25.300
1779124825400	100.39400696499031	45.71474575827672	191.21645538039735	38.79823484508471	-71.54572296142578	2026-05-19T01:20:25.400
1779124825500	100.4355887023917	45.7096623785689	191.25391129481207	38.794151206622516	-71.54572296142578	2026-05-19T01:20:25.500
1779124825600	100.47716173334943	45.70457892903188	191.29136123293335	38.790070587972096	-71.54572296142578	2026-05-19T01:20:25.600
1779124825700	100.5187308397027	45.69949540455655	191.3288094770589	38.785993097323484	-71.54572296142578	2026-05-19T01:20:25.700
1779124825800	100.56030080322742	45.69441179420623	191.36626031020356	38.7819188385484	-71.54572296142578	2026-05-19T01:20:25.800
1779124825900	100.6018764057065	45.68932809769435	191.40371801543137	38.77784792766926	-71.54572296142578	2026-05-19T01:20:25.900
1779124826000	100.64346242876178	45.68424428583685	191.441186877471	38.773780453331355	-71.54572296142578	2026-05-19T01:20:26.000
1779124826100	100.68506212382492	45.67916036992447	191.47866980937454	38.76971650867327	-71.54572296142578	2026-05-19T01:20:26.100
1779124826200	100.72667262094714	45.674076343881005	191.51616424304646	38.765656020147276	-71.54572296142578	2026-05-19T01:20:26.200
1779124826300	100.76828951998291	45.668992224578474	191.55366623857185	38.76159889852706	-71.54572296142578	2026-05-19T01:20:26.300
1779124826400	100.8099084207702	45.663908016599656	191.59117185609526	38.75754504091403	-71.54572296142578	2026-05-19T01:20:26.400
1779124826500	100.85152492321401	45.658823731946576	191.6286771550061	38.75349435043561	-71.54572296142578	2026-05-19T01:20:26.500
1779124826600	100.893134627237	45.653739378421896	191.66617819441856	38.74944672463294	-71.54572296142578	2026-05-19T01:20:26.600
1779124826700	100.93473313278776	45.64865496152772	191.7036710330938	38.74540205735947	-71.54572296142578	2026-05-19T01:20:26.700
1779124826800	100.97631177496272	45.642571000982066	191.74119379617534	38.74036128956574	-71.54572296142578	2026-05-19T01:20:26.800
1779124826900	101.0178746803506	45.63748649684518	191.77865854138963	38.736322241845876	-71.54572296142578	2026-05-19T01:20:26.900
1779124827000	101.05941318737456	45.6324019559639	191.8161032588845	38.73228583601954	-71.54572296142578	2026-05-19T01:20:27.000
1779124827100	101.1009237603247	45.627317395780736	191.85352477923118	38.72825199417292	-71.54572296142578	2026-05-19T01:20:27.100
1779124827200	101.14240204206327	45.62123331927618	191.89096563331574	38.72322175878517	-71.54572296142578	2026-05-19T01:20:27.200
1779124827300	101.18385737015505	45.61614870670628	191.92834145083432	38.719193030124174	-71.54572296142578	2026-05-19T01:20:27.300
1779124827400	101.22528625493612	45.611064072539065	191.96569540235396	38.715166880824846	-71.54572296142578	2026-05-19T01:20:27.400
1779124827500	101.26668519369791	45.60497991222465	192.00307119362427	38.710144378915004	-71.54572296142578	2026-05-19T01:20:27.500
1779124827600	101.30806354342276	45.599895223928804	192.04038365297518	38.70612342209445	-71.54572296142578	2026-05-19T01:20:27.600
1779124827700	101.34941351064647	45.5938110043656	192.07771962196233	38.70110614266663	-71.54572296142578	2026-05-19T01:20:27.700
1779124827800	101.3907444650738	45.588726249124335	192.11499339746612	38.69709042203854	-71.54572296142578	2026-05-19T01:20:27.800
1779124827900	101.4320486005422	45.58264196363834	192.15229235202608	38.692078415973356	-71.54572296142578	2026-05-19T01:20:27.900
1779124828000	101.4733352994278	45.57755713979693	192.1895302521735	38.68806798839562	-71.54572296142578	2026-05-19T01:20:28.000
1779124828100	101.51460112886785	45.572472279627135	192.22675127272106	38.68406022814267	-71.54572296142578	2026-05-19T01:20:28.100
1779124828200	101.55584296047178	45.56638788302739	192.26400040364385	38.67905624486772	-71.54572296142578	2026-05-19T01:20:28.200
1779124828300	101.59707067162022	45.561302937346255	192.30119104311967	38.67505388972387	-71.54572296142578	2026-05-19T01:20:28.300
1779124828400	101.6382769003233	45.555218459426605	192.33841231502214	38.67005537977312	-71.54572296142578	2026-05-19T01:20:28.400
1779124828500	101.67947153648169	45.550133424843054	192.3755770900587	38.66605854074326	-71.54572296142578	2026-05-19T01:20:28.500
1779124828600	101.72064720550038	45.544048847293006	192.41277502033842	38.66106560182278	-71.54572296142578	2026-05-19T01:20:28.600
1779124828700	101.76181380986513	45.538963715055594	192.44991844887642	38.65707438770743	-71.54572296142578	2026-05-19T01:20:28.700
1779124828800	101.80296396239206	45.532879033324235	192.48709755543277	38.65208713442456	-71.54572296142578	2026-05-19T01:20:28.800
1779124828900	101.84410757804204	45.5277937864675	192.5242241568577	38.648101648960825	-71.54572296142578	2026-05-19T01:20:28.900
1779124829000	101.88523725717057	45.52170899228615	192.56138895886744	38.64312019535048	-71.54572296142578	2026-05-19T01:20:29.000
1779124829100	101.92635841056578	45.51562413202399	192.5985482091668	38.63814167561301	-71.54572296142578	2026-05-19T01:20:29.100
1779124829200	101.9674757468835	45.510538702166365	192.63565699026077	38.634164973411394	-71.54572296142578	2026-05-19T01:20:29.200
1779124829300	102.00858077618928	45.504453716948454	192.67280583440086	38.62919234326748	-71.54572296142578	2026-05-19T01:20:29.300
1779124829400	102.0496823726631	45.499368162912276	192.70990428579742	38.625221530022756	-71.54572296142578	2026-05-19T01:20:29.400
1779124829500	102.0907720339333	45.493283048301585	192.74704340160903	38.62025479713248	-71.54572296142578	2026-05-19T01:20:29.500
1779124829600	102.13185864661129	45.48819736950944	192.78413220135076	38.616289884557126	-71.54572296142578	2026-05-19T01:20:29.600
1779124829700	102.17293369592048	45.48211212853988	192.82126226648344	38.611329064510926	-71.54572296142578	2026-05-19T01:20:29.700
1779124829800	102.21400172128132	45.476026827887914	192.8583881253984	38.606371211104985	-71.54572296142578	2026-05-19T01:20:29.800
1779124829900	102.25506727422318	45.47094095404672	192.89546378530522	38.60241516756355	-71.54572296142578	2026-05-19T01:20:29.900
1779124830000	102.29612182166686	45.464855520210236	192.93258161075846	38.597463239895895	-71.54572296142578	2026-05-19T01:20:30.000
1779124830100	102.33716954457535	45.458770019884774	192.96969540910774	38.59251427204806	-71.54572296142578	2026-05-19T01:20:30.100
1779124830200	102.37821316571574	45.45368395638394	193.00675714764472	38.58856706193295	-71.54572296142578	2026-05-19T01:20:30.200
1779124830300	102.41924192819641	45.44759834359928	193.0438579950457	38.5836238772784	-71.54572296142578	2026-05-19T01:20:30.300
1779124830400	102.46025818420705	45.44151267822919	193.08094971864293	38.57868350181573	-71.54572296142578	2026-05-19T01:20:30.400
1779124830500	102.50125991728375	45.435426967269386	193.11803050904962	38.57374588308216	-71.54572296142578	2026-05-19T01:20:30.500
1779124830600	102.54224511093003	45.429341206367866	193.1550985571707	38.568810956649976	-71.54572296142578	2026-05-19T01:20:30.600
1779124830700	102.58321613546642	45.42425490791635	193.19210485016418	38.56487749726454	-71.54572296142578	2026-05-19T01:20:30.700
1779124830800	102.62416220398401	45.41816907839613	193.22914185420123	38.55994780012321	-71.54572296142578	2026-05-19T01:20:30.800
1779124830900	102.66508568382929	45.412083220034056	193.2661606857393	38.555020632384235	-71.54572296142578	2026-05-19T01:20:30.900
1779124831000	102.70598455863416	45.405997342063856	193.30315953407867	38.550095940705425	-71.54572296142578	2026-05-19T01:20:31.000
1779124831100	102.74685745820743	45.39991143771558	193.34013716872394	38.54517367347603	-71.54572296142578	2026-05-19T01:20:31.100
1779124831200	102.78770559731525	45.393825507077416	193.37709467750986	38.540253859096204	-71.54572296142578	2026-05-19T01:20:31.200
1779124831300	102.82853083696833	45.38773955642384	193.4140337278385	38.53533655097041	-71.54572296142578	2026-05-19T01:20:31.300
1779124831400	102.86933944550186	45.38265306298837	193.45090788326127	38.531420570183975	-71.54572296142578	2026-05-19T01:20:31.400
1779124831500	102.91012447188196	45.37656703406337	193.487814894234	38.52650837618618	-71.54572296142578	2026-05-19T01:20:31.500
1779124831600	102.95089218160955	45.37048097432233	193.52470845179835	38.52159882250134	-71.54572296142578	2026-05-19T01:20:31.600
1779124831700	102.99164443553661	45.364394868242485	193.56159022527495	38.51669194305363	-71.54572296142578	2026-05-19T01:20:31.700
1779124831800	103.03238309457042	45.358308716401574	193.59846188342732	38.511787788429764	-71.54572296142578	2026-05-19T01:20:31.800
1779124831900	103.07311001957196	45.35222251243339	193.6353250955757	38.506886402850355	-71.54572296142578	2026-05-19T01:20:31.900
1779124832000	103.11382707140491	45.3461362541328	193.67218153105887	38.50198783526636	-71.54572296142578	2026-05-19T01:20:32.000
1779124832100	103.15453589902583	45.340049935786055	193.7090326694835	38.49709212551675	-71.54572296142578	2026-05-19T01:20:32.100
1779124832200	103.19523730390272	45.33396355760438	193.74587922984037	38.492199295091574	-71.54572296142578	2026-05-19T01:20:32.200
1779124832300	103.23593187560127	45.32787711511287	193.78272174130808	38.487309354833535	-71.54572296142578	2026-05-19T01:20:32.300
1779124832400	103.2766202037299	45.321790614621285	193.81956073260346	38.482422326542306	-71.54572296142578	2026-05-19T01:20:32.400
1779124832500	103.31730287782815	45.31570404799822	193.85639673322441	38.47753821776725	-71.54572296142578	2026-05-19T01:20:32.500
1779124832600	103.35798048747844	45.30961741786571	193.89323027220811	38.472657046983265	-71.54572296142578	2026-05-19T01:20:32.600
1779124832700	103.39865362219588	45.30353071286599	193.93006187935546	38.467778818875914	-71.54572296142578	2026-05-19T01:20:32.700
1779124832800	103.43931842371232	45.29644445438186	193.96694197567365	38.46190482990881	-71.54572296142578	2026-05-19T01:20:32.800
1779124832900	103.47998437445322	45.29035761564569	194.00377143344008	38.4570325559585	-71.54572296142578	2026-05-19T01:20:32.900
1779124833000	103.5206476189717	45.28427071082346	194.04060054699778	38.452163282651405	-71.54572296142578	2026-05-19T01:20:33.000
1779124833100	103.56130794539479	45.27818373638578	194.0774291266542	38.447296999232535	-71.54572296142578	2026-05-19T01:20:33.100
1779124833200	103.60196193629417	45.27209669958541	194.11425410450747	38.4424336094813	-71.54572296142578	2026-05-19T01:20:33.200
1779124833300	103.6426009108752	45.26501011486072	194.1511222186138	38.436574278123324	-71.54572296142578	2026-05-19T01:20:33.300
1779124833400	103.68322957156097	45.25892298276261	194.18792875540979	38.43171632199183	-71.54572296142578	2026-05-19T01:20:33.400
1779124833500	103.723839240464	45.25283581574969	194.22472032521367	38.42686089721997	-71.54572296142578	2026-05-19T01:20:33.500
1779124833600	103.76442122856383	45.24574913048685	194.26154404273635	38.421009178990545	-71.54572296142578	2026-05-19T01:20:33.600
1779124833700	103.80498025508062	45.239661923914994	194.29829443601363	38.41615845246244	-71.54572296142578	2026-05-19T01:20:33.700
1779124833800	103.84550763389962	45.23357471393958	194.33501849220633	38.41130988743327	-71.54572296142578	2026-05-19T01:20:33.800
1779124833900	103.88599466781724	45.22648801700334	194.37176370146676	38.40546466717035	-71.54572296142578	2026-05-19T01:20:33.900
1779124834000	103.92644609274473	45.2204008261064	194.4084238359774	38.40062004473279	-71.54572296142578	2026-05-19T01:20:34.000
1779124834100	103.96685462643201	45.21431365537062	194.44504752703705	38.39577723778078	-71.54572296142578	2026-05-19T01:20:34.100
1779124834200	104.00721862388349	45.20722700678078	194.4816889798112	38.389937641056186	-71.54572296142578	2026-05-19T01:20:34.200
1779124834300	104.04755130992895	45.201139857005195	194.51824882404918	38.38509872631478	-71.54572296142578	2026-05-19T01:20:34.300
1779124834400	104.08784796209937	45.194053210230656	194.55483431403727	38.379263255701076	-71.54572296142578	2026-05-19T01:20:34.400
1779124834500	104.12812181597054	45.187966045280994	194.5913455824667	38.37442868942147	-71.54572296142578	2026-05-19T01:20:34.500
1779124834600	104.16837263581029	45.18187885149704	194.6278382289693	38.36959646196789	-71.54572296142578	2026-05-19T01:20:34.600
1779124834700	104.20860017503935	45.17479213945648	194.6643683505465	38.363768046728204	-71.54572296142578	2026-05-19T01:20:34.700
1779124834800	104.24881768537568	45.16870488144505	194.7008353356157	38.358940876691015	-71.54572296142578	2026-05-19T01:20:34.800
1779124834900	104.28902041710147	45.161618074729894	194.73734768438615	38.353117754484586	-71.54572296142578	2026-05-19T01:20:34.900
1779124835000	104.32922163260758	45.15553070210612	194.77380429045152	38.34829610974606	-71.54572296142578	2026-05-19T01:20:35.000
1779124835100	104.36942024623004	45.149443258703755	194.81026062557763	38.34347738337836	-71.54572296142578	2026-05-19T01:20:35.100
1779124835200	104.4096118164757	45.14235626315712	194.84676965162853	38.337662951881825	-71.54572296142578	2026-05-19T01:20:35.200
1779124835300	104.4498046041105	45.13626868358518	194.88322501305848	38.332850049605284	-71.54572296142578	2026-05-19T01:20:35.300
1779124835400	104.4899888150661	45.12918155851418	194.9197319395609	38.32704140691685	-71.54572296142578	2026-05-19T01:20:35.400
1779124835500	104.53017272073734	45.12309385493435	194.95618358158947	38.32223423998071	-71.54572296142578	2026-05-19T01:20:35.500
1779124835600	104.57034651642557	45.11600660295519	194.99268566266647	38.316431286916234	-71.54572296142578	2026-05-19T01:20:35.600
1779124835700	104.61051848418583	45.109918782042975	195.02913083909476	38.3116297592312	-71.54572296142578	2026-05-19T01:20:35.700
1779124835800	104.65067880873582	45.102831417409604	195.06562532744397	38.30583240637738	-71.54572296142578	2026-05-19T01:20:35.800
1779124835900	104.69083578268665	45.096743484953954	195.10206129133425	38.30103641911351	-71.54572296142578	2026-05-19T01:20:35.900
1779124836000	104.73097958021002	45.08965600621042	195.13854543968708	38.29524455950657	-71.54572296142578	2026-05-19T01:20:36.000
1779124836100	104.77111389481948	45.08256848082814	195.1750233831015	38.28945541655854	-71.54572296142578	2026-05-19T01:20:36.100
1779124836200	104.81124214135981	45.07648039268649	195.21143998322205	38.284667537130595	-71.54572296142578	2026-05-19T01:20:36.200
1779124836300	104.85135404505414	45.069392772498	195.24790229436115	38.278883702863055	-71.54572296142578	2026-05-19T01:20:36.300
1779124836400	104.89145294602888	45.06230511236956	195.2843552344767	38.27310247000443	-71.54572296142578	2026-05-19T01:20:36.400
1779124836500	104.93154219465123	45.056216891370376	195.3207432332054	38.26832236452475	-71.54572296142578	2026-05-19T01:20:36.500
1779124836600	104.97161150070079	45.049129148649804	195.35717407797236	38.262546200760035	-71.54572296142578	2026-05-19T01:20:36.600
1779124836700	105.01166421210496	45.042041377541516	195.39359231899874	38.256772522437814	-71.54572296142578	2026-05-19T01:20:36.700
1779124836800	105.0516991315308	45.0349535715537	195.42999687891356	38.25100127985139	-71.54572296142578	2026-05-19T01:20:36.800
1779124836900	105.0917196196642	45.028865223645894	195.46633169882327	38.2462309944094	-71.54572296142578	2026-05-19T01:20:36.900
1779124837000	105.13171536582026	45.021777359629965	195.50270554093902	38.240464499656355	-71.54572296142578	2026-05-19T01:20:37.000
1779124837100	105.17168985080116	45.01468947679326	195.53906257722738	38.23470032890058	-71.54572296142578	2026-05-19T01:20:37.100
1779124837200	105.2116424902211	45.00760156860295	195.57540228071025	38.22893845123479	-71.54572296142578	2026-05-19T01:20:37.200
1779124837300	105.2515773904297	45.00151313053661	195.61166876789952	38.224177396571584	-71.54572296142578	2026-05-19T01:20:37.300
1779124837400	105.29148495596365	44.994425185294745	195.64797243274762	38.21842005282495	-71.54572296142578	2026-05-19T01:20:37.400
1779124837500	105.33136929065681	44.98733721974108	195.6842575128214	38.21266494530623	-71.54572296142578	2026-05-19T01:20:37.500
1779124837600	105.37122993277194	44.980249238329655	195.72052359046816	38.20691205756248	-71.54572296142578	2026-05-19T01:20:37.600
1779124837700	105.41107099868776	44.97416072991165	195.7567142993024	38.20215989515513	-71.54572296142578	2026-05-19T01:20:37.700
1779124837800	105.4508828728764	44.96707272310215	195.79294099924152	38.19641138571899	-71.54572296142578	2026-05-19T01:20:37.800
1779124837900	105.49066966921222	44.95998469584786	195.82914744454519	38.19066502795031	-71.54572296142578	2026-05-19T01:20:37.900
1779124838000	105.53043092600285	44.95289665885255	195.8653332169474	38.18492081109976	-71.54572296142578	2026-05-19T01:20:38.000
1779124838100	105.57016676601235	44.94580861337397	195.90149842431845	38.17917873454899	-71.54572296142578	2026-05-19T01:20:38.100
1779124838200	105.60987964993657	44.93872055120705	195.9376452778492	38.173438867250084	-71.54572296142578	2026-05-19T01:20:38.200
1779124838300	105.6495726229465	44.93163246499795	195.97377651473067	38.16770129953208	-71.54572296142578	2026-05-19T01:20:38.300
1779124838400	105.68924873016476	44.92454434266849	196.00989487283732	38.16196611791441	-71.54572296142578	2026-05-19T01:20:38.400
1779124838500	105.72891101675556	44.91745618704191	196.04600308961247	38.156233424711914	-71.54572296142578	2026-05-19T01:20:38.500
1779124838600	105.7685625277729	44.91036798277635	196.0821039039469	38.15050330499997	-71.54572296142578	2026-05-19T01:20:38.600
1779124838700	105.8082063082915	44.903279724873904	196.11820005455965	38.14477585509421	-71.54572296142578	2026-05-19T01:20:38.700
1779124838800	105.84784540338852	44.896191414626415	196.1542942802252	38.13905117849955	-71.54572296142578	2026-05-19T01:20:38.800
1779124838900	105.8874828580499	44.88910303935865	196.1903893209326	38.13332936567294	-71.54572296142578	2026-05-19T01:20:38.900
1779124839000	105.92712171723002	44.882014585353275	196.226487917151	38.127610506935234	-71.54572296142578	2026-05-19T01:20:39.000
1779124839100	105.96676356798882	44.87492605710492	196.26259149696943	38.12189466147389	-71.54572296142578	2026-05-19T01:20:39.100
1779124839200	106.00640416558888	44.86783746142327	196.2986962413527	38.116181689901026	-71.54572296142578	2026-05-19T01:20:39.200
1779124839300	106.04603780742049	44.860748812884594	196.33479701838243	38.1104714088756	-71.54572296142578	2026-05-19T01:20:39.300
1779124839400	106.08565879090818	44.853660122536276	196.37088869555896	38.10476362983494	-71.54572296142578	2026-05-19T01:20:39.400
1779124839500	106.12526141357439	44.846571411744215	196.40696613899775	38.09905817282934	-71.54572296142578	2026-05-19T01:20:39.500
1779124839600	106.16483997289787	44.83948268158921	196.4430242152047	38.093354835952425	-71.54572296142578	2026-05-19T01:20:39.600
1779124839700	106.20438414015246	44.83139447050867	196.47911611689003	38.08665500245206	-71.54572296142578	2026-05-19T01:20:39.700
1779124839800	106.24389746329945	44.82430575574558	196.5151201699042	38.08095534860777	-71.54572296142578	2026-05-19T01:20:39.800
1779124839900	106.28336961606765	44.81721707235094	196.55108944752283	38.0752572464903	-71.54572296142578	2026-05-19T01:20:39.900
1779124840000	106.32279489614098	44.81012842229892	196.58701881303375	38.0695604883484	-71.54572296142578	2026-05-19T01:20:40.000
1779124840100	106.36216984095272	44.803039826607915	196.62290514366487	38.06386496260612	-71.54572296142578	2026-05-19T01:20:40.100
1779124840200	106.40149994621939	44.795951269095205	196.65875338203423	38.058170835474414	-71.54572296142578	2026-05-19T01:20:40.200
1779124840300	106.44078830692303	44.787863245142496	196.6946295184776	38.05147994160563	-71.54572296142578	2026-05-19T01:20:40.300
1779124840400	106.48005193647836	44.780774706745504	196.73042256870468	38.04578935073755	-71.54572296142578	2026-05-19T01:20:40.400
1779124840500	106.51929393208734	44.77368615540486	196.7661984079986	38.04010090376427	-71.54572296142578	2026-05-19T01:20:40.500
1779124840600	106.55851738172554	44.76559808394639	196.8020233781506	38.03341645295171	-71.54572296142578	2026-05-19T01:20:40.600
1779124840700	106.59773931218018	44.75850944039947	196.83778580183866	38.027733044288176	-71.54572296142578	2026-05-19T01:20:40.700
1779124840800	106.6369628136262	44.75142072261377	196.873551906262	38.02205253514972	-71.54572296142578	2026-05-19T01:20:40.800
1779124840900	106.67619096714361	44.74333243720686	196.9093883829798	38.015376811776726	-71.54572296142578	2026-05-19T01:20:40.900
1779124841000	106.71544081281196	44.73624352716259	196.94518286338786	38.00970289519776	-71.54572296142578	2026-05-19T01:20:41.000
1779124841100	106.75471294606062	44.72915449707306	196.9809996848706	38.004032580304994	-71.54572296142578	2026-05-19T01:20:41.100
1779124841200	106.79399800212782	44.7210658741359	197.016894686708	37.99736734576053	-71.54572296142578	2026-05-19T01:20:41.200
1779124841300	106.83329810787495	44.71397664169687	197.0527413630043	37.991703691003856	-71.54572296142578	2026-05-19T01:20:41.300
1779124841400	106.87260141319133	44.70688733663664	197.0885931941516	37.98604300660475	-71.54572296142578	2026-05-19T01:20:41.400
1779124841500	106.91190072625405	44.699797973618004	197.12444370281315	37.98038504706553	-71.54572296142578	2026-05-19T01:20:41.500
1779124841600	106.95118418577133	44.69170908762962	197.1603469468542	37.97373121941859	-71.54572296142578	2026-05-19T01:20:41.600
1779124841700	106.99045393686194	44.68461965923492	197.1961754900835	37.96807797573218	-71.54572296142578	2026-05-19T01:20:41.700
1779124841800	107.02969812065601	44.67753022571564	197.2319832721504	37.96242671656593	-71.54572296142578	2026-05-19T01:20:41.800
1779124841900	107.06890486937074	44.669441317860404	197.26782469385665	37.95577885203038	-71.54572296142578	2026-05-19T01:20:41.900
1779124842000	107.10807634169046	44.66235192370115	197.3035716236252	37.950130808125984	-71.54572296142578	2026-05-19T01:20:42.000
1779124842100	107.14720236877406	44.65526256917692	197.33927987322693	37.944484043575194	-71.54572296142578	2026-05-19T01:20:42.100
1779124842200	107.18627955916573	44.64717376797801	197.37501182762236	37.93784027077615	-71.54572296142578	2026-05-19T01:20:42.200
1779124842300	107.22532026418094	44.640084488681794	197.4106478364305	37.932196239723794	-71.54572296142578	2026-05-19T01:20:42.300
1779124842400	107.26431810394507	44.63199574787291	197.44631315345737	37.925555395547924	-71.54572296142578	2026-05-19T01:20:42.400
1779124842500	107.30328543831851	44.624906505161405	197.4818876737008	37.91991446288144	-71.54572296142578	2026-05-19T01:20:42.500
1779124842600	107.34221587883584	44.61681779351401	197.51749710612265	37.91327692315675	-71.54572296142578	2026-05-19T01:20:42.600
1779124842700	107.38112179386256	44.609728566010794	197.5530208923876	37.90763947804885	-71.54572296142578	2026-05-19T01:20:42.700
1779124842800	107.41999678634687	44.60163986239153	197.58858519584004	37.90100563570991	-71.54572296142578	2026-05-19T01:20:42.800
1779124842900	107.45885323307424	44.594550621096054	197.62406900659846	37.89537206672227	-71.54572296142578	2026-05-19T01:20:42.900
1779124843000	107.49768472844902	44.586461888079455	197.65959894122295	37.88874230542261	-71.54572296142578	2026-05-19T01:20:43.000
1779124843100	107.53649866722289	44.57837312832135	197.69511552337525	37.88211472416619	-71.54572296142578	2026-05-19T01:20:43.100
1779124843200	107.57530129823549	44.571283821854294	197.73055778613823	37.87648764963669	-71.54572296142578	2026-05-19T01:20:43.200
1779124843300	107.61408447185667	44.56319500945054	197.76605146249636	37.86986457560834	-71.54572296142578	2026-05-19T01:20:43.300
1779124843400	107.6528541462754	44.555106164936355	197.80153543809527	37.86324381710767	-71.54572296142578	2026-05-19T01:20:43.400
1779124843500	107.6916162879203	44.5480167615561	197.83694815038828	37.857623670641175	-71.54572296142578	2026-05-19T01:20:43.500
1779124843600	107.73036273469451	44.5399278460534	197.8724160060102	37.851007664512714	-71.54572296142578	2026-05-19T01:20:43.600
1779124843700	107.76909945096851	44.531838887644874	197.90787755456805	37.84439409650967	-71.54572296142578	2026-05-19T01:20:43.700
1779124843800	107.80782769294633	44.523749880872224	197.94333392775644	37.837783006369875	-71.54572296142578	2026-05-19T01:20:43.800
1779124843900	107.84655343523688	44.51666030694736	197.97872311641822	37.83217268162159	-71.54572296142578	2026-05-19T01:20:43.900
1779124844000	107.88526849930106	44.50857121131261	198.01417242210647	37.82556668748164	-71.54572296142578	2026-05-19T01:20:44.000
1779124844100	107.923978315388	44.50048205680238	198.0496194594647	37.818963277776795	-71.54572296142578	2026-05-19T01:20:44.100
1779124844200	107.96268142852053	44.49239285963574	198.08506291493114	37.812362411681136	-71.54572296142578	2026-05-19T01:20:44.200
1779124844300	108.0013805679037	44.48530309585605	198.12043740091224	37.80676222932727	-71.54572296142578	2026-05-19T01:20:44.300
1779124844400	108.04006428527974	44.477213816743074	198.15586817626584	37.80016621402277	-71.54572296142578	2026-05-19T01:20:44.400
1779124844500	108.07873530793258	44.469124504368175	198.19128996323562	37.793572515387844	-71.54572296142578	2026-05-19T01:20:44.500
1779124844600	108.11739163863537	44.46103516021607	198.22670095912346	37.786981054979435	-71.54572296142578	2026-05-19T01:20:44.600
1779124844700	108.15603601479083	44.453945273977446	198.26203533025665	37.781389965681704	-71.54572296142578	2026-05-19T01:20:44.700
1779124844800	108.19465697205706	44.44585589354437	198.2974192229239	37.77480276223929	-71.54572296142578	2026-05-19T01:20:44.800
1779124844900	108.23325724584714	44.437766496537414	198.33278691401802	37.76821756897413	-71.54572296142578	2026-05-19T01:20:44.900
1779124845000	108.27183483905793	44.42967709529846	198.36813659892414	37.76163431598844	-71.54572296142578	2026-05-19T01:20:45.000
1779124845100	108.31038820717507	44.42158768287617	198.4034668822623	37.75505293112583	-71.54572296142578	2026-05-19T01:20:45.100
1779124845200	108.34891761643573	44.41349827153433	198.43877800045058	37.74847343143734	-71.54572296142578	2026-05-19T01:20:45.200
1779124845300	108.38742378563111	44.40540885156315	198.4740705996979	37.74189582975584	-71.54572296142578	2026-05-19T01:20:45.300
1779124845400	108.42591218194082	44.39831889821387	198.50928052500288	37.736318315153845	-71.54572296142578	2026-05-19T01:20:45.400
1779124845500	108.4643740294304	44.390229463387	198.5445379140601	37.72974457564323	-71.54572296142578	2026-05-19T01:20:45.500
1779124845600	108.50281479329796	44.382140014797365	198.57977872203534	37.723172797855455	-71.54572296142578	2026-05-19T01:20:45.600
1779124845700	108.5412351923715	44.37405055596995	198.61500359471202	37.71660300867715	-71.54572296142578	2026-05-19T01:20:45.700
1779124845800	108.57963594541451	44.365961078196264	198.65021317877822	37.71003522298576	-71.54572296142578	2026-05-19T01:20:45.800
1779124845900	108.61801777125737	44.357871588243086	198.68540812002166	37.703469471321405	-71.54572296142578	2026-05-19T01:20:45.900
1779124846000	108.65638138865711	44.34978207874153	198.72058906526084	37.696905770314835	-71.54572296142578	2026-05-19T01:20:46.000
1779124846100	108.69472725042881	44.34169255299187	198.75575642070078	37.69034413693701	-71.54572296142578	2026-05-19T01:20:46.100
1779124846200	108.73305474541031	44.33360300752383	198.79090963291927	37.683784539364446	-71.54572296142578	2026-05-19T01:20:46.200
1779124846300	108.77136299649973	44.32551344718163	198.8260479078092	37.677226943344344	-71.54572296142578	2026-05-19T01:20:46.300
1779124846400	108.80965112661104	44.31742387845547	198.86117045101795	37.67067131601908	-71.54572296142578	2026-05-19T01:20:46.400
1779124846500	108.84791825862504	44.30933429928057	198.8962764686198	37.66411761573959	-71.54572296142578	2026-05-19T01:20:46.500
1779124846600	108.88616351541874	44.301244705094895	198.9313651667202	37.657565798115414	-71.54572296142578	2026-05-19T01:20:46.600
1779124846700	108.92438601998091	44.29315511317268	198.9664357498447	37.651015840315424	-71.54572296142578	2026-05-19T01:20:46.700
1779124846800	108.9625848951679	44.28506551136804	199.0014874243284	37.644467689881836	-71.54572296142578	2026-05-19T01:20:46.800
1779124846900	109.00075926397435	44.27697591485911	199.03651939456051	37.63792132139717	-71.54572296142578	2026-05-19T01:20:46.900
1779124847000	109.03890824929589	44.26888631649053	199.07153086627503	37.63137668689536	-71.54572296142578	2026-05-19T01:20:47.000
1779124847100	109.07703158536239	44.26079671934273	199.1065215962503	37.62483377300348	-71.54572296142578	2026-05-19T01:20:47.100
1779124847200	109.11513145147482	44.25270711912656	199.14149354924226	37.618292657557575	-71.54572296142578	2026-05-19T01:20:47.200
1779124847300	109.15321063821594	44.244617517081394	199.176449241875	37.61175344923901	-71.54572296142578	2026-05-19T01:20:47.300
1779124847400	109.19126715005137	44.235528417597514	199.21145815584688	37.60421816374319	-71.54572296142578	2026-05-19T01:20:47.400
1779124847500	109.2293133476497	44.22743877026866	199.24638898914392	37.59768305835664	-71.54572296142578	2026-05-19T01:20:47.500
1779124847600	109.2673472373438	44.219349096587536	199.28131111630188	37.59115016269829	-71.54572296142578	2026-05-19T01:20:47.600
1779124847700	109.30537160951309	44.2112593762298	199.3162270571088	37.584619567082335	-71.54572296142578	2026-05-19T01:20:47.700
1779124847800	109.34338925467212	44.203169622283625	199.35113932953323	37.57809139597716	-71.54572296142578	2026-05-19T01:20:47.800
1779124847900	109.38139816821972	44.19408034177091	199.38611794838656	37.57056769537722	-71.54572296142578	2026-05-19T01:20:47.900
1779124848000	109.41941072858968	44.18599047639952	199.42103055163926	37.56404467122456	-71.54572296142578	2026-05-19T01:20:48.000
1779124848100	109.45742375630857	44.17790055169054	199.45594598447454	37.55752433657876	-71.54572296142578	2026-05-19T01:20:48.100
1779124848200	109.49542935793163	44.16881109812941	199.49092926399487	37.550008535738925	-71.54572296142578	2026-05-19T01:20:48.200
1779124848300	109.53343286219278	44.160721080935076	199.52584101521717	37.54349318011785	-71.54572296142578	2026-05-19T01:20:48.300
1779124848400	109.57142520077268	44.15263102520901	199.56074508532208	37.53698005339033	-71.54572296142578	2026-05-19T01:20:48.400
1779124848500	109.60940210386997	44.144540947158	199.595637614572	37.53046899284477	-71.54572296142578	2026-05-19T01:20:48.500
1779124848600	109.64735449450716	44.13545139210242	199.6305829757941	37.52296182383978	-71.54572296142578	2026-05-19T01:20:48.600
1779124848700	109.68528771553298	44.12736130332585	199.66544094815663	37.516454392834994	-71.54572296142578	2026-05-19T01:20:48.700
1779124848800	109.72319269185084	44.11927122917637	199.70027579713732	37.50994852101438	-71.54572296142578	2026-05-19T01:20:48.800
1779124848900	109.76106034137125	44.110181704745614	199.73515220899446	37.502446034286194	-71.54572296142578	2026-05-19T01:20:48.900
1779124849000	109.79889601748184	44.10209168453018	199.76992933019886	37.49594275799478	-71.54572296142578	2026-05-19T01:20:49.000
1779124849100	109.83669172850438	44.09400170421852	199.8046727239193	37.489440556832214	-71.54572296142578	2026-05-19T01:20:49.100
1779124849200	109.87444383006574	44.0849122894484	199.83945230674925	37.48194148555339	-71.54572296142578	2026-05-19T01:20:49.200
1779124849300	109.91216421713625	44.076822379638514	199.8741325004607	37.475441596683446	-71.54572296142578	2026-05-19T01:20:49.300
1779124849400	109.94985033560572	44.06873249728327	199.90878410131083	37.46894298354314	-71.54572296142578	2026-05-19T01:20:49.400
1779124849500	109.98749962452344	44.05964316597336	199.9434783221856	37.46144776036965	-71.54572296142578	2026-05-19T01:20:49.500
1779124849600	110.02512398891578	44.051553316917435	199.97807896288535	37.45495194465913	-71.54572296142578	2026-05-19T01:20:49.600
1779124849700	110.06271604370245	44.042464014391506	200.01272651083022	37.4474597006355	-71.54572296142578	2026-05-19T01:20:49.700
1779124849800	110.10028770046372	44.03437418686486	200.0472843538372	37.44096702517789	-71.54572296142578	2026-05-19T01:20:49.800
1779124849900	110.13783156742646	44.02528488526055	200.08189339327342	37.43347808961069	-71.54572296142578	2026-05-19T01:20:49.900
1779124850000	110.17535956277344	44.01719505380148	200.11641660485375	37.42698888863992	-71.54572296142578	2026-05-19T01:20:50.000
1779124850100	110.212868949959	44.0091051994982	200.15092535884935	37.4205015308821	-71.54572296142578	2026-05-19T01:20:50.100
1779124850200	110.25035630382024	44.000015874851506	200.18549081827587	37.41301816123724	-71.54572296142578	2026-05-19T01:20:50.200
1779124850300	110.28783252908585	43.99192599509489	200.21997441921343	37.40653467480114	-71.54572296142578	2026-05-19T01:20:50.300
1779124850400	110.3252891943427	43.98283663424881	200.25451716583552	37.399055273146146	-71.54572296142578	2026-05-19T01:20:50.400
1779124850500	110.3627372107919	43.97474671120739	200.2889800850839	37.3925758364849	-71.54572296142578	2026-05-19T01:20:50.500
1779124850600	110.40016814051486	43.96565729527457	200.32350459070494	37.38510058161252	-71.54572296142578	2026-05-19T01:20:50.600
1779124850700	110.43759290118409	43.9575673155552	200.35795130089076	37.3786253803684	-71.54572296142578	2026-05-19T01:20:50.700
1779124850800	110.47500304842953	43.9484778412162	200.3924620378187	37.37115446937028	-71.54572296142578	2026-05-19T01:20:50.800
1779124850900	110.51240950626578	43.9403877912583	200.4268970131472	37.36468369176906	-71.54572296142578	2026-05-19T01:20:50.900
1779124851000	110.54980382393975	43.93129824259873	200.4613984561739	37.35721731191045	-71.54572296142578	2026-05-19T01:20:51.000
1779124851100	110.58719167701152	43.92220865334196	200.49589661337035	37.349753256133326	-71.54572296142578	2026-05-19T01:20:51.100
1779124851200	110.62457712175002	43.91411849379333	200.5303198556597	37.34328937374644	-71.54572296142578	2026-05-19T01:20:51.200
1779124851300	110.66194925963438	43.905028828638606	200.56480881568942	37.335829841007204	-71.54572296142578	2026-05-19T01:20:51.300
1779124851400	110.6993165922106	43.89693860025737	200.59922048409794	37.32937037124194	-71.54572296142578	2026-05-19T01:20:51.400
1779124851500	110.73666821464626	43.88784887209923	200.63369589877382	37.32191515819812	-71.54572296142578	2026-05-19T01:20:51.500
1779124851600	110.77401263481018	43.879758584307844	200.6680916449546	37.315459892901174	-71.54572296142578	2026-05-19T01:20:51.600
1779124851700	110.81133894165903	43.87066881363644	200.7025491639816	37.30800880113757	-71.54572296142578	2026-05-19T01:20:51.700
1779124851800	110.84865078990059	43.86157901944967	200.73699615401338	37.30055968727534	-71.54572296142578	2026-05-19T01:20:51.800
1779124851900	110.88595184045373	43.85348868258173	200.7713599096061	37.294110357375125	-71.54572296142578	2026-05-19T01:20:51.900
1779124852000	110.92323117296819	43.84439885620555	200.80578247695138	37.28666504182812	-71.54572296142578	2026-05-19T01:20:52.000
1779124852100	110.96049223845155	43.8353090282911	200.840191060863	37.27922154888022	-71.54572296142578	2026-05-19T01:20:52.100
1779124852200	110.99773765985293	43.82721865450908	200.87451171306597	37.27277759813795	-71.54572296142578	2026-05-19T01:20:52.200
1779124852300	111.03495525697234	43.818128828028755	200.9088859457994	37.26533743294388	-71.54572296142578	2026-05-19T01:20:52.300
1779124852400	111.07214744283182	43.80903900128367	200.94323972103558	37.25789876408511	-71.54572296142578	2026-05-19T01:20:52.400
1779124852500	111.10931176666185	43.799949193457074	200.9775708156611	37.2504614971601	-71.54572296142578	2026-05-19T01:20:52.500
1779124852600	111.14644577764211	43.790859408776576	201.0118770072287	37.24302552216669	-71.54572296142578	2026-05-19T01:20:52.600
1779124852700	111.18355189782605	43.78276911860152	201.0460836585828	37.23658853758784	-71.54572296142578	2026-05-19T01:20:52.700
1779124852800	111.22061793216068	43.77367939145694	201.08033327661443	37.22915480748463	-71.54572296142578	2026-05-19T01:20:52.800
1779124852900	111.25764630136568	43.764589711252086	201.11455132116112	37.22172204639888	-71.54572296142578	2026-05-19T01:20:52.900
1779124853000	111.2946345547054	43.755500081528325	201.14873556819086	37.2142901409826	-71.54572296142578	2026-05-19T01:20:53.000
1779124853100	111.33158148173115	43.74641049640356	201.1828849168104	37.206859022959414	-71.54572296142578	2026-05-19T01:20:53.100
1779124853200	111.36849083326594	43.73732095577967	201.21700275715693	37.19942885040454	-71.54572296142578	2026-05-19T01:20:53.200
1779124853300	111.40536760033004	43.72823144442631	201.25109360405963	37.19199982262816	-71.54572296142578	2026-05-19T01:20:53.300
1779124853400	111.44221677390135	43.71914194764754	201.28516197314275	37.184572140841986	-71.54572296142578	2026-05-19T01:20:53.400
1779124853500	111.4790482292711	43.71105192603475	201.3191391806736	37.1781437860024	-71.54572296142578	2026-05-19T01:20:53.500
1779124853600	111.51585719006424	43.70196242742897	201.3531760461182	37.17071941351439	-71.54572296142578	2026-05-19T01:20:53.600
1779124853700	111.55265353005123	43.69287290496599	201.38720398530137	37.1632970044723	-71.54572296142578	2026-05-19T01:20:53.700
1779124853800	111.58944224003632	43.68378334521241	201.42122751707217	37.15587676679112	-71.54572296142578	2026-05-19T01:20:53.800
1779124853900	111.62622831083871	43.67469374701415	201.45525116020917	37.14845892200016	-71.54572296142578	2026-05-19T01:20:53.900
1779124854000	111.66301673313029	43.66560408822734	201.48927943586787	37.14104367203004	-71.54572296142578	2026-05-19T01:20:54.000
1779124854100	111.6998107516013	43.65651435872441	201.52331528373855	37.13363115335218	-71.54572296142578	2026-05-19T01:20:54.100
1779124854200	111.73660662706064	43.64742457157049	201.55735531638706	37.12622121075926	-71.54572296142578	2026-05-19T01:20:54.200
1779124854300	111.77339887434263	43.63833473553847	201.59139456450933	37.118813604695895	-71.54572296142578	2026-05-19T01:20:54.300
1779124854400	111.81018690527358	43.630244338718875	201.62535398293446	37.11240583256086	-71.54572296142578	2026-05-19T01:20:54.400
1779124854500	111.84695544239665	43.62115445862206	201.6593766518337	37.10500219735605	-71.54572296142578	2026-05-19T01:20:54.500
1779124854600	111.88370389627254	43.61206458373024	201.69338362085338	37.097600198792485	-71.54572296142578	2026-05-19T01:20:54.600
1779124854700	111.92042678189307	43.60297471486254	201.72736991762469	37.09019958342409	-71.54572296142578	2026-05-19T01:20:54.700
1779124854800	111.95711861443053	43.59388487959597	201.76133056687186	37.08280012303376	-71.54572296142578	2026-05-19T01:20:54.800
1779124854900	111.9937739089663	43.58479507696641	201.79526059452456	37.075401559434845	-71.54572296142578	2026-05-19T01:20:54.900
1779124855000	112.03038718080256	43.575705341004586	201.82915502298616	37.06800366789909	-71.54572296142578	2026-05-19T01:20:55.000
1779124855100	112.06695467986677	43.56661566344555	201.86301044890982	37.06060625948628	-71.54572296142578	2026-05-19T01:20:55.100
1779124855200	112.10347959529389	43.557526046886586	201.89682975585256	37.05320947348421	-71.54572296142578	2026-05-19T01:20:55.200
1779124855300	112.13996685086111	43.54843647242452	201.930617401669	37.045813508301414	-71.54572296142578	2026-05-19T01:20:55.300
1779124855400	112.17642137034181	43.539346929452975	201.96437784441565	37.03841857196228	-71.54572296142578	2026-05-19T01:20:55.400
1779124855500	112.21284807748134	43.53025741058668	201.9981155427289	37.03102487703658	-71.54572296142578	2026-05-19T01:20:55.500
1779124855600	112.24925189592933	43.5211678979461	202.0318349568552	37.023632626945556	-71.54572296142578	2026-05-19T01:20:55.600
1779124855700	112.2856328351979	43.511078924546055	202.06561586318116	37.01524438183168	-71.54572296142578	2026-05-19T01:20:55.700
1779124855800	112.32200564583974	43.501989391149294	202.09931218596526	37.007855662263026	-71.54572296142578	2026-05-19T01:20:55.800
1779124855900	112.35837033855299	43.49289982552022	202.1330036090107	37.00046902088475	-71.54572296142578	2026-05-19T01:20:55.900
1779124856000	112.39473183683035	43.483810213709205	202.16669459557494	36.993084670325565	-71.54572296142578	2026-05-19T01:20:56.000
1779124856100	112.43109387980901	43.47472055312467	202.2003885351183	36.98570278081162	-71.54572296142578	2026-05-19T01:20:56.100
1779124856200	112.46745546913388	43.46563084164104	202.23408452244917	36.978323303488395	-71.54572296142578	2026-05-19T01:20:56.200
1779124856300	112.50380950044158	43.4555416299761	202.26785645766807	36.969948520776896	-71.54572296142578	2026-05-19T01:20:56.300
1779124856400	112.54016363317058	43.44645183006253	202.3015506951748	36.9625735788695	-71.54572296142578	2026-05-19T01:20:56.400
1779124856500	112.57651076433739	43.43736200464715	202.33524103922886	36.95520076610348	-71.54572296142578	2026-05-19T01:20:56.500
1779124856600	112.61284871128385	43.42827214997351	202.36892550963495	36.947829974759394	-71.54572296142578	2026-05-19T01:20:56.600
1779124856700	112.64917529141142	43.41918227053519	202.40260212520573	36.94046110476936	-71.54572296142578	2026-05-19T01:20:56.700
1779124856800	112.68548339426789	43.40909291929953	202.43634525171112	36.932096462484886	-71.54572296142578	2026-05-19T01:20:56.800
1779124856900	112.7217806918854	43.4000030252733	202.47000030457883	36.92473115902787	-71.54572296142578	2026-05-19T01:20:56.900
1779124857000	112.75806007498676	43.390913115389374	202.50364155708695	36.917367468664445	-71.54572296142578	2026-05-19T01:20:57.000
1779124857100	112.79431935734432	43.38182321215784	202.53726702175624	36.91000530680434	-71.54572296142578	2026-05-19T01:20:57.100
1779124857200	112.83055633745933	43.37273331642608	202.57087469862444	36.90264456593768	-71.54572296142578	2026-05-19T01:20:57.200
1779124857300	112.86676387607774	43.36264397657267	202.6045393962457	36.89428756850633	-71.54572296142578	2026-05-19T01:20:57.300
1779124857400	112.90294963473012	43.353554112085185	202.6381055777567	36.88692936284567	-71.54572296142578	2026-05-19T01:20:57.400
1779124857500	112.93910647545803	43.34446427392658	202.67164795763742	36.879572267869726	-71.54572296142578	2026-05-19T01:20:57.500
1779124857600	112.97522725553574	43.33437501274411	202.7052416196438	36.871218621316714	-71.54572296142578	2026-05-19T01:20:57.600
1779124857700	113.01131964362388	43.32528524280224	202.73873047274463	36.86386343501124	-71.54572296142578	2026-05-19T01:20:57.700
1779124857800	113.04737649828992	43.31619551982615	202.77218950687754	36.8565090456613	-71.54572296142578	2026-05-19T01:20:57.800
1779124857900	113.08339067334222	43.30610638866508	202.8056940801541	36.84815779825535	-71.54572296142578	2026-05-19T01:20:57.900
1779124858000	113.11936984449666	43.29701676164578	202.83908755000652	36.84080467141281	-71.54572296142578	2026-05-19T01:20:58.000
1779124858100	113.15530806640159	43.28792720175133	202.8724462687685	36.83345207949563	-71.54572296142578	2026-05-19T01:20:58.100
1779124858200	113.1912041868287	43.277838229930495	202.90585131181086	36.82510264410246	-71.54572296142578	2026-05-19T01:20:58.200
1779124858300	113.22707308532217	43.268748749014	202.93915202162344	36.81775164967366	-71.54572296142578	2026-05-19T01:20:58.300
1779124858400	113.26290986364295	43.25865983893808	202.97250828920332	36.8094042689844	-71.54572296142578	2026-05-19T01:20:58.400
1779124858500	113.29872940563902	43.24957039191407	203.00576909772607	36.80205575888821	-71.54572296142578	2026-05-19T01:20:58.500
1779124858600	113.33452680853645	43.23948148425539	203.0390947014916	36.79371131080773	-71.54572296142578	2026-05-19T01:20:58.600
1779124858700	113.37031696055966	43.230392019297796	203.07233372376083	36.78636617569847	-71.54572296142578	2026-05-19T01:20:58.700
1779124858800	113.40609495443151	43.22030306958275	203.10564678117814	36.77802556347995	-71.54572296142578	2026-05-19T01:20:58.800
1779124858900	113.44187568262333	43.21121352922756	203.1388821395236	36.770684698885475	-71.54572296142578	2026-05-19T01:20:58.900
1779124859000	113.47765423344225	43.20112447934737	203.17220077609915	36.76234882266653	-71.54572296142578	2026-05-19T01:20:59.000
1779124859100	113.51343876163027	43.19103536538354	203.205527422037	36.75401557883129	-71.54572296142578	2026-05-19T01:20:59.100
1779124859200	113.54923027511708	43.18194565179289	203.23877995743507	36.74668226442712	-71.54572296142578	2026-05-19T01:20:59.200
1779124859300	113.5850180857697	43.172855898709386	203.27203152927245	36.73935112753128	-71.54572296142578	2026-05-19T01:20:59.300
1779124859400	113.6207915010286	43.16276666791746	203.30535564399864	36.73102443614108	-71.54572296142578	2026-05-19T01:20:59.400
1779124859500	113.65655469995892	43.15367688371329	203.33858974834217	36.723696864714505	-71.54572296142578	2026-05-19T01:20:59.500
1779124859600	113.69229203154836	43.143587655047384	203.3718861512595	36.71537321682647	-71.54572296142578	2026-05-19T01:20:59.600
1779124859700	113.72800767923411	43.13449790216793	203.4050819402189	36.708048140146275	-71.54572296142578	2026-05-19T01:20:59.700
1779124859800	113.7636859878116	43.12440872998395	203.43832977960017	36.69972645096912	-71.54572296142578	2026-05-19T01:20:59.800
1779124859900	113.79933114510162	43.11531906400845	203.47146639794096	36.6924027794811	-71.54572296142578	2026-05-19T01:20:59.900
1779124860000	113.83492749181323	43.10523001891398	203.50464481275108	36.684081968483966	-71.54572296142578	2026-05-19T01:21:00.000
1779124860100	113.87047619824095	43.095141051626015	203.5377824996853	36.67576127338893	-71.54572296142578	2026-05-19T01:21:00.100
1779124860200	113.90598621116507	43.08605160195749	203.57080364404456	36.66843829427845	-71.54572296142578	2026-05-19T01:21:00.200
1779124860300	113.94145352389668	43.07596276204667	203.60387238455118	36.66011845316348	-71.54572296142578	2026-05-19T01:21:00.300
1779124860400	113.97689399308827	43.06687340040735	203.63683516168396	36.6527968463359	-71.54572296142578	2026-05-19T01:21:00.400
1779124860500	114.0123036078574	43.05678461692984	203.66985646779335	36.64447892632708	-71.54572296142578	2026-05-19T01:21:00.500
1779124860600	114.04769822889715	43.047695287718604	203.70278239323594	36.6371597804006	-71.54572296142578	2026-05-19T01:21:00.600
1779124860700	114.08307384105221	43.037606497001995	203.73577778467578	36.628844868220646	-71.54572296142578	2026-05-19T01:21:00.700
1779124860800	114.11844133707416	43.02751768186461	203.76876833421966	36.62053187683712	-71.54572296142578	2026-05-19T01:21:00.800
1779124860900	114.15381161355326	43.01842827909193	203.80167938716727	36.6132184748904	-71.54572296142578	2026-05-19T01:21:00.900
1779124861000	114.18918064922964	43.00833936747729	203.83467631657922	36.60491015071444	-71.54572296142578	2026-05-19T01:21:01.000
1779124861100	114.22455736325325	42.99825038716731	203.86768275964096	36.596604485881855	-71.54572296142578	2026-05-19T01:21:01.100
1779124861200	114.25994277305658	42.989160804064866	203.90061481953248	36.58929867493674	-71.54572296142578	2026-05-19T01:21:01.200
1779124861300	114.2953209930817	42.97907172518273	203.933627611624	36.58099767435953	-71.54572296142578	2026-05-19T01:21:01.300
1779124861400	114.33069106356629	42.96898262713599	203.96663552621732	36.572698593092646	-71.54572296142578	2026-05-19T01:21:01.400
1779124861500	114.36605202854417	42.959892968440045	203.9995526075997	36.56539850075349	-71.54572296142578	2026-05-19T01:21:01.500
1779124861600	114.40138799685153	42.94980386967602	204.03253448759565	36.55710239237851	-71.54572296142578	2026-05-19T01:21:01.600
1779124861700	114.43669801171569	42.93971478960509	204.0654952943104	36.548807339687485	-71.54572296142578	2026-05-19T01:21:01.700
1779124861800	114.4719761386829	42.92962575564412	204.09842962579967	36.540513066511906	-71.54572296142578	2026-05-19T01:21:01.800
1779124861900	114.50722142573541	42.92053621950455	204.13125117818953	36.53321660983015	-71.54572296142578	2026-05-19T01:21:01.900
1779124862000	114.54241797439732	42.91044730967674	204.16411626804663	36.52492300594182	-71.54572296142578	2026-05-19T01:21:02.000
1779124862100	114.57756678620161	42.900358484745524	204.19694045126948	36.51662939911648	-71.54572296142578	2026-05-19T01:21:02.100
1779124862200	114.61267169817928	42.8902697268932	204.22972721143833	36.50833595572834	-71.54572296142578	2026-05-19T01:21:02.200
1779124862300	114.64774348784613	42.88118047284035	204.26240056518918	36.501040267113446	-71.54572296142578	2026-05-19T01:21:02.300
1779124862400	114.68277797499482	42.87109182018466	204.29512817842533	36.4927479701453	-71.54572296142578	2026-05-19T01:21:02.400
1779124862500	114.71778593605873	42.861003184387634	204.32783415615924	36.484456642831496	-71.54572296142578	2026-05-19T01:21:02.500
1779124862600	114.75277316227219	42.8509145664048	204.36052376147532	36.476166574544095	-71.54572296142578	2026-05-19T01:21:02.600
1779124862700	114.78775043450435	42.84182539233893	204.3931206769217	36.46887533231514	-71.54572296142578	2026-05-19T01:21:02.700
1779124862800	114.82271356503482	42.83173674596588	204.42579325225768	36.46058858447886	-71.54572296142578	2026-05-19T01:21:02.800
1779124862900	114.85767333382577	42.82164806387632	204.4584652553016	36.45230391639145	-71.54572296142578	2026-05-19T01:21:02.900
1779124863000	114.8926355318527	42.811559336230545	204.49114195413705	36.44402161256905	-71.54572296142578	2026-05-19T01:21:03.000
1779124863100	114.9276041173403	42.80147054257886	204.52382695145954	36.43574185483043	-71.54572296142578	2026-05-19T01:21:03.100
1779124863200	114.96257571808785	42.79138169883951	204.5565171781994	36.42746448747893	-71.54572296142578	2026-05-19T01:21:03.200
1779124863300	114.99754512924112	42.781292811983995	204.58920789796198	36.419189251209396	-71.54572296142578	2026-05-19T01:21:03.300
1779124863400	115.03251214195598	42.77220335136194	204.6218122000213	36.41191316426982	-71.54572296142578	2026-05-19T01:21:03.400
1779124863500	115.06746156052277	42.76211442813347	204.65448960701977	36.4036414308969	-71.54572296142578	2026-05-19T01:21:03.500
1779124863600	115.10239317538944	42.7520255197583	204.68715328933905	36.39537107970151	-71.54572296142578	2026-05-19T01:21:03.600
1779124863700	115.13730178182551	42.74193662131583	204.71979850785635	36.387101834210014	-71.54572296142578	2026-05-19T01:21:03.700
1779124863800	115.17218217527984	42.731847754622045	204.75242052031714	36.37883344330605	-71.54572296142578	2026-05-19T01:21:03.800
1779124863900	115.20702915122187	42.72175893646589	204.78501458394942	36.37056564953939	-71.54572296142578	2026-05-19T01:21:03.900
1779124864000	115.24183750513332	42.71167017696675	204.81757595560217	36.36229818749067	-71.54572296142578	2026-05-19T01:21:04.000
1779124864100	115.27660340080213	42.701581494358635	204.85010113592506	36.354030869267724	-71.54572296142578	2026-05-19T01:21:04.100
1779124864200	115.31132847473556	42.69149287046262	204.8825916097442	36.34576375299514	-71.54572296142578	2026-05-19T01:21:04.200
1779124864300	115.34601573177774	42.68140431450352	204.9150501054324	36.33749699547885	-71.54572296142578	2026-05-19T01:21:04.300
1779124864400	115.3806681765938	42.67131580528812	204.94747935442032	36.32923072394279	-71.54572296142578	2026-05-19T01:21:04.400
1779124864500	115.4152888139074	42.66122733865064	204.97988208726449	36.32096508336662	-71.54572296142578	2026-05-19T01:21:04.500
1779124864600	115.44988064840554	42.651138908365716	205.0122610352284	36.312700217438994	-71.54572296142578	2026-05-19T01:21:04.600
1779124864700	115.48444668473573	42.64105050562265	205.04461893032672	36.30443626803105	-71.54572296142578	2026-05-19T01:21:04.700
1779124864800	115.51898992751438	42.63096212069902	205.07695850518658	36.29617337686444	-71.54572296142578	2026-05-19T01:21:04.800
1779124864900	115.55351338132834	42.62087374318053	205.10928249302955	36.287911685729256	-71.54572296142578	2026-05-19T01:21:04.900
1779124865000	115.5880200508221	42.610785379476646	205.1415936262082	36.279651353958236	-71.54572296142578	2026-05-19T01:21:05.000
1779124865100	115.62251230618182	42.60069700368975	205.17389406267904	36.271392476212775	-71.54572296142578	2026-05-19T01:21:05.100
1779124865200	115.65698998064028	42.59060861867898	205.20618364779304	36.263135043509834	-71.54572296142578	2026-05-19T01:21:05.200
1779124865300	115.69145227325163	42.580520244704225	205.2384616477279	36.25487903091439	-71.54572296142578	2026-05-19T01:21:05.300
1779124865400	115.72589838291414	42.570431869664176	205.2707273312261	36.24662438100445	-71.54572296142578	2026-05-19T01:21:05.400
1779124865500	115.7603275086414	42.56034350299106	205.3029799650847	36.23837105764369	-71.54572296142578	2026-05-19T01:21:05.500
1779124865600	115.7947388493611	42.55025513565459	205.33521881750653	36.23011900607685	-71.54572296142578	2026-05-19T01:21:05.600
1779124865700	115.82912659010455	42.53916734170296	205.36752721086427	36.220871050676635	-71.54572296142578	2026-05-19T01:21:05.700
1779124865800	115.86349995712537	42.52907899590031	205.3997363807224	36.212621432376174	-71.54572296142578	2026-05-19T01:21:05.800
1779124865900	115.89785313615161	42.51899065925481	205.4319295696819	36.20437295724254	-71.54572296142578	2026-05-19T01:21:05.900
1779124866000	115.93218532626153	42.50890234729843	205.46410604330632	36.196125594235426	-71.54572296142578	2026-05-19T01:21:06.000
1779124866100	115.96649589328955	42.4988140427931	205.49626522186455	36.1878792882629	-71.54572296142578	2026-05-19T01:21:06.100
1779124866200	116.00078487089573	42.48872576202376	205.52840713105735	36.17963405292321	-71.54572296142578	2026-05-19T01:21:06.200
1779124866300	116.03505245952829	42.478637496478704	205.56053195078425	36.17138988594704	-71.54572296142578	2026-05-19T01:21:06.300
1779124866400	116.06929384070456	42.46754981102055	205.59272447468612	36.16214968898737	-71.54572296142578	2026-05-19T01:21:06.400
1779124866500	116.1035192521636	42.457461581459704	205.6248157323227	36.153907688035495	-71.54572296142578	2026-05-19T01:21:06.500
1779124866600	116.13772387609185	42.44737336270813	205.65689043850696	36.14566677002674	-71.54572296142578	2026-05-19T01:21:06.600
1779124866700	116.17190791299052	42.43728515831456	205.6889487722633	36.137426944935235	-71.54572296142578	2026-05-19T01:21:06.700
1779124866800	116.20607156335451	42.42719697089418	205.7209909127302	36.129188221856154	-71.54572296142578	2026-05-19T01:21:06.800
1779124866900	116.24021000530762	42.41610936878001	205.75310204821068	36.11995353057663	-71.54572296142578	2026-05-19T01:21:06.900
1779124867000	116.27433348328977	42.40602120575429	205.7851124201702	36.11171702655294	-71.54572296142578	2026-05-19T01:21:07.000
1779124867100	116.30843714279243	42.39593306261138	205.81710710632683	36.103481645426946	-71.54572296142578	2026-05-19T01:21:07.100
1779124867200	116.34251599295949	42.384845496168	205.849171378434	36.09425031130369	-71.54572296142578	2026-05-19T01:21:07.200
1779124867300	116.37658008181644	42.37475737762899	205.8811348243198	36.08601715715026	-71.54572296142578	2026-05-19T01:21:07.300
1779124867400	116.41062438583955	42.36466927071389	205.91308260590364	36.07778510728764	-71.54572296142578	2026-05-19T01:21:07.400
1779124867500	116.44464890514901	42.35458118030806	205.94501471959182	36.069554162544065	-71.54572296142578	2026-05-19T01:21:07.500
1779124867600	116.47864861296253	42.34349367429739	205.97701671765512	36.06032727578852	-71.54572296142578	2026-05-19T01:21:07.600
1779124867700	116.51263356241283	42.33340560889744	206.0089175649377	36.05209852605088	-71.54572296142578	2026-05-19T01:21:07.700
1779124867800	116.54659872744205	42.32331756068923	206.04080273462236	36.04387086999171	-71.54572296142578	2026-05-19T01:21:07.800
1779124867900	116.58053907941219	42.31223009896216	206.07275801103418	36.03464727648719	-71.54572296142578	2026-05-19T01:21:07.900
1779124868000	116.61446467517753	42.302142077254835	206.10461189455617	36.026421792704085	-71.54572296142578	2026-05-19T01:21:08.000
1779124868100	116.64837045349742	42.29205407488776	206.13645006025885	36.018197390838914	-71.54572296142578	2026-05-19T01:21:08.100
1779124868200	116.6822512172223	42.280966648480636	206.16835837271256	36.00897703268285	-71.54572296142578	2026-05-19T01:21:08.200
1779124868300	116.71611682707487	42.27087867783024	206.20016468501294	36.00075475152113	-71.54572296142578	2026-05-19T01:21:08.300
1779124868400	116.749962053259	42.26079072224701	206.2319547533812	35.99253350505103	-71.54572296142578	2026-05-19T01:21:08.400
1779124868500	116.78378669595516	42.25070278574811	206.26372839181477	35.98431328226609	-71.54572296142578	2026-05-19T01:21:08.500
1779124868600	116.81758552228112	42.239615431242136	206.29557174109783	35.97509706870945	-71.54572296142578	2026-05-19T01:21:08.600
1779124868700	116.85136839782345	42.22952752842162	206.32731204001422	35.96687884846906	-71.54572296142578	2026-05-19T01:21:08.700
1779124868800	116.88513009036575	42.21943964344212	206.3590353518059	35.95866160535529	-71.54572296142578	2026-05-19T01:21:08.800
1779124868900	116.91886536530481	42.208352345982206	206.3908280452504	35.9494483460996	-71.54572296142578	2026-05-19T01:21:08.900
1779124869000	116.95258409174437	42.19826450230001	206.4225169015976	35.941233022078805	-71.54572296142578	2026-05-19T01:21:09.000
1779124869100	116.98628120241982	42.18817668491327	206.454188364582	35.93301864702406	-71.54572296142578	2026-05-19T01:21:09.100
1779124869200	117.01995229434763	42.177089447623395	206.48592979248673	35.9238082720131	-71.54572296142578	2026-05-19T01:21:09.200
1779124869300	117.05360824023612	42.16700166315676	206.5175684232109	35.91559588072922	-71.54572296142578	2026-05-19T01:21:09.300
1779124869400	117.08723976686893	42.155914464948715	206.54927862269778	35.90638758498993	-71.54572296142578	2026-05-19T01:21:09.400
1779124869500	117.12085774900933	42.145826705389396	206.58088732980892	35.898177329221234	-71.54572296142578	2026-05-19T01:21:09.500
1779124869600	117.15445291128732	42.13473952162872	206.61256921110578	35.88897124870166	-71.54572296142578	2026-05-19T01:21:09.600
1779124869700	117.18803613069669	42.12465178565298	206.6441509038333	35.8807632884389	-71.54572296142578	2026-05-19T01:21:09.700
1779124869800	117.22159812966795	42.11356462420333	206.67580737552296	35.871559593076555	-71.54572296142578	2026-05-19T01:21:09.800
1779124869900	117.25514978722775	42.10347689465173	206.70736496563808	35.86335407408238	-71.54572296142578	2026-05-19T01:21:09.900
1779124870000	117.28868182379018	42.09238974470306	206.73899893911033	35.85415291675404	-71.54572296142578	2026-05-19T01:21:10.000
1779124870100	117.3221994458012	42.08130258805276	206.770622214688	35.84495304518499	-71.54572296142578	2026-05-19T01:21:10.100
1779124870200	117.35570532818359	42.07121487237772	206.80214509900622	35.83675125756727	-71.54572296142578	2026-05-19T01:21:10.200
1779124870300	117.38918638798064	42.06012774454757	206.83373983135823	35.82755355616076	-71.54572296142578	2026-05-19T01:21:10.300
1779124870400	117.42264970890716	42.05004006991133	206.86522853709477	35.81935360039296	-71.54572296142578	2026-05-19T01:21:10.400
1779124870500	117.4560872492976	42.03995243676567	206.8966959989958	35.81115432215433	-71.54572296142578	2026-05-19T01:21:10.500
1779124870600	117.48949096519716	42.02886540753922	206.92822729988853	35.80195864620832	-71.54572296142578	2026-05-19T01:21:10.600
1779124870700	117.52286794367372	42.01877786349745	206.9596441157336	35.7937602166445	-71.54572296142578	2026-05-19T01:21:10.700
1779124870800	117.55620509667196	42.007690950591105	206.99111942557266	35.78456507959761	-71.54572296142578	2026-05-19T01:21:10.800
1779124870900	117.58950951318782	41.99760352844375	207.0224746114772	35.776366836839564	-71.54572296142578	2026-05-19T01:21:10.900
1779124871000	117.62276810331323	41.98651675619186	207.05388294431188	35.76717156552188	-71.54572296142578	2026-05-19T01:21:11.000
1779124871100	117.65598427693658	41.97543006725573	207.08525495014612	35.757976055561976	-71.54572296142578	2026-05-19T01:21:11.100
1779124871200	117.68916690581716	41.96534288238451	207.1165058539321	35.74977737086941	-71.54572296142578	2026-05-19T01:21:11.200
1779124871300	117.72231108733946	41.95425631857432	207.14781684883968	35.740582034486785	-71.54572296142578	2026-05-19T01:21:11.300
1779124871400	117.75543210532044	41.94416922505712	207.17901607168008	35.73238404943103	-71.54572296142578	2026-05-19T01:21:11.400
1779124871500	117.7885250552712	41.93308273814655	207.2102850065954	35.72318997970629	-71.54572296142578	2026-05-19T01:21:11.500
1779124871600	117.82160522269204	41.922995688012676	207.24145150373204	35.71499379260638	-71.54572296142578	2026-05-19T01:21:11.600
1779124871700	117.85466770115272	41.911909211158004	207.27269733886345	35.70580207398763	-71.54572296142578	2026-05-19T01:21:11.700
1779124871800	117.88772272861688	41.90082271752517	207.30393877179986	35.69661194631748	-71.54572296142578	2026-05-19T01:21:11.800
1779124871900	117.92078054466248	41.890735614987506	207.33509177691133	35.68842051211712	-71.54572296142578	2026-05-19T01:21:11.900
1779124872000	117.95383624017792	41.87964904656195	207.36633856324804	35.679234396153355	-71.54572296142578	2026-05-19T01:21:12.000
1779124872100	117.98689823313528	41.86856243148482	207.39759351251413	35.67005061640832	-71.54572296142578	2026-05-19T01:21:12.100
1779124872200	118.01996765832358	41.85847518608348	207.4287640627478	35.661865756770894	-71.54572296142578	2026-05-19T01:21:12.200
1779124872300	118.05302867706632	41.84738849289894	207.46002286236285	35.65268589199228	-71.54572296142578	2026-05-19T01:21:12.300
1779124872400	118.08608060281203	41.83630179585685	207.49127575125394	35.64350753264129	-71.54572296142578	2026-05-19T01:21:12.400
1779124872500	118.11912275058994	41.826214521014606	207.52242828463784	35.63532715094331	-71.54572296142578	2026-05-19T01:21:12.500
1779124872600	118.15213927933118	41.81512784579154	207.55365353713697	35.62615084122466	-71.54572296142578	2026-05-19T01:21:12.600
1779124872700	118.18512950386294	41.80404120872414	207.58485713133226	35.6169750902098	-71.54572296142578	2026-05-19T01:21:12.700
1779124872800	118.21808768723137	41.792954627481976	207.61603381552464	35.60779958326299	-71.54572296142578	2026-05-19T01:21:12.800
1779124872900	118.25101314630784	41.78286754322565	207.6470888559225	35.599620783110716	-71.54572296142578	2026-05-19T01:21:12.900
1779124873000	118.28389003698689	41.77178111911307	207.67819589150832	35.59044480272062	-71.54572296142578	2026-05-19T01:21:13.000
1779124873100	118.3167195883077	41.76069478961611	207.70926200591518	35.581268209623545	-71.54572296142578	2026-05-19T01:21:13.100
1779124873200	118.34951068058496	41.750607975276004	207.74020099787847	35.573087975566494	-71.54572296142578	2026-05-19T01:21:13.200
1779124873300	118.38225894192752	41.73952180607804	207.77119742536362	35.56391086487123	-71.54572296142578	2026-05-19T01:21:13.300
1779124873400	118.41497516461705	41.72843569018126	207.8021669085801	35.55473395358262	-71.54572296142578	2026-05-19T01:21:13.400
1779124873500	118.4476701423795	41.718349040787466	207.83302478898835	35.54655430511219	-71.54572296142578	2026-05-19T01:21:13.500
1779124873600	118.48033950090523	41.70726298907683	207.86395604776305	35.53737871759608	-71.54572296142578	2026-05-19T01:21:13.600
1779124873700	118.51299403351308	41.69617695061722	207.89487609735627	35.52820426423815	-71.54572296142578	2026-05-19T01:21:13.700
1779124873800	118.54564453478882	41.68609031860822	207.92570007538433	35.52002797828867	-71.54572296142578	2026-05-19T01:21:13.800
1779124873900	118.57828662812263	41.675004237015024	207.9566133830122	35.5108567031903	-71.54572296142578	2026-05-19T01:21:13.900
1779124874000	118.61093110778945	41.663918118762965	207.987531226993	35.50168749928319	-71.54572296142578	2026-05-19T01:21:14.000
1779124874100	118.64358188971512	41.65283194822204	208.0184571913628	35.492520577335036	-71.54572296142578	2026-05-19T01:21:14.100
1779124874200	118.67623560434032	41.64174573611658	208.04938819218359	35.483355753821805	-71.54572296142578	2026-05-19T01:21:14.200
1779124874300	118.70888706074595	41.630659494115044	208.08031947813558	35.474192739892004	-71.54572296142578	2026-05-19T01:21:14.300
1779124874400	118.74153612726022	41.62057265937603	208.11115577184316	35.4660279548531	-71.54572296142578	2026-05-19T01:21:14.400
1779124874500	118.77416749497691	41.60948639882137	208.14207330128653	35.45686769015271	-71.54572296142578	2026-05-19T01:21:14.500
1779124874600	118.80678103207318	41.598400162525444	208.172976854454	35.447708380292696	-71.54572296142578	2026-05-19T01:21:14.600
1779124874700	118.839371547768	41.5873139550311	208.20386167680803	35.43854972446305	-71.54572296142578	2026-05-19T01:21:14.700
1779124874800	118.87193385141049	41.5762277979912	208.23472301129118	35.42939143770894	-71.54572296142578	2026-05-19T01:21:14.800
1779124874900	118.90446275229036	41.56514169279589	208.26555610171832	35.42023321366286	-71.54572296142578	2026-05-19T01:21:14.900
1779124875000	118.93695305989134	41.55405567058446	208.2963561882345	35.41107477442326	-71.54572296142578	2026-05-19T01:21:15.000
1779124875100	118.9694009496304	41.542969734364355	208.3271197630894	35.40191589258244	-71.54572296142578	2026-05-19T01:21:15.100
1779124875200	119.00180806101652	41.531883875338586	208.35784832120845	35.39275664738731	-71.54572296142578	2026-05-19T01:21:15.200
1779124875300	119.034177399621	41.52079809447009	208.38854460757702	35.38359720811401	-71.54572296142578	2026-05-19T01:21:15.300
1779124875400	119.06651197093365	41.509712381593616	208.41921136875615	35.37443773364695	-71.54572296142578	2026-05-19T01:21:15.400
1779124875500	119.09881478037875	41.498626718710824	208.44985135258418	35.3652783757627	-71.54572296142578	2026-05-19T01:21:15.500
1779124875600	119.13109389612717	41.48854052159326	208.48037596819066	35.35711594786644	-71.54572296142578	2026-05-19T01:21:15.600
1779124875700	119.16334219849084	41.47745494900046	208.5109705723888	35.34795732076336	-71.54572296142578	2026-05-19T01:21:15.700
1779124875800	119.19556775528511	41.466369407732024	208.5415466430109	35.33879930500438	-71.54572296142578	2026-05-19T01:21:15.800
1779124875900	119.22777357189221	41.45528389134147	208.57210692907452	35.3296420666802	-71.54572296142578	2026-05-19T01:21:15.900
1779124876000	119.2599626536543	41.44419839033622	208.60265418043582	35.320485769538536	-71.54572296142578	2026-05-19T01:21:16.000
1779124876100	119.29213736844109	41.4331129004837	208.63319056315677	35.3113305456828	-71.54572296142578	2026-05-19T01:21:16.100
1779124876200	119.32429753419434	41.42202741368249	208.66371590849292	35.30217637342613	-71.54572296142578	2026-05-19T01:21:16.200
1779124876300	119.35644233148275	41.41094194098012	208.69422946197957	35.29302321248059	-71.54572296142578	2026-05-19T01:21:16.300
1779124876400	119.38857600560526	41.40085589203856	208.72463860041822	35.284867610672386	-71.54572296142578	2026-05-19T01:21:16.400
1779124876500	119.42068760776563	41.389770447692825	208.755126243388	35.275716313166775	-71.54572296142578	2026-05-19T01:21:16.500
1779124876600	119.4527813830614	41.37868502216287	208.78559983291407	35.26656587664617	-71.54572296142578	2026-05-19T01:21:16.600
1779124876700	119.48485651205151	41.36759961925114	208.81605861459178	35.257416252853815	-71.54572296142578	2026-05-19T01:21:16.700
1779124876800	119.51691217525266	41.35651423314949	208.84650183475043	35.24826738376439	-71.54572296142578	2026-05-19T01:21:16.800
1779124876900	119.54894755327925	41.34542887600818	208.87692873791366	35.23911922907541	-71.54572296142578	2026-05-19T01:21:16.900
1779124877000	119.58096182669689	41.33434354904273	208.90733856946082	35.22997173739618	-71.54572296142578	2026-05-19T01:21:17.000
1779124877100	119.61295435821549	41.32325825184669	208.9377307416875	35.22082486637764	-71.54572296142578	2026-05-19T01:21:17.100
1779124877200	119.64492523911582	41.31217298065698	208.96810533478552	35.21167861359506	-71.54572296142578	2026-05-19T01:21:17.200
1779124877300	119.67687474287237	41.30108774146762	208.9984625949968	35.20253299724088	-71.54572296142578	2026-05-19T01:21:17.300
1779124877400	119.70880314290999	41.2900025309392	209.0288027694772	35.19338802626615	-71.54572296142578	2026-05-19T01:21:17.400
1779124877500	119.74071071265864	41.27891734719999	209.05912610529907	35.18424371115076	-71.54572296142578	2026-05-19T01:21:17.500
1779124877600	119.77259772556997	41.26783219316749	209.0894328491424	35.175100067215396	-71.54572296142578	2026-05-19T01:21:17.600
1779124877700	119.80445938741921	41.25574764940938	209.11981596605352	35.16496055857399	-71.54572296142578	2026-05-19T01:21:17.700
1779124877800	119.83630610674412	41.244662551736546	209.15009033170983	35.155818296101685	-71.54572296142578	2026-05-19T01:21:17.800
1779124877900	119.86813308946554	41.23357747082134	209.180348847643	35.146676729519875	-71.54572296142578	2026-05-19T01:21:17.900
1779124878000	119.89994060905403	41.22249241519925	209.21059176021794	35.13753588001059	-71.54572296142578	2026-05-19T01:21:18.000
1779124878100	119.93172884783533	41.2114073892993	209.2408192326837	35.128395759249514	-71.54572296142578	2026-05-19T01:21:18.100
1779124878200	119.96349762357714	41.20032238376385	209.27103109539996	35.11925634328384	-71.54572296142578	2026-05-19T01:21:18.200
1779124878300	119.99524666300113	41.1892374038359	209.30122709378045	35.110117617194256	-71.54572296142578	2026-05-19T01:21:18.300
1779124878400	120.0269756928141	41.17815245140253	209.331406973501	35.100979562656185	-71.54572296142578	2026-05-19T01:21:18.400
1779124878500	120.05868443969986	41.16706752343447	209.36157048064607	35.09184215638417	-71.54572296142578	2026-05-19T01:21:18.500
1779124878600	120.0903675612555	41.154983216586444	209.3918106513071	35.081708887465275	-71.54572296142578	2026-05-19T01:21:18.600
1779124878700	120.12203492227592	41.14389834858947	209.42194071295248	35.07257273233749	-71.54572296142578	2026-05-19T01:21:18.700
1779124878800	120.15368118048855	41.132813506333555	209.4520536389042	35.0634371655986	-71.54572296142578	2026-05-19T01:21:18.800
1779124878900	120.18530606266525	41.121728702506616	209.4821491735799	35.05430217940027	-71.54572296142578	2026-05-19T01:21:18.900
1779124879000	120.21690929546816	41.110643927769274	209.51222706340653	35.04516774387312	-71.54572296142578	2026-05-19T01:21:19.000
1779124879100	120.2484907879304	41.09955917824224	209.54228722152465	35.03603384559511	-71.54572296142578	2026-05-19T01:21:19.100
1779124879200	120.28005117850965	41.08847446202705	209.57233022905766	35.02690052735821	-71.54572296142578	2026-05-19T01:21:19.200
1779124879300	120.31158621784368	41.07639037338038	209.60245056557918	35.01677137443441	-71.54572296142578	2026-05-19T01:21:19.300
1779124879400	120.34310686669144	41.06530571186052	209.63246158379033	35.007639347015306	-71.54572296142578	2026-05-19T01:21:19.400
1779124879500	120.37460887586379	41.054221077769796	209.66245770018747	34.998508032155435	-71.54572296142578	2026-05-19T01:21:19.500
1779124879600	120.40609306604324	41.0431364614699	209.6924396654224	34.989377466746035	-71.54572296142578	2026-05-19T01:21:19.600
1779124879700	120.43756025795918	41.032051863888434	209.72240822930712	34.98024769839867	-71.54572296142578	2026-05-19T01:21:19.700
1779124879800	120.46900620163682	41.01996788117316	209.75245818228615	34.97012233819021	-71.54572296142578	2026-05-19T01:21:19.800
1779124879900	120.50044185897711	41.00888331026145	209.78240225701458	34.960994298639434	-71.54572296142578	2026-05-19T01:21:19.900
1779124880000	120.53186298021323	40.99779876267264	209.8123351804747	34.951867201910105	-71.54572296142578	2026-05-19T01:21:20.000
1779124880100	120.56326974769468	40.9867142154602	209.84225711954107	34.94274103347638	-71.54572296142578	2026-05-19T01:21:20.100
1779124880200	120.59465979109525	40.97562969459883	209.87216589322074	34.93361567119422	-71.54572296142578	2026-05-19T01:21:20.200
1779124880300	120.62602503051934	40.96354579486103	209.90215308513527	34.92349451313268	-71.54572296142578	2026-05-19T01:21:20.300
1779124880400	120.6573725996878	40.95246133439544	209.93202729400411	34.914370211622625	-71.54572296142578	2026-05-19T01:21:20.400
1779124880500	120.68869441894552	40.94137692004002	209.9618800393493	34.90524617083185	-71.54572296142578	2026-05-19T01:21:20.500
1779124880600	120.71998747972319	40.93029255716495	209.99170855416955	34.896122206409935	-71.54572296142578	2026-05-19T01:21:20.600
1779124880700	120.75124877351702	40.919208259327334	210.0215100701388	34.88699814150784	-71.54572296142578	2026-05-19T01:21:20.700
1779124880800	120.78247022012935	40.90712462835605	210.05137647255867	34.87687740078837	-71.54572296142578	2026-05-19T01:21:20.800
1779124880900	120.81365895433223	40.89604048258525	210.08111574646756	34.867752587695584	-71.54572296142578	2026-05-19T01:21:20.900
1779124881000	120.84480689608694	40.884956423088475	210.11081971492592	34.858627120247014	-71.54572296142578	2026-05-19T01:21:21.000
1779124881100	120.87591240587489	40.87387246072563	210.140486864749	34.849500900846216	-71.54572296142578	2026-05-19T01:21:21.100
1779124881200	120.90697931967236	40.86278858204778	210.17012071337695	34.8403741458747	-71.54572296142578	2026-05-19T01:21:21.200
1779124881300	120.93800777028758	40.85070537179198	210.19982099079203	34.830250792077486	-71.54572296142578	2026-05-19T01:21:21.300
1779124881400	120.96901310645787	40.8396216116053	210.2294026251887	34.82112386900684	-71.54572296142578	2026-05-19T01:21:21.400
1779124881500	120.99999546102141	40.828537889405126	210.25896528773927	34.81199731432463	-71.54572296142578	2026-05-19T01:21:21.500
1779124881600	121.03095496655291	40.81645479246721	210.28860888935932	34.801875084308634	-71.54572296142578	2026-05-19T01:21:21.600
1779124881700	121.06190697192271	40.80537110369994	210.31814800411016	34.79275018607387	-71.54572296142578	2026-05-19T01:21:21.700
1779124881800	121.09285160969034	40.79428740618983	210.34768248512773	34.78362656946092	-71.54572296142578	2026-05-19T01:21:21.800
1779124881900	121.12378901221597	40.78220428958933	210.3773124235239	34.77350821008461	-71.54572296142578	2026-05-19T01:21:21.900
1779124882000	121.1547345284353	40.771120532612876	210.40685204136156	34.76438808719808	-71.54572296142578	2026-05-19T01:21:22.000
1779124882100	121.18568645828127	40.76003672856626	210.43639968777248	34.7552700635842	-71.54572296142578	2026-05-19T01:21:22.100
1779124882200	121.21663577185306	40.74795349806361	210.46604721199137	34.74515759085782	-71.54572296142578	2026-05-19T01:21:22.200
1779124882300	121.24758682368892	40.736869641646564	210.49559837798913	34.73604295808692	-71.54572296142578	2026-05-19T01:21:22.300
1779124882400	121.27852367928107	40.72478638399825	210.52523889373833	34.725933186146484	-71.54572296142578	2026-05-19T01:21:22.400
1779124882500	121.30945069336784	40.71370254520466	210.55477228490562	34.7168205630246	-71.54572296142578	2026-05-19T01:21:22.500
1779124882600	121.34035700376072	40.702618728095274	210.58428877210045	34.707708408015165	-71.54572296142578	2026-05-19T01:21:22.600
1779124882700	121.37123174836954	40.69053557329551	210.613878806964	34.69760009492329	-71.54572296142578	2026-05-19T01:21:22.700
1779124882800	121.40207928203677	40.67945186817539	210.64334556264436	34.68848784824275	-71.54572296142578	2026-05-19T01:21:22.800
1779124882900	121.43288367052214	40.6673688679542	210.6728753244449	34.6783787580971	-71.54572296142578	2026-05-19T01:21:22.900
1779124883000	121.46364926871958	40.656285360480354	210.70227103113547	34.669265028977314	-71.54572296142578	2026-05-19T01:21:23.000
1779124883100	121.494367169039	40.64520195395557	210.73162498676618	34.66015012469576	-71.54572296142578	2026-05-19T01:21:23.100
1779124883200	121.52503628145661	40.63311926355106	210.76103691384316	34.65003802510087	-71.54572296142578	2026-05-19T01:21:23.200
1779124883300	121.55567268712821	40.622036042436235	210.7903201857278	34.64092160986041	-71.54572296142578	2026-05-19T01:21:23.300
1779124883400	121.5862721780195	40.609953498119005	210.81967245045897	34.63080870312248	-71.54572296142578	2026-05-19T01:21:23.400
1779124883500	121.61685083515677	40.59887039947716	210.84890685314792	34.62169218494754	-71.54572296142578	2026-05-19T01:21:23.500
1779124883600	121.64740952266133	40.58778732668192	210.8781249765764	34.612576132537036	-71.54572296142578	2026-05-19T01:21:23.600
1779124883700	121.67794910470109	40.575704879772026	210.9074286327648	34.60246466206034	-71.54572296142578	2026-05-19T01:21:23.700
1779124883800	121.70848566204965	40.56462181802692	210.93663062711772	34.59335062106787	-71.54572296142578	2026-05-19T01:21:23.800
1779124883900	121.739014986614	40.55253934339882	210.9659291855964	34.58324187918284	-71.54572296142578	2026-05-19T01:21:23.900
1779124884000	121.76955315900244	40.54145623316197	210.99513688714725	34.5741312866555	-71.54572296142578	2026-05-19T01:21:24.000
1779124884100	121.80009906444016	40.53037306238552	211.0243537861296	34.56502281880406	-71.54572296142578	2026-05-19T01:21:24.100
1779124884200	121.83064367344625	40.51829045990914	211.0536728809445	34.55492002095841	-71.54572296142578	2026-05-19T01:21:24.200
1779124884300	121.86119119420127	40.50720724084215	211.082895485438	34.54581500210963	-71.54572296142578	2026-05-19T01:21:24.300
1779124884400	121.8917255464499	40.495124618115604	211.11220947370987	34.535714935202726	-71.54572296142578	2026-05-19T01:21:24.400
1779124884500	121.92225093825034	40.484041401468154	211.14141593184357	34.526611903515594	-71.54572296142578	2026-05-19T01:21:24.500
1779124884600	121.95275128973323	40.47195882311275	211.1707029556459	34.516513114470996	-71.54572296142578	2026-05-19T01:21:24.600
1779124884700	121.98323080887154	40.460875697768856	211.19987140304895	34.50741063597003	-71.54572296142578	2026-05-19T01:21:24.700
1779124884800	122.01367341598336	40.448793234400696	211.22910959494672	34.497311667508875	-71.54572296142578	2026-05-19T01:21:24.800
1779124884900	122.04408331895561	40.43771025668819	211.25821816160905	34.48820826561824	-71.54572296142578	2026-05-19T01:21:24.900
1779124885000	122.07444443847446	40.42562798146753	211.2873856450091	34.4781076528684	-71.54572296142578	2026-05-19T01:21:25.000
1779124885100	122.10475786495702	40.4135458285251	211.3165113931953	34.46800579342568	-71.54572296142578	2026-05-19T01:21:25.100
1779124885200	122.13503250524674	40.402463163270276	211.34550173266803	34.458899079103915	-71.54572296142578	2026-05-19T01:21:25.200
1779124885300	122.16526400625398	40.39038119918897	211.37455632710277	34.44879550476366	-71.54572296142578	2026-05-19T01:21:25.300
1779124885400	122.19546830040176	40.379298696459074	211.40348604901297	34.43968776865987	-71.54572296142578	2026-05-19T01:21:25.400
1779124885500	122.2256410347107	40.367216847858586	211.43249078715675	34.429583865105606	-71.54572296142578	2026-05-19T01:21:25.500
1779124885600	122.2557930702488	40.355135043389055	211.46147861191992	34.419480335703554	-71.54572296142578	2026-05-19T01:21:25.600
1779124885700	122.28593526740197	40.34405264276635	211.49035738036523	34.41037367560069	-71.54572296142578	2026-05-19T01:21:25.700
1779124885800	122.31606327378891	40.331970855330354	211.51932731011993	34.400271925592996	-71.54572296142578	2026-05-19T01:21:25.800
1779124885900	122.34619302061641	40.320888439069286	211.54819873225344	34.39116774403107	-71.54572296142578	2026-05-19T01:21:25.900
1779124886000	122.37632015574934	40.30880660000328	211.5771720857462	34.38106918840602	-71.54572296142578	2026-05-19T01:21:26.000
1779124886100	122.40645370738899	40.29672472487673	211.60615348664228	34.3709726631505	-71.54572296142578	2026-05-19T01:21:26.100
1779124886200	122.4365953746545	40.28564219231483	211.63504208846578	34.361874075047574	-71.54572296142578	2026-05-19T01:21:26.200
1779124886300	122.4667298135881	40.27356026209209	211.6640285295064	34.351780853414766	-71.54572296142578	2026-05-19T01:21:26.300
1779124886400	122.49686196164885	40.26247771414549	211.6929124743203	34.342684926760725	-71.54572296142578	2026-05-19T01:21:26.400
1779124886500	122.52697647523809	40.250395789004365	211.72188477913022	34.33259372059011	-71.54572296142578	2026-05-19T01:21:26.500
1779124886600	122.55707322159124	40.23831388658461	211.75084284903912	34.322503036140965	-71.54572296142578	2026-05-19T01:21:26.600
1779124886700	122.58715206750398	40.22723141946135	211.77968387202156	34.313408668699125	-71.54572296142578	2026-05-19T01:21:26.700
1779124886800	122.6171976702339	40.21514962701859	211.80859902501166	34.30331806559284	-71.54572296142578	2026-05-19T01:21:26.800
1779124886900	122.64721496629211	40.2040672875472	211.83738742728028	34.294223104425726	-71.54572296142578	2026-05-19T01:21:26.900
1779124887000	122.67718861351737	40.19198565658191	211.86624046838043	34.28413126396249	-71.54572296142578	2026-05-19T01:21:27.000
1779124887100	122.70711984681374	40.179904125553634	211.8950565395351	34.274038398573644	-71.54572296142578	2026-05-19T01:21:27.100
1779124887200	122.73701537276928	40.168822070704906	211.92373886184367	34.26494068533681	-71.54572296142578	2026-05-19T01:21:27.200
1779124887300	122.76686805848065	40.15674072351555	211.9524867077866	34.254846137643476	-71.54572296142578	2026-05-19T01:21:27.300
1779124887400	122.79669104765065	40.14565884233848	211.9811062246292	34.24574710172057	-71.54572296142578	2026-05-19T01:21:27.400
1779124887500	122.82647720771483	40.13357763929983	212.00979690108392	34.23565159033179	-71.54572296142578	2026-05-19T01:21:27.500
1779124887600	122.85623461329176	40.12149650643711	212.0384631646915	34.22555588324756	-71.54572296142578	2026-05-19T01:21:27.600
1779124887700	122.88597133815783	40.110414804771196	212.06700923704764	34.21645621269831	-71.54572296142578	2026-05-19T01:21:27.700
1779124887800	122.91568025066506	40.09833375992005	212.09563492274123	34.20636063271542	-71.54572296142578	2026-05-19T01:21:27.800
1779124887900	122.94537449301785	40.087252139301604	212.12414584344506	34.197261458450036	-71.54572296142578	2026-05-19T01:21:27.900
1779124888000	122.97504693400643	40.07517115804375	212.15274201668558	34.187166752028574	-71.54572296142578	2026-05-19T01:21:28.000
1779124888100	123.00470501166535	40.06309019464993	212.1813270248453	34.17707271960105	-71.54572296142578	2026-05-19T01:21:28.100
1779124888200	123.03435362060817	40.05200862937096	212.20980189930543	34.16797538561779	-71.54572296142578	2026-05-19T01:21:28.200
1779124888300	123.06398181668087	40.039927710417054	212.23836345218768	34.15788262196755	-71.54572296142578	2026-05-19T01:21:28.300
1779124888400	123.09359385904715	40.027846818370165	212.26691217987363	34.14779041578579	-71.54572296142578	2026-05-19T01:21:28.400
1779124888500	123.1231940060954	40.016765323515315	212.29534837308174	34.13869472661931	-71.54572296142578	2026-05-19T01:21:28.500
1779124888600	123.1527713147565	40.0046844833039	212.32386915353632	34.12860346085217	-71.54572296142578	2026-05-19T01:21:28.600
1779124888700	123.18233004371476	39.99260368017744	212.3523748613688	34.118512594083576	-71.54572296142578	2026-05-19T01:21:28.700
1779124888800	123.2118744508479	39.98152228495259	212.38076563225647	34.10941807303484	-71.54572296142578	2026-05-19T01:21:28.800
1779124888900	123.24139359412625	39.969441548201125	212.40923889750914	34.09932782247203	-71.54572296142578	2026-05-19T01:21:28.900
1779124889000	123.2708917316906	39.957360845194025	212.43769484270325	34.08923779748575	-71.54572296142578	2026-05-19T01:21:29.000
1779124889100	123.30036822810105	39.945280189024686	212.46613287662143	34.07914796553446	-71.54572296142578	2026-05-19T01:21:29.100
1779124889200	123.32982314043538	39.93319957912728	212.49455304800213	34.06905832611164	-71.54572296142578	2026-05-19T01:21:29.200
1779124889300	123.35926176442496	39.92211838336462	212.52285619628736	34.05996486973964	-71.54572296142578	2026-05-19T01:21:29.300
1779124889400	123.3886741989351	39.91003784542597	212.55124121978986	34.0498756252485	-71.54572296142578	2026-05-19T01:21:29.400
1779124889500	123.41806573999082	39.897957344647196	212.57960900704524	34.039786598935905	-71.54572296142578	2026-05-19T01:21:29.500
1779124889600	123.44743661790248	39.88587689898216	212.60795976478406	34.0296978203714	-71.54572296142578	2026-05-19T01:21:29.600
1779124889700	123.47678706273702	39.87379647873288	212.63629370452585	34.01960927168497	-71.54572296142578	2026-05-19T01:21:29.700
1779124889800	123.50612236923658	39.86271547170161	212.66451141237067	34.010516942294295	-71.54572296142578	2026-05-19T01:21:29.800
1779124889900	123.53543263844338	39.85063512856435	212.6928122898117	34.000428910717226	-71.54572296142578	2026-05-19T01:21:29.900
1779124890000	123.56472316528554	39.83855482530087	212.72109697387032	33.99034115891186	-71.54572296142578	2026-05-19T01:21:30.000
1779124890100	123.59399412299	39.82647454889824	212.74936562207236	33.98025368204866	-71.54572296142578	2026-05-19T01:21:30.100
1779124890200	123.6232454572657	39.81439431610523	212.77761817893685	33.97016648983201	-71.54572296142578	2026-05-19T01:21:30.200
1779124890300	123.65248212012409	39.803313496924346	212.80575466819224	33.96107551022918	-71.54572296142578	2026-05-19T01:21:30.300
1779124890400	123.68169387329486	39.791233329866074	212.8339746764034	33.950988829304535	-71.54572296142578	2026-05-19T01:21:30.400
1779124890500	123.71088566919161	39.779153212739594	212.8621782736652	33.94090240690342	-71.54572296142578	2026-05-19T01:21:30.500
1779124890600	123.74005739642757	39.767073126556205	212.89036535548018	33.930816213254	-71.54572296142578	2026-05-19T01:21:30.600
1779124890700	123.76920894374891	39.75499307840314	212.9185358147244	33.92073024455122	-71.54572296142578	2026-05-19T01:21:30.700
1779124890800	123.79834526200217	39.74391244129752	212.94658942789562	33.91164041060675	-71.54572296142578	2026-05-19T01:21:30.800
1779124890900	123.82745611538199	39.73183247440509	212.97472627354153	33.90155486011121	-71.54572296142578	2026-05-19T01:21:30.900
1779124891000	123.8565464549407	39.719752537827276	213.0028461781249	33.89146949415558	-71.54572296142578	2026-05-19T01:21:31.000
1779124891100	123.88561622401717	39.707672651668375	213.03094908347188	33.88138432548516	-71.54572296142578	2026-05-19T01:21:31.100
1779124891200	123.91466558387465	39.69559280195298	213.05903513616101	33.871299347512284	-71.54572296142578	2026-05-19T01:21:31.200
1779124891300	123.94369981125105	39.68451235783767	213.08700417060712	33.86221046715101	-71.54572296142578	2026-05-19T01:21:31.300
1779124891400	123.97270899999072	39.67243258792187	213.11505705583403	33.852125906450986	-71.54572296142578	2026-05-19T01:21:31.400
1779124891500	124.00169842705142	39.660352850121235	213.1430936757011	33.84204156538919	-71.54572296142578	2026-05-19T01:21:31.500
1779124891600	124.03066830830902	39.64827314929155	213.17111422539406	33.83195745998076	-71.54572296142578	2026-05-19T01:21:31.600
1779124891700	124.05961885961312	39.63619348550774	213.19911890062056	33.821873601522874	-71.54572296142578	2026-05-19T01:21:31.700
1779124891800	124.08855535639871	39.625113225984755	213.22700729409152	33.81278587433661	-71.54572296142578	2026-05-19T01:21:31.800
1779124891900	124.11746789504872	39.613033636992725	213.2549807599487	33.802702540177485	-71.54572296142578	2026-05-19T01:21:31.900
1779124892000	124.1463617512748	39.60095408379542	213.28293893895207	33.792619485669185	-71.54572296142578	2026-05-19T01:21:32.000
1779124892100	124.17523697972669	39.58887456355192	213.3108818784028	33.78253670849703	-71.54572296142578	2026-05-19T01:21:32.100
1779124892200	124.204092990353	39.57679507538255	213.33880902991868	33.7724541647216	-71.54572296142578	2026-05-19T01:21:32.200
1779124892300	124.23292903197897	39.56471562829252	213.3667196951298	33.76237180923213	-71.54572296142578	2026-05-19T01:21:32.300
1779124892400	124.26174941136951	39.55363559477245	213.39451228580188	33.753285441164465	-71.54572296142578	2026-05-19T01:21:32.400
1779124892500	124.29054326105208	39.54155622984398	213.42238783833997	33.74320329527704	-71.54572296142578	2026-05-19T01:21:32.500
1779124892600	124.31931488815431	39.52947691599883	213.45024481044615	33.733121184513166	-71.54572296142578	2026-05-19T01:21:32.600
1779124892700	124.3480635414568	39.51739764917245	213.47808250451814	33.723039050151634	-71.54572296142578	2026-05-19T01:21:32.700
1779124892800	124.37678846976698	39.50531842958919	213.50590022238305	33.712956837599314	-71.54572296142578	2026-05-19T01:21:32.800
1779124892900	124.40548892196954	39.49323927164417	213.5336972642969	33.70287450623828	-71.54572296142578	2026-05-19T01:21:32.900
1779124893000	124.43416414681693	39.481160162581894	213.56147293312443	33.69279198825112	-71.54572296142578	2026-05-19T01:21:33.000
1779124893100	124.46281398333194	39.469081106825115	213.5892270752379	33.68270927296348	-71.54572296142578	2026-05-19T01:21:33.100
1779124893200	124.49144063124689	39.45700210899819	213.61696171859765	33.67262651067179	-71.54572296142578	2026-05-19T01:21:33.200
1779124893300	124.52004688030081	39.44492314347989	213.64467944007578	33.66254386220244	-71.54572296142578	2026-05-19T01:21:33.300
1779124893400	124.54863552034955	39.43284421182427	213.67238281431128	33.65246151601568	-71.54572296142578	2026-05-19T01:21:33.400
1779124893500	124.5772093411982	39.42076530958867	213.70007441706946	33.642379655150116	-71.54572296142578	2026-05-19T01:21:33.500
1779124893600	124.60577113257823	39.40868642185826	213.7277568256968	33.63229845276229	-71.54572296142578	2026-05-19T01:21:33.600
1779124893700	124.63432368425009	39.39660754343333	213.75543261707318	33.62221809224106	-71.54572296142578	2026-05-19T01:21:33.700
1779124893800	124.66286978591731	39.38452866193017	213.7831043693259	33.61213875036793	-71.54572296142578	2026-05-19T01:21:33.800
1779124893900	124.69141222729804	39.37244977187599	213.81077466039835	33.60206061136081	-71.54572296142578	2026-05-19T01:21:33.900
1779124894000	124.7199537980491	39.36037085962664	213.83844606958212	33.59198385184525	-71.54572296142578	2026-05-19T01:21:34.000
1779124894100	124.74849608975849	39.34829192325608	213.86612006775258	33.581908578531134	-71.54572296142578	2026-05-19T01:21:34.100
1779124894200	124.77703590169766	39.336212983563	213.89379369257782	33.57183459228461	-71.54572296142578	2026-05-19T01:21:34.200
1779124894300	124.80556883493853	39.324134037673126	213.92146287568914	33.561761587494395	-71.54572296142578	2026-05-19T01:21:34.300
1779124894400	124.83409049073087	39.31205511157153	213.94912354496617	33.55168928643933	-71.54572296142578	2026-05-19T01:21:34.400
1779124894500	124.8626015215866	39.30097557568669	213.97666976611575	33.54261314980092	-71.54572296142578	2026-05-19T01:21:34.500
1779124894600	124.89108742576425	39.288896716396195	214.00430114778635	33.5325413649824	-71.54572296142578	2026-05-19T01:21:34.600
1779124894700	124.91954885618678	39.27681790653692	214.0319117994033	33.522469397421574	-71.54572296142578	2026-05-19T01:21:34.700
1779124894800	124.94798141419548	39.264739165153514	214.05949764631245	33.51239695903542	-71.54572296142578	2026-05-19T01:21:34.800
1779124894900	124.97638070116223	39.25266051112447	214.0870546130651	33.50232376071898	-71.54572296142578	2026-05-19T01:21:34.900
1779124895000	125.00474231837516	39.24058194053092	214.11457862573118	33.492249489799015	-71.54572296142578	2026-05-19T01:21:35.000
1779124895100	125.03306306542112	39.22850348832468	214.14206671388058	33.482173954208605	-71.54572296142578	2026-05-19T01:21:35.100
1779124895200	125.06134453385603	39.2164251242556	214.16952034649051	33.47209722744294	-71.54572296142578	2026-05-19T01:21:35.200
1779124895300	125.08958951349132	39.20434685776778	214.19694209716837	33.46201950571093	-71.54572296142578	2026-05-19T01:21:35.300
1779124895400	125.11780079401278	39.19226867749007	214.22433454216673	33.4519409650334	-71.54572296142578	2026-05-19T01:21:35.400
1779124895500	125.14598116503971	39.180190562907285	214.25170025919263	33.44186177287004	-71.54572296142578	2026-05-19T01:21:35.500
1779124895600	125.1741283688661	39.16711316466897	214.27914417974685	33.43078641801777	-71.54572296142578	2026-05-19T01:21:35.600
1779124895700	125.20225529033536	39.155035177387504	214.30646421427016	33.42070648870943	-71.54572296142578	2026-05-19T01:21:35.700
1779124895800	125.23035967131	39.142957245985386	214.3337652516493	33.41062646511122	-71.54572296142578	2026-05-19T01:21:35.800
1779124895900	125.25844430131099	39.130879346478935	214.36104987201944	33.400546513408834	-71.54572296142578	2026-05-19T01:21:35.900
1779124896000	125.28651196998601	39.11880148393135	214.38832065305272	33.39046682927031	-71.54572296142578	2026-05-19T01:21:36.000
1779124896100	125.31456487682838	39.10672365133309	214.41557962804168	33.380387555844436	-71.54572296142578	2026-05-19T01:21:36.100
1779124896200	125.34260286102035	39.094645840467116	214.4428266461792	33.37030867126515	-71.54572296142578	2026-05-19T01:21:36.200
1779124896300	125.37062517174516	39.08256805726732	214.47006100899333	33.360230126648275	-71.54572296142578	2026-05-19T01:21:36.300
1779124896400	125.39863105819096	39.070490307583945	214.49728201788375	33.35015187288362	-71.54572296142578	2026-05-19T01:21:36.400
1779124896500	125.42661976952108	39.05841259132473	214.5244889747241	33.340073854797936	-71.54572296142578	2026-05-19T01:21:36.500
1779124896600	125.45459055491567	39.04633491068125	214.55168118101753	33.32999601935144	-71.54572296142578	2026-05-19T01:21:36.600
1779124896700	125.48254266358157	39.03425727215425	214.5788579376875	33.319918317655755	-71.54572296142578	2026-05-19T01:21:36.700
1779124896800	125.51047534466795	39.02217966977477	214.60601854680465	33.30984068825752	-71.54572296142578	2026-05-19T01:21:36.800
1779124896900	125.53838784742896	39.010102117335286	214.63316230827016	33.29976308925058	-71.54572296142578	2026-05-19T01:21:36.900
1779124897000	125.566279420976	38.998024599355844	214.66028852486355	33.289685449424006	-71.54572296142578	2026-05-19T01:21:37.000
1779124897100	125.59414947548434	38.985947134310585	214.68739664471417	33.27960774251944	-71.54572296142578	2026-05-19T01:21:37.100
1779124897200	125.62199806457143	38.97386971888425	214.714486714047	33.26952996555009	-71.54572296142578	2026-05-19T01:21:37.200
1779124897300	125.64982540270134	38.961792341936686	214.74155892890326	33.25945211902704	-71.54572296142578	2026-05-19T01:21:37.300
1779124897400	125.67763170447206	38.94971501914397	214.76861348259973	33.24937423022219	-71.54572296142578	2026-05-19T01:21:37.400
1779124897500	125.70541718433422	38.937637737408714	214.7956505714619	33.2392962977851	-71.54572296142578	2026-05-19T01:21:37.500
1779124897600	125.73317701718084	38.9245611565691	214.8227736091792	33.228222722439604	-71.54572296142578	2026-05-19T01:21:37.600
1779124897700	125.76092149719399	38.91248396204792	214.84977639534213	33.21814474702799	-71.54572296142578	2026-05-19T01:21:37.700
1779124897800	125.78864579887282	38.90040681478818	214.87676230111222	33.20806676951973	-71.54572296142578	2026-05-19T01:21:37.800
1779124897900	125.81635013672012	38.8883297133463	214.90373152177725	33.19798880035043	-71.54572296142578	2026-05-19T01:21:37.900
1779124898000	125.84403472522395	38.8762526536368	214.93068425293944	33.18791084736732	-71.54572296142578	2026-05-19T01:21:38.000
1779124898100	125.87169972541427	38.864175637325594	214.9576206400943	33.177832920420805	-71.54572296142578	2026-05-19T01:21:38.100
1779124898200	125.89934508432333	38.85209865515882	214.98454063167713	33.1677550034244	-71.54572296142578	2026-05-19T01:21:38.200
1779124898300	125.9269706956421	38.840021726389814	215.01144412360637	33.15767710490931	-71.54572296142578	2026-05-19T01:21:38.300
1779124898400	125.95457645288087	38.82794483431485	215.03833101550575	33.147599197567516	-71.54572296142578	2026-05-19T01:21:38.400
1779124898500	125.98216224965296	38.815867982578844	215.06520120487477	33.13752127434607	-71.54572296142578	2026-05-19T01:21:38.500
1779124898600	126.00972294414264	38.8027918343414	215.09215822570445	33.12644775596789	-71.54572296142578	2026-05-19T01:21:38.600
1779124898700	126.03726850124322	38.79071507513704	215.11899474388204	33.11636978457633	-71.54572296142578	2026-05-19T01:21:38.700
1779124898800	126.06479377869502	38.77863836175248	215.1458142523984	33.106291770606475	-71.54572296142578	2026-05-19T01:21:38.800
1779124898900	126.09229867010173	38.76656169543282	215.17261664893078	33.0962137045464	-71.54572296142578	2026-05-19T01:21:38.900
1779124899000	126.11978306904841	38.75448507367131	215.19940183152832	33.08613557312958	-71.54572296142578	2026-05-19T01:21:39.000
1779124899100	126.14724692218243	38.74240849494006	215.2261697473023	33.076057367813014	-71.54572296142578	2026-05-19T01:21:39.100
1779124899200	126.17469038841764	38.730331966076314	215.2529205392175	33.065979103450516	-71.54572296142578	2026-05-19T01:21:39.200
1779124899300	126.20210864726828	38.71725613336927	215.27975832462812	33.0549052336438	-71.54572296142578	2026-05-19T01:21:39.300
1779124899400	126.22951197585441	38.70517968846591	215.30647549010777	33.04482687492723	-71.54572296142578	2026-05-19T01:21:39.400
1779124899500	126.25689555332323	38.693103289681794	215.33317611082725	33.034748489091065	-71.54572296142578	2026-05-19T01:21:39.500
1779124899600	126.28425959157875	38.681026931932074	215.359860380328	33.02467008304302	-71.54572296142578	2026-05-19T01:21:39.600
1779124899700	126.31160430257458	38.668950620326015	215.38652849113046	33.01459167388855	-71.54572296142578	2026-05-19T01:21:39.700
1779124899800	126.33892486814904	38.655875010447296	215.41328476126688	33.00351774394489	-71.54572296142578	2026-05-19T01:21:39.800
1779124899900	126.366231560745	38.643798772846104	215.4399211764026	32.99343935043556	-71.54572296142578	2026-05-19T01:21:39.900
1779124900000	126.3935195618907	38.631722588053336	215.46654201146038	32.983360996755735	-71.54572296142578	2026-05-19T01:21:40.000
1779124900100	126.42078892465894	38.61964643399841	215.49314731473763	32.973282661764586	-71.54572296142578	2026-05-19T01:21:40.100
1779124900200	126.44803906738835	38.60757033175397	215.5197365411498	32.963204321926824	-71.54572296142578	2026-05-19T01:21:40.200
1779124900300	126.4752642217815	38.59449493047187	215.54641332544915	32.95213040425885	-71.54572296142578	2026-05-19T01:21:40.300
1779124900400	126.50247370330354	38.58241891712695	215.57296836896134	32.942051875805774	-71.54572296142578	2026-05-19T01:21:40.400
1779124900500	126.52966174326171	38.57034294780617	215.59950526527612	32.93197316638443	-71.54572296142578	2026-05-19T01:21:40.500
1779124900600	126.55682760122737	38.55826703391161	215.62602332258615	32.921894230965044	-71.54572296142578	2026-05-19T01:21:40.600
1779124900700	126.58397053673244	38.54619117809639	215.65252184986602	32.91181501566907	-71.54572296142578	2026-05-19T01:21:40.700
1779124900800	126.61108478388716	38.53311603348756	215.67910467798458	32.9007399698539	-71.54572296142578	2026-05-19T01:21:40.800
1779124900900	126.63817965347927	38.52104029033914	215.70556211243095	32.890660025044454	-71.54572296142578	2026-05-19T01:21:40.900
1779124901000	126.66524937924741	38.50896461514757	215.73199794268868	32.880579639832874	-71.54572296142578	2026-05-19T01:21:41.000
1779124901100	126.6922938025321	38.49688899123034	215.75841201915742	32.87049878238487	-71.54572296142578	2026-05-19T01:21:41.100
1779124901200	126.71931509233465	38.484813425625035	215.78480634953442	32.860417611915274	-71.54572296142578	2026-05-19T01:21:41.200
1779124901300	126.74631097649814	38.47173857455701	215.81128819888244	32.849340850950185	-71.54572296142578	2026-05-19T01:21:41.300
1779124901400	126.7732942521236	38.459663094188706	215.83765072644175	32.83925961095462	-71.54572296142578	2026-05-19T01:21:41.400
1779124901500	126.8002626465828	38.44758764525193	215.86400115854502	32.82917861616303	-71.54572296142578	2026-05-19T01:21:41.500
1779124901600	126.82721891061612	38.435512220081876	215.8903420462882	32.819098054954594	-71.54572296142578	2026-05-19T01:21:41.600
1779124901700	126.85416579488728	38.42343679934639	215.9166759424856	32.809018104590976	-71.54572296142578	2026-05-19T01:21:41.700
1779124901800	126.88110102966073	38.41036205396679	215.94311030603083	32.79794352361106	-71.54572296142578	2026-05-19T01:21:41.800
1779124901900	126.90803740707456	38.39828664148013	215.9694379124221	32.7878653896703	-71.54572296142578	2026-05-19T01:21:41.900
1779124902000	126.93497265682707	38.386211219460826	215.99576618401204	32.77778844523586	-71.54572296142578	2026-05-19T01:21:42.000
1779124902100	126.9619083620217	38.37413577608547	216.02209659092856	32.76771279258581	-71.54572296142578	2026-05-19T01:21:42.100
1779124902200	126.98883641730085	38.3610609935462	216.0485313260503	32.756642795731544	-71.54572296142578	2026-05-19T01:21:42.200
1779124902300	127.0157626057592	38.34898554921696	216.07485635379118	32.74656901557831	-71.54572296142578	2026-05-19T01:21:42.300
1779124902400	127.04267765407332	38.33691011927505	216.1011727435784	32.73649572044578	-71.54572296142578	2026-05-19T01:21:42.400
1779124902500	127.06957730797797	38.32483472545116	216.12747654051876	32.7264226215176	-71.54572296142578	2026-05-19T01:21:42.500
1779124902600	127.0964522966927	38.311760046019685	216.1538690032372	32.71535400644135	-71.54572296142578	2026-05-19T01:21:42.600
1779124902700	127.12330839942473	38.29968476118629	216.18013578818065	32.70528040581968	-71.54572296142578	2026-05-19T01:21:42.700
1779124902800	127.15013634494633	38.28760954247679	216.2063781146468	32.695206095268276	-71.54572296142578	2026-05-19T01:21:42.800
1779124902900	127.17692686414287	38.274535072669025	216.23269735109847	32.68413537579879	-71.54572296142578	2026-05-19T01:21:42.900
1779124903000	127.20368573322894	38.26246003877721	216.25887892546118	32.6740587601025	-71.54572296142578	2026-05-19T01:21:43.000
1779124903100	127.23040476708063	38.25038511575134	216.28502517456192	32.66398061507328	-71.54572296142578	2026-05-19T01:21:43.100
1779124903200	127.25708012034744	38.23731096035115	216.31124261553066	32.65290561982879	-71.54572296142578	2026-05-19T01:21:43.200
1779124903300	127.28372407272884	38.2252362412093	216.33732249760158	32.64282471941665	-71.54572296142578	2026-05-19T01:21:43.300
1779124903400	127.31033386278341	38.21316160893052	216.36337230871666	32.63274266278476	-71.54572296142578	2026-05-19T01:21:43.400
1779124903500	127.33690673119479	38.200087726251226	216.3894996841574	32.621664226170395	-71.54572296142578	2026-05-19T01:21:43.500
1779124903600	127.36345495442698	38.18801326153189	216.41549565327793	32.61158033344599	-71.54572296142578	2026-05-19T01:21:43.600
1779124903700	127.38997577257098	38.17593886279388	216.44146781625784	32.60149574330336	-71.54572296142578	2026-05-19T01:21:43.700
1779124903800	127.4164714379958	38.16386452047482	216.46741826248913	32.59141060690646	-71.54572296142578	2026-05-19T01:21:43.800
1779124903900	127.44293919347528	38.15079090562993	216.49345477451243	32.58032972511691	-71.54572296142578	2026-05-19T01:21:43.900
1779124904000	127.46939131117593	38.1387166814764	216.51936809042658	32.57024398889762	-71.54572296142578	2026-05-19T01:21:44.000
1779124904100	127.4958248666034	38.12664248914617	216.54526580485316	32.560158154223586	-71.54572296142578	2026-05-19T01:21:44.100
1779124904200	127.52223627120846	38.11356901012641	216.57125503472247	32.54907698343951	-71.54572296142578	2026-05-19T01:21:44.200
1779124904300	127.5486367942622	38.10149489897425	216.59712537411704	32.53899126472107	-71.54572296142578	2026-05-19T01:21:44.300
1779124904400	127.57502267997586	38.089420811221544	216.6229837515226	32.52890571914378	-71.54572296142578	2026-05-19T01:21:44.400
1779124904500	127.60139518117295	38.07734675617287	216.64883132769418	32.51882044569169	-71.54572296142578	2026-05-19T01:21:44.500
1779124904600	127.62775054473938	38.06427339851941	216.67477521178034	32.50774019328443	-71.54572296142578	2026-05-19T01:21:44.600
1779124904700	127.65410003557896	38.052199383549834	216.70060471079677	32.49765571256474	-71.54572296142578	2026-05-19T01:21:44.700
1779124904800	127.6804399001242	38.0401253893347	216.7264268963446	32.48757176255912	-71.54572296142578	2026-05-19T01:21:44.800
1779124904900	127.70676638689932	38.027052082302085	216.75234898510362	32.4764931054846	-71.54572296142578	2026-05-19T01:21:44.900
1779124905000	127.73309075746594	38.01497810546115	216.77816007075208	32.46641046858284	-71.54572296142578	2026-05-19T01:21:45.000
1779124905100	127.75940884180916	38.00290413271399	216.8039669445276	32.45632858748805	-71.54572296142578	2026-05-19T01:21:45.100
1779124905200	127.78571479988942	37.989830842654484	216.82987498550452	32.445252093871716	-71.54572296142578	2026-05-19T01:21:45.200
1779124905300	127.8120173816864	37.977756890954105	216.85567074068007	32.43517152105782	-71.54572296142578	2026-05-19T01:21:45.300
1779124905400	127.8383053272623	37.9646836326955	216.88156539336993	32.42409616556498	-71.54572296142578	2026-05-19T01:21:45.400
1779124905500	127.86458738425831	37.95260971507917	216.90734535086546	32.414016537404244	-71.54572296142578	2026-05-19T01:21:45.500
1779124905600	127.89085729528189	37.94053582137557	216.9331156360747	32.403937244807075	-71.54572296142578	2026-05-19T01:21:45.600
1779124905700	127.91710880517317	37.927462642501716	216.95898141279412	32.39286291789712	-71.54572296142578	2026-05-19T01:21:45.700
1779124905800	127.94335065816485	37.915388808567386	216.98472887774764	32.382784027300026	-71.54572296142578	2026-05-19T01:21:45.800
1779124905900	127.96957160010956	37.90231569072073	217.01056956268062	32.37170992053787	-71.54572296142578	2026-05-19T01:21:45.900
1779124906000	127.99578037299165	37.89024193262813	217.0362895234943	32.36163106692032	-71.54572296142578	2026-05-19T01:21:46.000
1779124906100	128.02197055871798	37.87816822064217	217.06199380497227	32.3515520825669	-71.54572296142578	2026-05-19T01:21:46.100
1779124906200	128.0481350870529	37.86509524331931	217.08778698322496	32.340477551427675	-71.54572296142578	2026-05-19T01:21:46.200
1779124906300	128.07428171503884	37.85302163762206	217.11345399126884	32.330397840881595	-71.54572296142578	2026-05-19T01:21:46.300
1779124906400	128.10039821279318	37.83994878336617	217.13920579315942	32.31932226876429	-71.54572296142578	2026-05-19T01:21:46.400
1779124906500	128.12649233500966	37.827875313600934	217.16482718415637	32.3092411834807	-71.54572296142578	2026-05-19T01:21:46.500
1779124906600	128.15255684862197	37.81580192677183	217.19042261875762	32.29915916869072	-71.54572296142578	2026-05-19T01:21:46.600
1779124906700	128.17858452274675	37.80272930731756	217.2160966913202	32.28808080805355	-71.54572296142578	2026-05-19T01:21:46.700
1779124906800	128.20458310875424	37.79065610023513	217.24163398767908	32.27799643925908	-71.54572296142578	2026-05-19T01:21:46.800
1779124906900	128.23054038258908	37.77758367656822	217.2672458141623	32.26691540517569	-71.54572296142578	2026-05-19T01:21:46.900
1779124907000	128.25646409320953	37.765510671596275	217.29271662152783	32.2568280188691	-71.54572296142578	2026-05-19T01:21:47.000
1779124907100	128.28234808294667	37.75343778801696	217.3181520313459	32.24673896414258	-71.54572296142578	2026-05-19T01:21:47.100
1779124907200	128.30819048579795	37.740365684834934	217.34366179853595	32.23565321542039	-71.54572296142578	2026-05-19T01:21:47.200
1779124907300	128.3340054815885	37.728292986747135	217.36903616008752	32.225561534148795	-71.54572296142578	2026-05-19T01:21:47.300
1779124907400	128.35978728644423	37.71522104445425	217.3944927511222	32.21447375882568	-71.54572296142578	2026-05-19T01:21:47.400
1779124907500	128.3855500777233	37.703148486264226	217.4198216767844	32.20438064191884	-71.54572296142578	2026-05-19T01:21:47.500
1779124907600	128.41129306237488	37.69107596689565	217.44513372544617	32.19428723987063	-71.54572296142578	2026-05-19T01:21:47.600
1779124907700	128.43701544981437	37.678004177674495	217.47053981670254	32.183198660387085	-71.54572296142578	2026-05-19T01:21:47.700
1779124907800	128.46273141367365	37.66593172429117	217.49582985992242	32.173105614518086	-71.54572296142578	2026-05-19T01:21:47.800
1779124907900	128.48843517597072	37.652859967647714	217.52122182548257	32.162017989631984	-71.54572296142578	2026-05-19T01:21:47.900
1779124908000	128.51414090788433	37.6407875245028	217.54650549165333	32.15192649529126	-71.54572296142578	2026-05-19T01:21:48.000
1779124908100	128.53984669682802	37.628715070470264	217.57179076913408	32.14183614568278	-71.54572296142578	2026-05-19T01:21:48.100
1779124908200	128.56554614256038	37.6156432853887	217.597183521068	32.130751636739056	-71.54572296142578	2026-05-19T01:21:48.200
1779124908300	128.59124667783811	37.603570815919824	217.62246705323312	32.12066318226799	-71.54572296142578	2026-05-19T01:21:48.300
1779124908400	128.61693579578773	37.59049904590472	217.64785339326463	32.10958022319121	-71.54572296142578	2026-05-19T01:21:48.400
1779124908500	128.64262092664615	37.57842660475509	217.67312571724625	32.09949294133249	-71.54572296142578	2026-05-19T01:21:48.500
1779124908600	128.66829454848224	37.56635418532554	217.69838887154887	32.08940596317181	-71.54572296142578	2026-05-19T01:21:48.600
1779124908700	128.69394914174077	37.55328248447923	217.72374783415353	32.07832393274923	-71.54572296142578	2026-05-19T01:21:48.700
1779124908800	128.7195921331317	37.54121013201801	217.7489855822063	32.06823701001614	-71.54572296142578	2026-05-19T01:21:48.800
1779124908900	128.74521102195084	37.52813851943719	217.7743144679144	32.05715467621008	-71.54572296142578	2026-05-19T01:21:48.900
1779124909000	128.77081323244414	37.516066274066624	217.79951733829233	32.04706707407645	-71.54572296142578	2026-05-19T01:21:49.000
1779124909100	128.7963916599307	37.503994088333236	217.8246995870586	32.03697887618221	-71.54572296142578	2026-05-19T01:21:49.100
1779124909200	128.82194085872726	37.49092266276671	217.84996828106836	32.02589490178785	-71.54572296142578	2026-05-19T01:21:49.200
1779124909300	128.84747073427587	37.478850605250855	217.87510838813256	32.015805440148924	-71.54572296142578	2026-05-19T01:21:49.300
1779124909400	128.87297127690624	37.46577930874136	217.9003348980222	32.00472019491863	-71.54572296142578	2026-05-19T01:21:49.400
1779124909500	128.89845238958526	37.4537073879181	217.92543264996183	31.99462944832377	-71.54572296142578	2026-05-19T01:21:49.500
1779124909600	128.9239090413736	37.441635523737745	217.95050912945823	31.984538034726796	-71.54572296142578	2026-05-19T01:21:49.600
1779124909700	128.94933620381934	37.42856441663051	217.97567194922084	31.97345082170545	-71.54572296142578	2026-05-19T01:21:49.700
1779124909800	128.97474377629158	37.416492692005924	218.00070575450812	31.963358081461013	-71.54572296142578	2026-05-19T01:21:49.800
1779124909900	129.0001217551669	37.40342171711121	218.0258258575882	31.952269526454977	-71.54572296142578	2026-05-19T01:21:49.900
1779124910000	129.02548003728577	37.391350118860196	218.05081677744664	31.942175416690517	-71.54572296142578	2026-05-19T01:21:50.000
1779124910100	129.05081406186625	37.379278586654614	218.0757865935991	31.93208064755513	-71.54572296142578	2026-05-19T01:21:50.100
1779124910200	129.07612113861103	37.36620780498957	218.10084525496316	31.92099026516871	-71.54572296142578	2026-05-19T01:21:50.200
1779124910300	129.10141396268267	37.35413637878839	218.1257797050338	31.910894700272777	-71.54572296142578	2026-05-19T01:21:50.300
1779124910400	129.12668533882737	37.34106567948042	218.15080818388108	31.899803917323695	-71.54572296142578	2026-05-19T01:21:50.400
1779124910500	129.1519479596796	37.32899432568667	218.17571751004596	31.88970834804127	-71.54572296142578	2026-05-19T01:21:50.500
1779124910600	129.17719463252317	37.31592369008686	218.20072604861627	31.878617972634565	-71.54572296142578	2026-05-19T01:21:50.600
1779124910700	129.20243804730808	37.30385237507959	218.22562049691888	31.86852319403021	-71.54572296142578	2026-05-19T01:21:50.700
1779124910800	129.2276710138787	37.29078175781485	218.25061934425077	31.85743401137007	-71.54572296142578	2026-05-19T01:21:50.800
1779124910900	129.25290621959437	37.278710444390946	218.27550916497944	31.847340818642035	-71.54572296142578	2026-05-19T01:21:50.900
1779124911000	129.2781364768688	37.26563981725305	218.30050857216406	31.83625363472451	-71.54572296142578	2026-05-19T01:21:51.000
1779124911100	129.30336822255887	37.252569170866614	218.32551092522658	31.825167653790544	-71.54572296142578	2026-05-19T01:21:51.100
1779124911200	129.32860276654836	37.24049782541543	218.35040468162646	31.815077691252263	-71.54572296142578	2026-05-19T01:21:51.200
1779124911300	129.3538252388306	37.22742719332723	218.37540146544399	31.803993229378793	-71.54572296142578	2026-05-19T01:21:51.300
1779124911400	129.3790406336093	37.21535587830554	218.40028037767462	31.7939040390018	-71.54572296142578	2026-05-19T01:21:51.400
1779124911500	129.4042340836349	37.20228531498209	218.42525316093185	31.782819636364685	-71.54572296142578	2026-05-19T01:21:51.500
1779124911600	129.42941058057656	37.19021410589787	218.45009879215962	31.772729775986196	-71.54572296142578	2026-05-19T01:21:51.600
1779124911700	129.454555259813	37.17714368051226	218.4750291349733	31.761643980804095	-71.54572296142578	2026-05-19T01:21:51.700
1779124911800	129.47967311043053	37.16507263231572	218.4998230437154	31.751551981211378	-71.54572296142578	2026-05-19T01:21:51.800
1779124911900	129.50474927046704	37.15200238989637	218.52469250186144	31.74046331109285	-71.54572296142578	2026-05-19T01:21:51.900
1779124912000	129.52978872656632	37.13993156834612	218.54941623861063	31.73036770729624	-71.54572296142578	2026-05-19T01:21:52.000
1779124912100	129.55478323363306	37.127860882639936	218.57409949649357	31.72026987306293	-71.54572296142578	2026-05-19T01:21:52.100
1779124912200	129.57973116505192	37.11479101631647	218.59885381590928	31.709175001052294	-71.54572296142578	2026-05-19T01:21:52.200
1779124912300	129.60464742770918	37.10272055401097	218.62346700560602	31.69907353861173	-71.54572296142578	2026-05-19T01:21:52.300
1779124912400	129.6295270900956	37.08965088549002	218.64816061370257	31.687975775390907	-71.54572296142578	2026-05-19T01:21:52.400
1779124912500	129.65438505633662	37.07758058472609	218.672722333174	31.677872136511237	-71.54572296142578	2026-05-19T01:21:52.500
1779124912600	129.6792163975344	37.06451104540541	218.6973738317382	31.666772930427225	-71.54572296142578	2026-05-19T01:21:52.600
1779124912700	129.70403601511862	37.05244084626939	218.7219026856792	31.656668575435845	-71.54572296142578	2026-05-19T01:21:52.700
1779124912800	129.72883898278374	37.0393713790007	218.74653068228278	31.64556939284854	-71.54572296142578	2026-05-19T01:21:52.800
1779124912900	129.75364019920715	37.02730121724962	218.77104528278312	31.63546578434463	-71.54572296142578	2026-05-19T01:21:52.900
1779124913000	129.77843474073336	37.01423176100142	218.7956683924296	31.62436809432192	-71.54572296142578	2026-05-19T01:21:53.000
1779124913100	129.80323121905735	37.00116228312999	218.8202948138279	31.613271598296482	-71.54572296142578	2026-05-19T01:21:53.100
1779124913200	129.82803292052586	36.9890920912419	218.84481426355117	31.60317118316256	-71.54572296142578	2026-05-19T01:21:53.200
1779124913300	129.85282694161745	36.97602260085987	218.86944136653977	31.592076613493703	-71.54572296142578	2026-05-19T01:21:53.300
1779124913400	129.87762019023626	36.963952413168336	218.89395584030015	31.581977670935732	-71.54572296142578	2026-05-19T01:21:53.400
1779124913500	129.90239976561645	36.95088295232084	218.91857242426678	31.570884140830024	-71.54572296142578	2026-05-19T01:21:53.500
1779124913600	129.9271725729598	36.938812807530496	218.94307071989337	31.560785778771756	-71.54572296142578	2026-05-19T01:21:53.600
1779124913700	129.9519257142246	36.925743404249246	218.9676655815619	31.5496923835561	-71.54572296142578	2026-05-19T01:21:53.700
1779124913800	129.97666609203338	36.913673345726984	218.9921364922461	31.53959371064724	-71.54572296142578	2026-05-19T01:21:53.800
1779124913900	130.00138081104106	36.90060405198696	219.0166984215512	31.52849956557531	-71.54572296142578	2026-05-19T01:21:53.900
1779124914000	130.02607677112405	36.888534108067475	219.04113073800124	31.518399671597535	-71.54572296142578	2026-05-19T01:21:54.000
1779124914100	130.05074669203833	36.87646424486406	219.06554015772824	31.50829888721685	-71.54572296142578	2026-05-19T01:21:54.100
1779124914200	130.0753859577737	36.863395151465554	219.09003600384324	31.497202248575253	-71.54572296142578	2026-05-19T01:21:54.200
1779124914300	130.10000545714124	36.851325423248234	219.11440119748082	31.487099778491558	-71.54572296142578	2026-05-19T01:21:54.300
1779124914400	130.12459629420738	36.83825647262965	219.13885472553474	31.476001616266885	-71.54572296142578	2026-05-19T01:21:54.400
1779124914500	130.14916935496288	36.82618687622632	219.1631793977689	31.46589775337151	-71.54572296142578	2026-05-19T01:21:54.500
1779124914600	130.17371574618687	36.813118047531596	219.18759431475232	31.454798343490012	-71.54572296142578	2026-05-19T01:21:54.600
1779124914700	130.1982463511101	36.801048558359064	219.21188217399546	31.444693360677743	-71.54572296142578	2026-05-19T01:21:54.700
1779124914800	130.22275227933005	36.78797984280644	219.23626218698854	31.433592992407114	-71.54572296142578	2026-05-19T01:21:54.800
1779124914900	130.24724441128276	36.77591046263503	219.26051694016076	31.42348719012617	-71.54572296142578	2026-05-19T01:21:54.900
1779124915000	130.27171385922497	36.76284183872039	219.2848657590359	31.412386141379155	-71.54572296142578	2026-05-19T01:21:55.000
1779124915100	130.29616623081054	36.749773260111546	219.30920007657116	31.40128484039124	-71.54572296142578	2026-05-19T01:21:55.100
1779124915200	130.32060581026988	36.737704016846095	219.33340998264617	31.391178166727077	-71.54572296142578	2026-05-19T01:21:55.200
1779124915300	130.34502173333817	36.72463554234153	219.3577131158629	31.380076185334353	-71.54572296142578	2026-05-19T01:21:55.300
1779124915400	130.36942289261245	36.71256639549856	219.3818899357994	31.36996865844305	-71.54572296142578	2026-05-19T01:21:55.400
1779124915500	130.3937984267261	36.69949803639156	219.4061581886951	31.35886569006032	-71.54572296142578	2026-05-19T01:21:55.500
1779124915600	130.41815228901132	36.686429723182066	219.4304076299376	31.347762098432813	-71.54572296142578	2026-05-19T01:21:55.600
1779124915700	130.44248843015836	36.67436076374082	219.45452790145504	31.33765273845101	-71.54572296142578	2026-05-19T01:21:55.700
1779124915800	130.46679599290204	36.66129257948358	219.47873691614475	31.326547694255307	-71.54572296142578	2026-05-19T01:21:55.800
1779124915900	130.49108386295543	36.64922375536894	219.50281485682197	31.31643672137638	-71.54572296142578	2026-05-19T01:21:55.900
1779124916000	130.51534118585963	36.63615571675934	219.52697974500447	31.305329920315483	-71.54572296142578	2026-05-19T01:21:56.000
1779124916100	130.53957256671316	36.62308775694884	219.5511218073691	31.294222178925413	-71.54572296142578	2026-05-19T01:21:56.100
1779124916200	130.5637852279049	36.611019140201975	219.5751336169289	31.284108548901447	-71.54572296142578	2026-05-19T01:21:56.200
1779124916300	130.58797224987342	36.59795130703522	219.59923702842616	31.27299947301525	-71.54572296142578	2026-05-19T01:21:56.300
1779124916400	130.61214151081379	36.584883519519266	219.6233252542882	31.261890056108502	-71.54572296142578	2026-05-19T01:21:56.400
1779124916500	130.6363008860097	36.5728150464551	219.64729140137072	31.25177539765661	-71.54572296142578	2026-05-19T01:21:56.500
1779124916600	130.66044346015107	36.55974732361341	219.6713574856456	31.240665955969632	-71.54572296142578	2026-05-19T01:21:56.600
1779124916700	130.68458203779633	36.547678899770325	219.69530694217974	31.23055171006973	-71.54572296142578	2026-05-19T01:21:56.700
1779124916800	130.70870970641386	36.5346112120155	219.71936189490043	31.219443133112655	-71.54572296142578	2026-05-19T01:21:56.800
1779124916900	130.7328392676723	36.52254279960864	219.7433056740137	31.209330182990886	-71.54572296142578	2026-05-19T01:21:56.900
1779124917000	130.75696381182541	36.50947510147864	219.76736051101136	31.198223348204653	-71.54572296142578	2026-05-19T01:21:57.000
1779124917100	130.7810899228678	36.496407391970806	219.79141822827978	31.187117625559942	-71.54572296142578	2026-05-19T01:21:57.100
1779124917200	130.8052190252147	36.48433895403324	219.8153657207301	31.177007601978552	-71.54572296142578	2026-05-19T01:21:57.200
1779124917300	130.82933647857507	36.47127125166322	219.83941814073373	31.165903200506126	-71.54572296142578	2026-05-19T01:21:57.300
1779124917400	130.85344734260858	36.45920285559149	219.86335131708512	31.155793769569556	-71.54572296142578	2026-05-19T01:21:57.400
1779124917500	130.87754190279375	36.4471345063871	219.8872705959333	31.145684090249656	-71.54572296142578	2026-05-19T01:21:57.500
1779124917600	130.90161044731173	36.434066940810425	219.91128143118044	31.13457895171474	-71.54572296142578	2026-05-19T01:21:57.600
1779124917700	130.92565803172027	36.42199871345538	219.9351594899309	31.124467665168652	-71.54572296142578	2026-05-19T01:21:57.700
1779124917800	130.94967002290932	36.40893131204718	219.95912018465583	31.11336020494675	-71.54572296142578	2026-05-19T01:21:57.800
1779124917900	130.97365147364303	36.39686328769014	219.98293907614965	31.103245864792754	-71.54572296142578	2026-05-19T01:21:57.900
1779124918000	130.9975877536246	36.38379611249329	220.0068316816793	31.09213461447129	-71.54572296142578	2026-05-19T01:21:58.000
1779124918100	131.02148049273558	36.370729062377116	220.03068492546728	31.081021025453673	-71.54572296142578	2026-05-19T01:21:58.100
1779124918200	131.04533731203213	36.358661412477844	220.054391238465	31.070900130195458	-71.54572296142578	2026-05-19T01:21:58.200
1779124918300	131.06915257668012	36.3455945988801	220.0781747068078	31.059782592126187	-71.54572296142578	2026-05-19T01:21:58.300
1779124918400	131.0929403232927	36.3335271451364	220.10181904939512	31.04965835763415	-71.54572296142578	2026-05-19T01:21:58.400
1779124918500	131.1166949199451	36.32046050576187	220.12554845423125	31.038538122133602	-71.54572296142578	2026-05-19T01:21:58.500
1779124918600	131.14042548540942	36.30739394097787	220.14925673199394	31.027417021222575	-71.54572296142578	2026-05-19T01:21:58.600
1779124918700	131.16414113539255	36.29532670375076	220.17283759562144	31.017290171772384	-71.54572296142578	2026-05-19T01:21:58.700
1779124918800	131.1878362422718	36.282260234275924	220.19651538690152	31.006168275196533	-71.54572296142578	2026-05-19T01:21:58.800
1779124918900	131.21152483526149	36.270193065094155	220.2200735756062	30.996041259561526	-71.54572296142578	2026-05-19T01:21:58.900
1779124919000	131.23520128957375	36.257126635325	220.24373660597286	30.984919838725137	-71.54572296142578	2026-05-19T01:21:59.000
1779124919100	131.25887401926332	36.2440602158971	220.26739750932208	30.97379909120739	-71.54572296142578	2026-05-19T01:21:59.100
1779124919200	131.28254863138775	36.231993073009754	220.2909465951541	30.963673856184528	-71.54572296142578	2026-05-19T01:21:59.200
1779124919300	131.30621529973436	36.218926658564456	220.3146045190096	30.952554545107695	-71.54572296142578	2026-05-19T01:21:59.300
1779124919400	131.32988384020666	36.206859509237006	220.33815056624977	30.94243072710262	-71.54572296142578	2026-05-19T01:21:59.400
1779124919500	131.3535444296053	36.19379310104968	220.36180548992442	30.931312849807387	-71.54572296142578	2026-05-19T01:21:59.500
1779124919600	131.3772019733031	36.18072669271697	220.3854589180672	30.92019568616479	-71.54572296142578	2026-05-19T01:21:59.600
1779124919700	131.4008613736897	36.16865955096742	220.4090003802477	30.91007400502605	-71.54572296142578	2026-05-19T01:21:59.700
1779124919800	131.42451281200877	36.155593146030185	220.43265077767097	30.898958266410336	-71.54572296142578	2026-05-19T01:21:59.800
1779124919900	131.44816609677588	36.14352601073953	220.45618914872713	30.888838005302798	-71.54572296142578	2026-05-19T01:21:59.900
1779124920000	131.47181141215322	36.1304596190493	220.47983649378705	30.877723697578393	-71.54572296142578	2026-05-19T01:22:00.000
1779124920100	131.49545296324777	36.117393220828305	220.50348166594054	30.866610036559337	-71.54572296142578	2026-05-19T01:22:00.100
1779124920200	131.51909216622334	36.105326111731216	220.52701080679842	30.85649152625744	-71.54572296142578	2026-05-19T01:22:00.200
1779124920300	131.542715030542	36.092259768632786	220.55064114834045	30.845378328809957	-71.54572296142578	2026-05-19T01:22:00.300
1779124920400	131.5663222765273	36.07919345931999	220.574258205209	30.834264866580696	-71.54572296142578	2026-05-19T01:22:00.400
1779124920500	131.5899146215955	36.06712647249595	220.59774739257418	30.82414557010296	-71.54572296142578	2026-05-19T01:22:00.500
1779124920600	131.6134780798536	36.05406030280567	220.62132608414464	30.813030635347083	-71.54572296142578	2026-05-19T01:22:00.600
1779124920700	131.6370133694057	36.040994208509645	220.64487972048198	30.80191446423814	-71.54572296142578	2026-05-19T01:22:00.700
1779124920800	131.66051630685948	36.02792820718462	220.66840437620493	30.790796735334183	-71.54572296142578	2026-05-19T01:22:00.800
1779124920900	131.68398760665644	36.015861583508794	220.69178536885718	30.78067186068587	-71.54572296142578	2026-05-19T01:22:00.900
1779124921000	131.7074132890273	36.00279581974131	220.71524026150448	30.76955004528472	-71.54572296142578	2026-05-19T01:22:01.000
1779124921100	131.7307955543849	35.98973019464575	220.738655785499	30.758425816229057	-71.54572296142578	2026-05-19T01:22:01.100
1779124921200	131.75414254049574	35.977663941112155	220.761924149071	30.74829411991467	-71.54572296142578	2026-05-19T01:22:01.200
1779124921300	131.77744918311322	35.96459854622364	220.78527140547337	30.737165899220713	-71.54572296142578	2026-05-19T01:22:01.300
1779124921400	131.80072510586945	35.9515332338866	220.8085911796472	30.72603621510724	-71.54572296142578	2026-05-19T01:22:01.400
1779124921500	131.82397992947554	35.93946726617419	220.83177700042603	30.715900155496723	-71.54572296142578	2026-05-19T01:22:01.500
1779124921600	131.84720859397095	35.92640209027601	220.85505506804475	30.704768643392686	-71.54572296142578	2026-05-19T01:22:01.600
1779124921700	131.87042561254492	35.91433622609007	220.87820799225275	30.694631472337786	-71.54572296142578	2026-05-19T01:22:01.700
1779124921800	131.893625928231	35.90127113677735	220.9014620672852	30.683499594456624	-71.54572296142578	2026-05-19T01:22:01.800
1779124921900	131.9168240510848	35.889205319590026	220.92459981301457	30.673362770394807	-71.54572296142578	2026-05-19T01:22:01.900
1779124922000	131.94001492710882	35.87614024751375	220.94784761792783	30.66223197524676	-71.54572296142578	2026-05-19T01:22:02.000
1779124922100	131.9632069343384	35.863075164342916	220.9710977835254	30.651102174093648	-71.54572296142578	2026-05-19T01:22:02.100
1779124922200	131.9864034867155	35.851009327467885	220.99423786874212	30.640967934032204	-71.54572296142578	2026-05-19T01:22:02.200
1779124922300	132.0095920934032	35.8379442457092	221.01748742141615	30.62983968379772	-71.54572296142578	2026-05-19T01:22:02.300
1779124922400	132.032779815314	35.82587842231747	221.04062175513232	30.619706561458713	-71.54572296142578	2026-05-19T01:22:02.400
1779124922500	132.05595416465547	35.81281337394219	221.06386050916456	30.608579014470756	-71.54572296142578	2026-05-19T01:22:02.500
1779124922600	132.07911731447766	35.799748357327935	221.08709005378046	30.597451504719153	-71.54572296142578	2026-05-19T01:22:02.600
1779124922700	132.10227143470303	35.7876826212005	221.11019666914862	30.587318474076763	-71.54572296142578	2026-05-19T01:22:02.700
1779124922800	132.12540404220056	35.77461768708963	221.13340012958813	30.57619039112453	-71.54572296142578	2026-05-19T01:22:02.800
1779124922900	132.1485221904021	35.7625520624269	221.15647551626816	30.566056366868303	-71.54572296142578	2026-05-19T01:22:02.900
1779124923000	132.17161339907128	35.749487243993585	221.1796426976488	30.554926856133303	-71.54572296142578	2026-05-19T01:22:03.000
1779124923100	132.19468031071216	35.7364225083314	221.20278836840583	30.543796362236584	-71.54572296142578	2026-05-19T01:22:03.100
1779124923200	132.21772745677106	35.7243570830985	221.22580091359598	30.533659481387918	-71.54572296142578	2026-05-19T01:22:03.200
1779124923300	132.24074520019195	35.71129248747355	221.2489029953811	30.5225269374334	-71.54572296142578	2026-05-19T01:22:03.300
1779124923400	132.26374342524406	35.69922722388969	221.27187212944312	30.512388036382116	-71.54572296142578	2026-05-19T01:22:03.400
1779124923500	132.2867124976504	35.68616276590257	221.29493107392506	30.501253468301076	-71.54572296142578	2026-05-19T01:22:03.500
1779124923600	132.30966229877535	35.674097637248195	221.3178572516304	30.49111254888087	-71.54572296142578	2026-05-19T01:22:03.600
1779124923700	132.33258319744462	35.66103333066976	221.34087350886512	30.479975998880338	-71.54572296142578	2026-05-19T01:22:03.700
1779124923800	132.35548019610783	35.647969100367014	221.36386860241927	30.468838470644332	-71.54572296142578	2026-05-19T01:22:03.800
1779124923900	132.37835829395337	35.635904176098805	221.38673120459376	30.458694580809368	-71.54572296142578	2026-05-19T01:22:03.900
1779124924000	132.40120786460483	35.62284008125935	221.40968429034402	30.44755509786201	-71.54572296142578	2026-05-19T01:22:04.000
1779124924100	132.42403425700527	35.60977605723983	221.4326168791768	30.4364146812851	-71.54572296142578	2026-05-19T01:22:04.100
1779124924200	132.44684421246967	35.59771134498603	221.45541921371446	30.42626809251496	-71.54572296142578	2026-05-19T01:22:04.200
1779124924300	132.46963020241975	35.5846474377102	221.4783163674186	30.415126257930766	-71.54572296142578	2026-05-19T01:22:04.300
1779124924400	132.4923993179037	35.571583587497784	221.50119893062973	30.403983981898058	-71.54572296142578	2026-05-19T01:22:04.400
1779124924500	132.51515377636497	35.558519771563915	221.52406898401196	30.392841420476955	-71.54572296142578	2026-05-19T01:22:04.500
1779124924600	132.53790066481642	35.54645523586	221.5468170130348	30.382693358500667	-71.54572296142578	2026-05-19T01:22:04.600
1779124924700	132.5606324610061	35.53339148434607	221.5696682624199	30.37155075692264	-71.54572296142578	2026-05-19T01:22:04.700
1779124924800	132.58335625271755	35.52032775746263	221.5925132396957	30.360408398533227	-71.54572296142578	2026-05-19T01:22:04.800
1779124924900	132.6060791244694	35.508263277943556	221.61524236989567	30.35026103758075	-71.54572296142578	2026-05-19T01:22:04.900
1779124925000	132.62879355875077	35.49519956758377	221.63808102524757	30.339119670656466	-71.54572296142578	2026-05-19T01:22:05.000
1779124925100	132.65150577328123	35.48213586350621	221.66091883608587	30.3279789988052	-71.54572296142578	2026-05-19T01:22:05.100
1779124925200	132.67421851193137	35.47007140151958	221.68364209082046	30.317833426778854	-71.54572296142578	2026-05-19T01:22:05.200
1779124925300	132.69691905594902	35.45700771820494	221.70647140137055	30.30669355703827	-71.54572296142578	2026-05-19T01:22:05.300
1779124925400	132.71961414572718	35.44494331298742	221.72918049511654	30.296548326159744	-71.54572296142578	2026-05-19T01:22:05.400
1779124925500	132.74229106542523	35.431879687313106	221.75199007335138	30.285408312062586	-71.54572296142578	2026-05-19T01:22:05.500
1779124925600	132.7649516908419	35.41881612577409	221.77478557995587	30.27426789254614	-71.54572296142578	2026-05-19T01:22:05.600
1779124925700	132.78759789432368	35.40675185291535	221.79745238135752	30.264121374036293	-71.54572296142578	2026-05-19T01:22:05.700
1779124925800	132.81021696497882	35.39368841093214	221.8202112994735	30.252979390521226	-71.54572296142578	2026-05-19T01:22:05.800
1779124925900	132.83281563541277	35.38162427760612	221.84283584914579	30.242830826802095	-71.54572296142578	2026-05-19T01:22:05.900
1779124926000	132.8553811978502	35.36856099978695	221.86554693611214	30.231686331865948	-71.54572296142578	2026-05-19T01:22:06.000
1779124926100	132.87791664400902	35.35549781095424	221.88823095308126	30.220540308457533	-71.54572296142578	2026-05-19T01:22:06.100
1779124926200	132.90042944227633	35.34343393893853	221.91077841785878	30.21038751051964	-71.54572296142578	2026-05-19T01:22:06.200
1779124926300	132.92291360934368	35.33037091202012	221.93341667297184	30.1992391371457	-71.54572296142578	2026-05-19T01:22:06.300
1779124926400	132.9453777342866	35.31730794254953	221.95603731069664	30.188090022612073	-71.54572296142578	2026-05-19T01:22:06.400
1779124926500	132.96783040300068	35.305244251385126	221.97853184159882	30.17793499919184	-71.54572296142578	2026-05-19T01:22:06.500
1779124926600	132.99026563683293	35.292181360999116	222.0011277338862	30.166785278383255	-71.54572296142578	2026-05-19T01:22:06.600
1779124926700	133.012692022529	35.27911850423817	222.0237165177049	30.15563570819166	-71.54572296142578	2026-05-19T01:22:06.700
1779124926800	133.03511329126428	35.2660556494801	222.0463016999041	30.144486563380617	-71.54572296142578	2026-05-19T01:22:06.800
1779124926900	133.05753802570965	35.25399203036559	222.06877471145154	30.134332680132815	-71.54572296142578	2026-05-19T01:22:06.900
1779124927000	133.0799602535268	35.24092916465726	222.09136318493728	30.123185289339425	-71.54572296142578	2026-05-19T01:22:07.000
1779124927100	133.1023869477589	35.227866287260085	222.11395705901776	30.112039099359205	-71.54572296142578	2026-05-19T01:22:07.100
1779124927200	133.12481863651712	35.21580263035669	222.13644014053227	30.101888273490243	-71.54572296142578	2026-05-19T01:22:07.200
1779124927300	133.14723968986547	35.20273975430308	222.1590311011697	30.090743304158636	-71.54572296142578	2026-05-19T01:22:07.300
1779124927400	133.16965387393037	35.190676148152534	222.18150007492997	30.08059276169871	-71.54572296142578	2026-05-19T01:22:07.400
1779124927500	133.19204556182467	35.177613351153724	222.2040658163751	30.069447126867924	-71.54572296142578	2026-05-19T01:22:07.500
1779124927600	133.21441367086143	35.164550641367235	222.22661058873874	30.058300469669643	-71.54572296142578	2026-05-19T01:22:07.600
1779124927700	133.2367571149322	35.15248724792222	222.24901658015662	30.048146799659044	-71.54572296142578	2026-05-19T01:22:07.700
1779124927800	133.25906027213375	35.139424736891684	222.2715026598579	30.03699663816401	-71.54572296142578	2026-05-19T01:22:07.800
1779124927900	133.2813269008001	35.127361579899315	222.2938387567118	30.026838506567447	-71.54572296142578	2026-05-19T01:22:07.900
1779124928000	133.30354138220724	35.114299345854256	222.31624381874934	30.015682938287004	-71.54572296142578	2026-05-19T01:22:08.000
1779124928100	133.32570494877262	35.10123727039526	222.33860218780958	30.004524135396714	-71.54572296142578	2026-05-19T01:22:08.100
1779124928200	133.34782810591793	35.08917456378258	222.36080684950363	29.994357032445215	-71.54572296142578	2026-05-19T01:22:08.200
1779124928300	133.36990915406244	35.076112754666994	222.38308995200512	29.983193291924405	-71.54572296142578	2026-05-19T01:22:08.300
1779124928400	133.39196091836476	35.0630510290558	222.40534668442902	29.97202802117097	-71.54572296142578	2026-05-19T01:22:08.400
1779124928500	133.41399622080925	35.05098859772166	222.42747215804619	29.961856342638573	-71.54572296142578	2026-05-19T01:22:08.500
1779124928600	133.436013366472	35.03792698082395	222.4496986415312	29.950689929792798	-71.54572296142578	2026-05-19T01:22:08.600
1779124928700	133.45802517803202	35.02486537518628	222.47192126874808	29.93952389608665	-71.54572296142578	2026-05-19T01:22:08.700
1779124928800	133.48003963869039	35.01180376420957	222.49414754605175	29.928358887668562	-71.54572296142578	2026-05-19T01:22:08.800
1779124928900	133.5020695668612	34.9997413281555	222.5162725177381	29.918189990506786	-71.54572296142578	2026-05-19T01:22:08.900
1779124929000	133.52411327406767	34.986679606012665	222.5385286068563	29.907028922511998	-71.54572296142578	2026-05-19T01:22:09.000
1779124929100	133.54618091802638	34.973617806470045	222.5608083727263	29.89587058133183	-71.54572296142578	2026-05-19T01:22:09.100
1779124929200	133.5682720069042	34.96155516105617	222.5829942859415	29.88570899116178	-71.54572296142578	2026-05-19T01:22:09.200
1779124929300	133.59036888768412	34.94849325956457	222.6053038629701	29.874554608130907	-71.54572296142578	2026-05-19T01:22:09.300
1779124929400	133.6124684078935	34.93543134216305	222.6276170867563	29.86340124412979	-71.54572296142578	2026-05-19T01:22:09.400
1779124929500	133.6345625813741	34.92236944375212	222.6499264422461	29.852248268221185	-71.54572296142578	2026-05-19T01:22:09.500
1779124929600	133.6566482516046	34.910306796312774	222.67211181649142	29.842089468624184	-71.54572296142578	2026-05-19T01:22:09.600
1779124929700	133.67870777227614	34.89724499978334	222.69439087132855	29.830935328365953	-71.54572296142578	2026-05-19T01:22:09.700
1779124929800	133.70073798783255	34.884183294933656	222.71664350856156	29.81977964480848	-71.54572296142578	2026-05-19T01:22:09.800
1779124929900	133.7227357395239	34.87212092687168	222.73874955307795	29.809616207923195	-71.54572296142578	2026-05-19T01:22:09.900
1779124930000	133.74468338592473	34.85905948302023	222.76092677811934	29.798455500886888	-71.54572296142578	2026-05-19T01:22:10.000
1779124930100	133.76658009136474	34.84599820065977	222.78305720949874	29.787291500339023	-71.54572296142578	2026-05-19T01:22:10.100
1779124930200	133.78843430554315	34.83393628577358	222.80503154023285	29.777118917034482	-71.54572296142578	2026-05-19T01:22:10.200
1779124930300	133.81024232483637	34.82087527717538	222.82708076713405	29.76594936501913	-71.54572296142578	2026-05-19T01:22:10.300
1779124930400	133.83201974526295	34.80881361069881	222.84898503694512	29.75577218499831	-71.54572296142578	2026-05-19T01:22:10.400
1779124930500	133.85376286624853	34.79575281340599	222.87097542471344	29.744598991494616	-71.54572296142578	2026-05-19T01:22:10.500
1779124930600	133.87548245883167	34.782692090096866	222.89294479192398	29.73342468863265	-71.54572296142578	2026-05-19T01:22:10.600
1779124930700	133.89718929067922	34.770630635092495	222.9147859302603	29.723244160579444	-71.54572296142578	2026-05-19T01:22:10.700
1779124930800	133.91887966611515	34.75756999799781	222.93673002411202	29.712069062338188	-71.54572296142578	2026-05-19T01:22:10.800
1779124930900	133.94056917286474	34.74550859535082	222.95855704378576	29.70188869349133	-71.54572296142578	2026-05-19T01:22:10.900
1779124931000	133.9622541183441	34.73244797082683	222.98049824988743	29.6907147151873	-71.54572296142578	2026-05-19T01:22:11.000
1779124931100	133.9839436464186	34.71938732874685	223.00244488983427	29.679541885985326	-71.54572296142578	2026-05-19T01:22:11.100
1779124931200	134.00564040573738	34.70732588810225	223.02428202884371	29.669364424368972	-71.54572296142578	2026-05-19T01:22:11.200
1779124931300	134.0273309708307	34.694265238681254	223.04623186652202	29.65819323654638	-71.54572296142578	2026-05-19T01:22:11.300
1779124931400	134.04901636826227	34.68120460409029	223.06817795626836	29.647022411029692	-71.54572296142578	2026-05-19T01:22:11.400
1779124931500	134.07069762127648	34.669143199131284	223.09000378086125	29.636846016755356	-71.54572296142578	2026-05-19T01:22:11.500
1779124931600	134.0923613094345	34.65608263224057	223.11193164362368	29.62567499241897	-71.54572296142578	2026-05-19T01:22:11.600
1779124931700	134.11400845680853	34.64302210513616	223.13384504474698	29.614503395445002	-71.54572296142578	2026-05-19T01:22:11.700
1779124931800	134.13563527251557	34.62996165117854	223.15574040893375	29.6033309380691	-71.54572296142578	2026-05-19T01:22:11.800
1779124931900	134.15724277650978	34.61790047170867	223.17750114774663	29.593151663516174	-71.54572296142578	2026-05-19T01:22:11.900
1779124932000	134.17881755507247	34.60484018495602	223.19934970183476	29.581976538668723	-71.54572296142578	2026-05-19T01:22:12.000
1779124932100	134.2003617963337	34.59177998497128	223.22117059837444	29.57079969935074	-71.54572296142578	2026-05-19T01:22:12.100
1779124932200	134.22188235449664	34.57971908637261	223.24285268879586	29.560615684879515	-71.54572296142578	2026-05-19T01:22:12.200
1779124932300	134.24337282443275	34.56665905699855	223.26462511877136	29.54943601706857	-71.54572296142578	2026-05-19T01:22:12.300
1779124932400	134.26484122844226	34.553599100989665	223.2863778576187	29.538255326474374	-71.54572296142578	2026-05-19T01:22:12.400
1779124932500	134.28629077932834	34.54053920054052	223.3081139296571	29.527073864021762	-71.54572296142578	2026-05-19T01:22:12.500
1779124932600	134.30772949516722	34.52847855659866	223.3297232205359	29.51688624535489	-71.54572296142578	2026-05-19T01:22:12.600
1779124932700	134.32915097743486	34.515418743443995	223.3514350142209	29.505704020667046	-71.54572296142578	2026-05-19T01:22:12.700
1779124932800	134.35056324501122	34.50235895698985	223.37313921441532	29.494521803960218	-71.54572296142578	2026-05-19T01:22:12.800
1779124932900	134.3719743134287	34.49029839139841	223.39472565771098	29.48433419786845	-71.54572296142578	2026-05-19T01:22:12.900
1779124933000	134.39337778906915	34.47723862620888	223.41642373184155	29.473152774260097	-71.54572296142578	2026-05-19T01:22:13.000
1779124933100	134.41478064369934	34.46417886953438	223.43812230518608	29.461972064638125	-71.54572296142578	2026-05-19T01:22:13.100
1779124933200	134.43618566702236	34.452118311000724	223.45970624486625	29.451786218740953	-71.54572296142578	2026-05-19T01:22:13.200
1779124933300	134.4575802025427	34.43905856544023	223.4813991332364	29.440606328691082	-71.54572296142578	2026-05-19T01:22:13.300
1779124933400	134.4789707950099	34.426998054861805	223.5029715908469	29.430420815257495	-71.54572296142578	2026-05-19T01:22:13.400
1779124933500	134.50034479107939	34.413938375721536	223.52464727066476	29.419240761575477	-71.54572296142578	2026-05-19T01:22:13.500
1779124933600	134.52170393523872	34.40087874556499	223.54631003230463	29.408060252645495	-71.54572296142578	2026-05-19T01:22:13.600
1779124933700	134.5430499686046	34.388818369789206	223.56784366940448	29.39787335097252	-71.54572296142578	2026-05-19T01:22:13.700
1779124933800	134.56437024286674	34.37575885674021	223.58947193356784	29.386691165341503	-71.54572296142578	2026-05-19T01:22:13.800
1779124933900	134.5856712946945	34.36369862712262	223.61096527267452	29.37650208805053	-71.54572296142578	2026-05-19T01:22:13.900
1779124934000	134.60694047895242	34.35063927439869	223.63254750761146	29.365317222314786	-71.54572296142578	2026-05-19T01:22:14.000
1779124934100	134.62818054589448	34.33758002523708	223.65410336093709	29.354130733374838	-71.54572296142578	2026-05-19T01:22:14.100
1779124934200	134.64939828105054	34.32552004662425	223.6755213022045	29.343937060059147	-71.54572296142578	2026-05-19T01:22:14.200
1779124934300	134.67058710269185	34.31246095388379	223.69703095814515	29.332747856563646	-71.54572296142578	2026-05-19T01:22:14.300
1779124934400	134.69175480700596	34.29940193404748	223.71852176415854	29.32155767060314	-71.54572296142578	2026-05-19T01:22:14.400
1779124934500	134.7129043971771	34.28634297165887	223.73999654947568	29.310366739913743	-71.54572296142578	2026-05-19T01:22:14.500
1779124934600	134.7340436651107	34.2742832451556	223.76134467109347	29.300169592194603	-71.54572296142578	2026-05-19T01:22:14.600
1779124934700	134.75516603567783	34.26122436237172	223.7827958878894	29.28897789546262	-71.54572296142578	2026-05-19T01:22:14.700
1779124934800	134.7762793016459	34.24816550694224	223.8042395727387	29.277786185815508	-71.54572296142578	2026-05-19T01:22:14.800
1779124934900	134.79739125243353	34.23610586600127	223.8255650345249	29.26758899344505	-71.54572296142578	2026-05-19T01:22:14.900
1779124935000	134.8184953177718	34.22304703336237	223.84700213232824	29.256397988339394	-71.54572296142578	2026-05-19T01:22:15.000
1779124935100	134.8395982953275	34.20998820997765	223.86843925400873	29.245207633021472	-71.54572296142578	2026-05-19T01:22:15.100
1779124935200	134.86070300872265	34.19792858323139	223.88976098210364	29.235012028345228	-71.54572296142578	2026-05-19T01:22:15.200
1779124935300	134.88179693688727	34.18486978246421	223.91119165374653	29.223822386750665	-71.54572296142578	2026-05-19T01:22:15.300
1779124935400	134.90288669386575	34.17281019750303	223.93250132675695	29.213627004598376	-71.54572296142578	2026-05-19T01:22:15.400
1779124935500	134.9239597618669	34.159751460248906	223.95391440279204	29.20243710594421	-71.54572296142578	2026-05-19T01:22:15.500
1779124935600	134.94501797123218	34.14669277371479	223.97531450748704	29.19124671855736	-71.54572296142578	2026-05-19T01:22:15.600
1779124935700	134.96606314887777	34.13463332315765	223.99658520490127	29.18104984242831	-71.54572296142578	2026-05-19T01:22:15.700
1779124935800	134.98708278213792	34.12157476336559	224.01795098852455	29.169857737856994	-71.54572296142578	2026-05-19T01:22:15.800
1779124935900	135.0080834767829	34.10951545775083	224.03918175582896	29.159658648539637	-71.54572296142578	2026-05-19T01:22:15.900
1779124936000	135.0290527233919	34.09645705524442	224.0605020648724	29.14846383795756	-71.54572296142578	2026-05-19T01:22:16.000
1779124936100	135.04999330751002	34.08339873798521	224.08179636571953	29.137267381076608	-71.54572296142578	2026-05-19T01:22:16.100
1779124936200	135.070911848766	34.07133970229533	224.1029526639049	29.12706368565589	-71.54572296142578	2026-05-19T01:22:16.200
1779124936300	135.09180159855742	34.05828154636591	224.12420104575853	29.115864471637472	-71.54572296142578	2026-05-19T01:22:16.300
1779124936400	135.11267013671414	34.04522346892206	224.14543043696517	29.104664234335658	-71.54572296142578	2026-05-19T01:22:16.400
1779124936500	135.13352503949866	34.03316463048712	224.1665297068621	29.094457421852095	-71.54572296142578	2026-05-19T01:22:16.500
1779124936600	135.15435956342418	34.02010666149322	224.18772903221583	29.083255801717087	-71.54572296142578	2026-05-19T01:22:16.600
1779124936700	135.17518128563086	34.00704872928509	224.20891729711562	29.072053831916485	-71.54572296142578	2026-05-19T01:22:16.700
1779124936800	135.1959930094346	33.99399082761985	224.2300971449507	29.06085174534086	-71.54572296142578	2026-05-19T01:22:16.800
1779124936900	135.21680230774797	33.98193213356741	224.25115738453835	29.050643998509862	-71.54572296142578	2026-05-19T01:22:16.900
1779124937000	135.2376024437528	33.968874271104944	224.2723283160518	29.039442373029182	-71.54572296142578	2026-05-19T01:22:17.000
1779124937100	135.25840014799257	33.95581641185054	224.29349796872606	29.02824125062969	-71.54572296142578	2026-05-19T01:22:17.100
1779124937200	135.27919877494298	33.94375774222293	224.31455112791102	29.018034728650797	-71.54572296142578	2026-05-19T01:22:17.200
1779124937300	135.29998653380275	33.930699918081565	224.33571340820794	29.00683420031584	-71.54572296142578	2026-05-19T01:22:17.300
1779124937400	135.3207707021196	33.918641287752045	224.35675490407397	28.99662788237965	-71.54572296142578	2026-05-19T01:22:17.400
1779124937500	135.34153949246388	33.90558352498267	224.37790128940108	28.98542719485218	-71.54572296142578	2026-05-19T01:22:17.500
1779124937600	135.3622954152899	33.892525792942024	224.39903653867944	28.974226135942338	-71.54572296142578	2026-05-19T01:22:17.600
1779124937700	135.38304097786116	33.880467291923985	224.42004456234406	28.964018731061348	-71.54572296142578	2026-05-19T01:22:17.700
1779124937800	135.4037643976565	33.86740966751679	224.44115112677224	28.952816385548825	-71.54572296142578	2026-05-19T01:22:17.800
1779124937900	135.42447294405574	33.85535128074836	224.4621261713331	28.942607303590066	-71.54572296142578	2026-05-19T01:22:17.900
1779124938000	135.4451548379122	33.842293794766746	224.4831955209219	28.931402916929592	-71.54572296142578	2026-05-19T01:22:18.000
1779124938100	135.46581299755337	33.829236383651164	224.50424345999096	28.92019725683819	-71.54572296142578	2026-05-19T01:22:18.100
1779124938200	135.48645198557708	33.817178223605175	224.52515576933962	28.90998448924293	-71.54572296142578	2026-05-19T01:22:18.200
1779124938300	135.50706249926904	33.80412096359908	224.54616069655344	28.898776258556385	-71.54572296142578	2026-05-19T01:22:18.300
1779124938400	135.52764951404342	33.79106378668491	224.5671444244732	28.88756677538983	-71.54572296142578	2026-05-19T01:22:18.400
1779124938500	135.54821800182128	33.77900585499816	224.58799308066708	28.87735022026395	-71.54572296142578	2026-05-19T01:22:18.500
1779124938600	135.56875866495423	33.76594882513255	224.60893499959494	28.866138259283055	-71.54572296142578	2026-05-19T01:22:18.600
1779124938700	135.58927647628917	33.752891870076844	224.6298563214444	28.854925086125384	-71.54572296142578	2026-05-19T01:22:18.700
1779124938800	135.60977165152232	33.73983498532085	224.65075724720649	28.843710712545125	-71.54572296142578	2026-05-19T01:22:18.800
1779124938900	135.63024915921693	33.727777342825945	224.67152384674603	28.833489319730482	-71.54572296142578	2026-05-19T01:22:18.900
1779124939000	135.65069970855964	33.714720607955435	224.69238456735627	28.82227260112086	-71.54572296142578	2026-05-19T01:22:19.000
1779124939100	135.67112846523617	33.70166394548342	224.71322567869296	28.81105475008183	-71.54572296142578	2026-05-19T01:22:19.100
1779124939200	135.6915413766035	33.68960651146292	224.73393413688348	28.80083001016304	-71.54572296142578	2026-05-19T01:22:19.200
1779124939300	135.71193033461694	33.67654998044691	224.75473958572826	28.78961019997882	-71.54572296142578	2026-05-19T01:22:19.300
1779124939400	135.7323014837493	33.66349350178415	224.77552918126509	28.77838957600785	-71.54572296142578	2026-05-19T01:22:19.400
1779124939500	135.75266096512206	33.651436238519054	224.79619002280046	28.76816239940636	-71.54572296142578	2026-05-19T01:22:19.500
1779124939600	135.77300067574217	33.63837986751864	224.81695183866978	28.75694050536517	-71.54572296142578	2026-05-19T01:22:19.600
1779124939700	135.79333150362694	33.62632270063908	224.83758750084658	28.74671228117499	-71.54572296142578	2026-05-19T01:22:19.700
1779124939800	135.8136453490284	33.61326640530671	224.8583267962664	28.73548956217522	-71.54572296142578	2026-05-19T01:22:19.800
1779124939900	135.83395309674165	33.60120931315424	224.87894253812536	28.725260746511186	-71.54572296142578	2026-05-19T01:22:19.900
1779124940000	135.85424665026724	33.5881530824143	224.89966457161427	28.71403766989095	-71.54572296142578	2026-05-19T01:22:20.000
1779124940100	135.87453195200575	33.57509688303494	224.9203797673088	28.702814577418728	-71.54572296142578	2026-05-19T01:22:20.100
1779124940200	135.89481415569892	33.56303987058212	224.94097420155063	28.69258562276117	-71.54572296142578	2026-05-19T01:22:20.200
1779124940300	135.915083992258	33.549983726704895	224.96167668713963	28.681362576562467	-71.54572296142578	2026-05-19T01:22:20.300
1779124940400	135.9353511602123	33.53792675862639	224.9822587891137	28.671133688157163	-71.54572296142578	2026-05-19T01:22:20.400
1779124940500	135.9556063938377	33.52487066063909	225.00294937505382	28.659910749941563	-71.54572296142578	2026-05-19T01:22:20.500
1779124940600	135.97585938837153	33.512813743437974	225.0235199536168	28.649682005650416	-71.54572296142578	2026-05-19T01:22:20.600
1779124940700	135.99610088128733	33.49975767881307	225.04419945096402	28.63845923444698	-71.54572296142578	2026-05-19T01:22:20.700
1779124940800	136.0163358277078	33.486701644526086	225.06487371255318	28.627236588326653	-71.54572296142578	2026-05-19T01:22:20.800
1779124940900	136.036569179209	33.47464479118615	225.0854285334785	28.617008183311285	-71.54572296142578	2026-05-19T01:22:20.900
1779124941000	136.05679167833162	33.46158879051415	225.10609292134998	28.605785812103584	-71.54572296142578	2026-05-19T01:22:21.000
1779124941100	136.0770078658463	33.44853282229519	225.12675229157517	28.59456358612222	-71.54572296142578	2026-05-19T01:22:21.100
1779124941200	136.09722063161706	33.436476024034434	225.14729045427976	28.584335422058412	-71.54572296142578	2026-05-19T01:22:21.200
1779124941300	136.1174182525254	33.42342010952185	225.16793415751926	28.573112952225305	-71.54572296142578	2026-05-19T01:22:21.300
1779124941400	136.13760320760332	33.41036423545674	225.18856683207898	28.561890078183808	-71.54572296142578	2026-05-19T01:22:21.400
1779124941500	136.15777324155135	33.39730841074942	225.20918634314614	28.550666610481976	-71.54572296142578	2026-05-19T01:22:21.500
1779124941600	136.17793082918865	33.385251806164945	225.22967605383778	28.54043645298197	-71.54572296142578	2026-05-19T01:22:21.600
1779124941700	136.19806425407808	33.37219609467181	225.25026282100916	28.52921121412088	-71.54572296142578	2026-05-19T01:22:21.700
1779124941800	136.21817599206102	33.35914047256196	225.2708300167308	28.51798482480369	-71.54572296142578	2026-05-19T01:22:21.800
1779124941900	136.23826851524768	33.347084068621655	225.2912609684055	28.507751139621938	-71.54572296142578	2026-05-19T01:22:21.900
1779124942000	136.25833011253508	33.334028603750596	225.3117826055732	28.49652182723126	-71.54572296142578	2026-05-19T01:22:22.000
1779124942100	136.2783640999317	33.32097323448629	225.33227906107632	28.485290845220334	-71.54572296142578	2026-05-19T01:22:22.100
1779124942200	136.29837716135066	33.30891709014194	225.35263760708793	28.475052410209045	-71.54572296142578	2026-05-19T01:22:22.200
1779124942300	136.3183626478782	33.29586187340911	225.37309003467266	28.4638186284588	-71.54572296142578	2026-05-19T01:22:22.300
1779124942400	136.33832808721587	33.28280672681548	225.39352442437416	28.452583806303334	-71.54572296142578	2026-05-19T01:22:22.400
1779124942500	136.35828100361638	33.270750791974294	225.4138288066554	28.442342240757828	-71.54572296142578	2026-05-19T01:22:22.500
1779124942600	136.3782147530873	33.257695742710546	225.4342350541412	28.431106023586022	-71.54572296142578	2026-05-19T01:22:22.600
1779124942700	136.39814158160206	33.24563989233168	225.45451656434403	28.420863533747355	-71.54572296142578	2026-05-19T01:22:22.700
1779124942800	136.41805484844733	33.2325849096629	225.47490526360372	28.409626867535255	-71.54572296142578	2026-05-19T01:22:22.800
1779124942900	136.43796679625214	33.22052910956413	225.49517449790923	28.399384397335716	-71.54572296142578	2026-05-19T01:22:22.900
1779124943000	136.45787078761398	33.20747416232808	225.51555624631084	28.38814823038326	-71.54572296142578	2026-05-19T01:22:23.000
1779124943100	136.47777338611488	33.19441922583466	225.53593759338784	28.376912591153197	-71.54572296142578	2026-05-19T01:22:23.100
1779124943200	136.49767731888343	33.18236343978489	225.55620195086738	28.36667134090784	-71.54572296142578	2026-05-19T01:22:23.200
1779124943300	136.51757020452803	33.16930854023644	225.5765759279749	28.35543616070805	-71.54572296142578	2026-05-19T01:22:23.300
1779124943400	136.53745852771067	33.157252811857816	225.59682730880596	28.34519486635528	-71.54572296142578	2026-05-19T01:22:23.400
1779124943500	136.55732991031806	33.1441979751133	225.61718275513968	28.33395913144371	-71.54572296142578	2026-05-19T01:22:23.500
1779124943600	136.57718612061188	33.13114318972799	225.63752475438508	28.322722749402615	-71.54572296142578	2026-05-19T01:22:23.600
1779124943700	136.59702892341025	33.11908761108476	225.65773574487827	28.312479500343123	-71.54572296142578	2026-05-19T01:22:23.700
1779124943800	136.61684594571594	33.10603295519528	225.6780424623805	28.301241065368217	-71.54572296142578	2026-05-19T01:22:23.800
1779124943900	136.6366436639393	33.093977530931774	225.6982125600535	28.290995260835704	-71.54572296142578	2026-05-19T01:22:23.900
1779124944000	136.65640970837975	33.080923041715586	225.7184728250343	28.279753763311692	-71.54572296142578	2026-05-19T01:22:24.000
1779124944100	136.67614683187955	33.067868656926414	225.73870661405556	28.26851045030491	-71.54572296142578	2026-05-19T01:22:24.100
1779124944200	136.6958617383979	33.055813504815845	225.75880098251685	28.258259498195894	-71.54572296142578	2026-05-19T01:22:24.200
1779124944300	136.71554799547044	33.04275928780918	225.7789884037158	28.247013117949614	-71.54572296142578	2026-05-19T01:22:24.300
1779124944400	136.7352180030015	33.0307042747204	225.79904202511338	28.236759587079913	-71.54572296142578	2026-05-19T01:22:24.400
1779124944500	136.75486533195638	33.01765019225642	225.81919436763118	28.22551115002768	-71.54572296142578	2026-05-19T01:22:24.500
1779124944600	136.7744976740949	33.00459615684448	225.8393334118138	28.214262057719093	-71.54572296142578	2026-05-19T01:22:24.600
1779124944700	136.79412271774555	32.99254129161099	225.8593470909658	28.20400655964632	-71.54572296142578	2026-05-19T01:22:24.700
1779124944800	136.8137340389828	32.97948732869644	225.87946799814407	28.192756919472128	-71.54572296142578	2026-05-19T01:22:24.800
1779124944900	136.83334402910938	32.96743252120849	225.89946916424898	28.18250137958744	-71.54572296142578	2026-05-19T01:22:24.900
1779124945000	136.8529462674486	32.954378586288115	225.91958323365026	28.171252197976134	-71.54572296142578	2026-05-19T01:22:25.000
1779124945100	136.87254744639588	32.941324660660975	225.93969718458956	28.160003548931215	-71.54572296142578	2026-05-19T01:22:25.100
1779124945200	136.89215027422182	32.9292698772055	225.9596941814119	28.149749242689595	-71.54572296142578	2026-05-19T01:22:25.200
1779124945300	136.9117423645118	32.916215980014016	225.97980128409523	28.13850104900408	-71.54572296142578	2026-05-19T01:22:25.300
1779124945400	136.93133012923707	32.90416124774554	225.9997857495071	28.12824668678316	-71.54572296142578	2026-05-19T01:22:25.400
1779124945500	136.95090118534446	32.891107423129704	226.01987468523717	28.116997932209898	-71.54572296142578	2026-05-19T01:22:25.500
1779124945600	136.97045724524602	32.87805364742275	226.03995029780137	28.10574851233412	-71.54572296142578	2026-05-19T01:22:25.600
1779124945700	136.99000001788795	32.86599905594224	226.05989474810522	28.09549213956776	-71.54572296142578	2026-05-19T01:22:25.700
1779124945800	137.0095171254877	32.8529454151273	226.07993520955458	28.084240625228972	-71.54572296142578	2026-05-19T01:22:25.800
1779124945900	137.02901497150222	32.84089098032435	226.09983882176175	28.07398164218745	-71.54572296142578	2026-05-19T01:22:25.900
1779124946000	137.0484811814918	32.827837512012316	226.1198328054675	28.062727003560774	-71.54572296142578	2026-05-19T01:22:26.000
1779124946100	137.06791845424308	32.81478413304306	226.13980024642575	28.051470493673452	-71.54572296142578	2026-05-19T01:22:26.100
1779124946200	137.08733344766992	32.80272997642706	226.15962793673765	28.041206250067322	-71.54572296142578	2026-05-19T01:22:26.200
1779124946300	137.10671973613302	32.78967677381472	226.17954879710732	28.02994659675278	-71.54572296142578	2026-05-19T01:22:26.300
1779124946400	137.1260896583556	32.77762276881048	226.1993354818168	28.019679701161202	-71.54572296142578	2026-05-19T01:22:26.400
1779124946500	137.1454367920485	32.76456969726503	226.21922095822956	28.008417900514928	-71.54572296142578	2026-05-19T01:22:26.500
1779124946600	137.1647734725349	32.75251579869794	226.23897783587606	27.99814935057022	-71.54572296142578	2026-05-19T01:22:26.600
1779124946700	137.18409796781592	32.74046194417847	226.25872400338037	27.987880355106352	-71.54572296142578	2026-05-19T01:22:26.700
1779124946800	137.2034085491249	32.72740900275367	226.27857739779998	27.976617224612315	-71.54572296142578	2026-05-19T01:22:26.800
1779124946900	137.22271754673696	32.715355197138955	226.2983105612569	27.966348086658154	-71.54572296142578	2026-05-19T01:22:26.900
1779124947000	137.2420185466951	32.70230228501891	226.31815657704976	27.955085322724173	-71.54572296142578	2026-05-19T01:22:27.000
1779124947100	137.26131822635216	32.689249378866826	226.3380021955345	27.943823042375726	-71.54572296142578	2026-05-19T01:22:27.100
1779124947200	137.2806193954267	32.67719560430944	226.35773046177806	27.933555016303526	-71.54572296142578	2026-05-19T01:22:27.200
1779124947300	137.29990984881903	32.6641427331889	226.37756903234475	27.922293136648232	-71.54572296142578	2026-05-19T01:22:27.300
1779124947400	137.3191961120473	32.65208900829109	226.39728484507268	27.9120250147366	-71.54572296142578	2026-05-19T01:22:27.400
1779124947500	137.33846598343453	32.639036210529575	226.41710559975786	27.9007625593039	-71.54572296142578	2026-05-19T01:22:27.500
1779124947600	137.35772598513762	32.62698257688844	226.4367981891191	27.890493367019968	-71.54572296142578	2026-05-19T01:22:27.600
1779124947700	137.37696391880365	32.6139298763201	226.45659035836718	27.879229342274204	-71.54572296142578	2026-05-19T01:22:27.700
1779124947800	137.39618162577642	32.600877251682164	226.47636419818647	27.86796417876979	-71.54572296142578	2026-05-19T01:22:27.800
1779124947900	137.4153809438456	32.58882382398859	226.4960017590678	27.85769154006972	-71.54572296142578	2026-05-19T01:22:27.900
1779124948000	137.43454967988336	32.57577137245572	226.51573084832935	27.846423351960663	-71.54572296142578	2026-05-19T01:22:28.000
1779124948100	137.45369054482597	32.56271900214949	226.53543435414883	27.835153341370166	-71.54572296142578	2026-05-19T01:22:28.100
1779124948200	137.47280973550028	32.55066584576282	226.5549984265273	27.824875566132466	-71.54572296142578	2026-05-19T01:22:28.200
1779124948300	137.49190029760763	32.53761364732478	226.5746559002396	27.813602396253344	-71.54572296142578	2026-05-19T01:22:28.300
1779124948400	137.51097397355514	32.5255606490196	226.59417845403306	27.803321867284527	-71.54572296142578	2026-05-19T01:22:28.400
1779124948500	137.53002381235623	32.51250858719355	226.61379896740223	27.792046350218882	-71.54572296142578	2026-05-19T01:22:28.500
1779124948600	137.54905688231602	32.49945659450162	226.63340440654716	27.780769979751096	-71.54572296142578	2026-05-19T01:22:28.600
1779124948700	137.5680802480456	32.48740375856024	226.65288170266027	27.77048683811633	-71.54572296142578	2026-05-19T01:22:28.700
1779124948800	137.5870869638691	32.47435185448693	226.67246379368174	27.759209347658647	-71.54572296142578	2026-05-19T01:22:28.800
1779124948900	137.60608876346993	32.46229909292831	226.69192225911905	27.74892549396286	-71.54572296142578	2026-05-19T01:22:28.900
1779124949000	137.62507870452984	32.44924725035664	226.71149007973554	27.7376477092714	-71.54572296142578	2026-05-19T01:22:29.000
1779124949100	137.6440633289485	32.43619541842807	226.73105368121858	27.726370032143013	-71.54572296142578	2026-05-19T01:22:29.100
1779124949200	137.66304708772432	32.42414272771824	226.75049746580163	27.716086345110405	-71.54572296142578	2026-05-19T01:22:29.200
1779124949300	137.68201991220246	32.411090938147964	226.77005150876815	27.704808795677003	-71.54572296142578	2026-05-19T01:22:29.300
1779124949400	137.70099039626584	32.3990382933804	226.78948431467322	27.694525102466113	-71.54572296142578	2026-05-19T01:22:29.400
1779124949500	137.7199484746643	32.38598655953584	226.80902599970898	27.683247426941236	-71.54572296142578	2026-05-19T01:22:29.500
1779124949600	137.7389027378593	32.37393396797371	226.82844502790635	27.672963467366046	-71.54572296142578	2026-05-19T01:22:29.600
1779124949700	137.75784312402956	32.36088229629225	226.84797155556538	27.661685404399673	-71.54572296142578	2026-05-19T01:22:29.700
1779124949800	137.77677822027917	32.34882977722368	226.86737400481596	27.651400929568418	-71.54572296142578	2026-05-19T01:22:29.800
1779124949900	137.7956979681123	32.33577817770944	226.88688257441007	27.6401222206912	-71.54572296142578	2026-05-19T01:22:29.900
1779124950000	137.81461095127645	32.323725731995225	226.90626564478606	27.629836962716293	-71.54572296142578	2026-05-19T01:22:30.000
1779124950100	137.83351198735613	32.311673317006296	226.92563817419105	27.61955122454634	-71.54572296142578	2026-05-19T01:22:30.100
1779124950200	137.85239675608628	32.29862184565535	226.94511597420941	27.608271196007838	-71.54572296142578	2026-05-19T01:22:30.200
1779124950300	137.87127046782015	32.28557040486208	226.9645840930505	27.596990768549702	-71.54572296142578	2026-05-19T01:22:30.300
1779124950400	137.89013832957755	32.2735181118816	226.98392753684377	27.5867038560858	-71.54572296142578	2026-05-19T01:22:30.400
1779124950500	137.90899158116503	32.260466759573376	227.0033778457982	27.575422801613207	-71.54572296142578	2026-05-19T01:22:30.500
1779124950600	137.927840084038	32.248414528783094	227.0227045058926	27.565135329216922	-71.54572296142578	2026-05-19T01:22:30.600
1779124950700	137.94667508148564	32.235363237437696	227.04213909505117	27.553853814801972	-71.54572296142578	2026-05-19T01:22:30.700
1779124950800	137.96550643160373	32.223311069592455	227.06145105869166	27.543565977936016	-71.54572296142578	2026-05-19T01:22:30.800
1779124950900	137.98432538098646	32.2102598301349	227.08087201664404	27.53228418950689	-71.54572296142578	2026-05-19T01:22:30.900
1779124951000	138.00314178442054	32.19820771712973	227.10017137272175	27.521996175324823	-71.54572296142578	2026-05-19T01:22:31.000
1779124951100	138.02195120456318	32.18615562648684	227.11946488370427	27.511708109453263	-71.54572296142578	2026-05-19T01:22:31.100
1779124951200	138.0407478601834	32.17310447655506	227.138867067469	27.500426074697888	-71.54572296142578	2026-05-19T01:22:31.200
1779124951300	138.05953958012992	32.16105244443938	227.15814535076962	27.49013758193931	-71.54572296142578	2026-05-19T01:22:31.300
1779124951400	138.07831559856606	32.1480013633906	227.17752953432165	27.4788548674834	-71.54572296142578	2026-05-19T01:22:31.400
1779124951500	138.09708374103883	32.135949422625195	227.1967870034261	27.468565446151924	-71.54572296142578	2026-05-19T01:22:31.500
1779124951600	138.11583324497033	32.12289842919134	227.21614760094326	27.457281535624922	-71.54572296142578	2026-05-19T01:22:31.600
1779124951700	138.13457193263594	32.11084659092638	227.2353786702228	27.446990661163376	-71.54572296142578	2026-05-19T01:22:31.700
1779124951800	138.15328904480927	32.097795708513736	227.2547100937003	27.43570504153289	-71.54572296142578	2026-05-19T01:22:31.800
1779124951900	138.17199240036842	32.08574398163104	227.27390917617217	27.425412185821585	-71.54572296142578	2026-05-19T01:22:31.900
1779124952000	138.1906712436337	32.07269324630416	227.29320583450297	27.414124355341897	-71.54572296142578	2026-05-19T01:22:32.000
1779124952100	138.20932888083513	32.05964257291234	227.3124831455385	27.402835218748248	-71.54572296142578	2026-05-19T01:22:32.100
1779124952200	138.227969142817	32.04759106920674	227.33162464631482	27.392538521897386	-71.54572296142578	2026-05-19T01:22:32.200
1779124952300	138.24658207086665	32.03454055594269	227.350861062217	27.381246593569866	-71.54572296142578	2026-05-19T01:22:32.300
1779124952400	138.26517626707866	32.02248920369774	227.36996035818413	27.37094696581705	-71.54572296142578	2026-05-19T01:22:32.400
1779124952500	138.2837417762226	32.00943885513972	227.38915329483982	27.359651996704557	-71.54572296142578	2026-05-19T01:22:32.500
1779124952600	138.30228256017878	31.996388583964258	227.40832352751968	27.34835540789702	-71.54572296142578	2026-05-19T01:22:32.600
1779124952700	138.3208025775045	31.984337497092156	227.42735467227686	27.338050946546048	-71.54572296142578	2026-05-19T01:22:32.700
1779124952800	138.3392918779676	31.971287398880484	227.44647754794855	27.32675094367881	-71.54572296142578	2026-05-19T01:22:32.800
1779124952900	138.35775905525875	31.959236488195184	227.46546002428374	27.3164429402598	-71.54572296142578	2026-05-19T01:22:32.900
1779124953000	138.37619416261683	31.946186587636102	227.4845329546739	27.30513929285732	-71.54572296142578	2026-05-19T01:22:33.000
1779124953100	138.39460659969922	31.934135864738476	227.50346494432924	27.294827577045584	-71.54572296142578	2026-05-19T01:22:33.100
1779124953200	138.41299047053766	31.921086132970945	227.52249072723555	27.283520514996393	-71.54572296142578	2026-05-19T01:22:33.200
1779124953300	138.43135921884027	31.909035560439573	227.5413827161685	27.273206043055808	-71.54572296142578	2026-05-19T01:22:33.300
1779124953400	138.44970776149967	31.895985963613253	227.56037645042514	27.261896968146146	-71.54572296142578	2026-05-19T01:22:33.400
1779124953500	138.46804953864947	31.883935477148448	227.57924431206283	27.25158118682104	-71.54572296142578	2026-05-19T01:22:33.500
1779124953600	138.48638409898106	31.87188502818212	227.59810605692863	27.24126531200898	-71.54572296142578	2026-05-19T01:22:33.600
1779124953700	138.50471099429103	31.858835507781166	227.61708148311664	27.22995592872488	-71.54572296142578	2026-05-19T01:22:33.700
1779124953800	138.52304365974916	31.84678506463733	227.63594291755277	27.219640937639358	-71.54572296142578	2026-05-19T01:22:33.800
1779124953900	138.54137702058355	31.83373552501074	227.65492599199564	27.208333176336215	-71.54572296142578	2026-05-19T01:22:33.900
1779124954000	138.55972450857277	31.82168504320218	227.67380299855688	27.198020544574845	-71.54572296142578	2026-05-19T01:22:34.000
1779124954100	138.57808430759607	31.80963451036428	227.69269244523144	27.187709506542127	-71.54572296142578	2026-05-19T01:22:34.100
1779124954200	138.59644913007466	31.79658487676333	227.7117076702668	27.176406094734006	-71.54572296142578	2026-05-19T01:22:34.200
1779124954300	138.61482419036923	31.784534313002595	227.7306131082789	27.16609746693934	-71.54572296142578	2026-05-19T01:22:34.300
1779124954400	138.63319620960527	31.771484659201043	227.74963667945602	27.154795746179904	-71.54572296142578	2026-05-19T01:22:34.400
1779124954500	138.65157039881404	31.759434089833817	227.76854278142224	27.14448808580016	-71.54572296142578	2026-05-19T01:22:34.500
1779124954600	138.66993348268707	31.746384479443922	227.78755936468045	27.133186649593554	-71.54572296142578	2026-05-19T01:22:34.600
1779124954700	138.68829066879712	31.73433397814643	227.8064507932115	27.122878558386393	-71.54572296142578	2026-05-19T01:22:34.700
1779124954800	138.7066286851711	31.721284445316698	227.82544505345547	27.111575967407568	-71.54572296142578	2026-05-19T01:22:34.800
1779124954900	138.72495273618082	31.70923406223181	227.84430646950548	27.101266020211284	-71.54572296142578	2026-05-19T01:22:34.900
1779124955000	138.7432495532356	31.696184683394666	227.86326306229378	27.089960873684017	-71.54572296142578	2026-05-19T01:22:35.000
1779124955100	138.76152038480873	31.683135391864628	227.8821957019205	27.07865396616327	-71.54572296142578	2026-05-19T01:22:35.100
1779124955200	138.77976912870483	31.671085260744675	227.9009877475546	27.068338960648592	-71.54572296142578	2026-05-19T01:22:35.200
1779124955300	138.7979865008482	31.658036156951173	227.91987104865592	27.057028399666418	-71.54572296142578	2026-05-19T01:22:35.300
1779124955400	138.81618167617412	31.64598621842913	227.93861362970642	27.04670972737166	-71.54572296142578	2026-05-19T01:22:35.400
1779124955500	138.83434537392495	31.63293729859871	227.9574473757053	27.035395480149983	-71.54572296142578	2026-05-19T01:22:35.500
1779124955600	138.85248676568006	31.620887540948868	227.97614027673484	27.025073100401652	-71.54572296142578	2026-05-19T01:22:35.600
1779124955700	138.87059657410998	31.60783880866013	227.99492425017033	27.013755141462934	-71.54572296142578	2026-05-19T01:22:35.700
1779124955800	138.8886839673804	31.595789238892465	228.01356725353614	27.00342903221095	-71.54572296142578	2026-05-19T01:22:35.800
1779124955900	138.90673967157372	31.58274070050646	228.03230123659313	26.992107338833165	-71.54572296142578	2026-05-19T01:22:35.900
1779124956000	138.92477285139395	31.570691314427325	228.05089412592258	26.98177746687207	-71.54572296142578	2026-05-19T01:22:36.000
1779124956100	138.94277956052593	31.558642023855956	228.0694625535273	26.971445771023213	-71.54572296142578	2026-05-19T01:22:36.100
1779124956200	138.96075872392504	31.545593747828214	228.08812591501274	26.960118851839123	-71.54572296142578	2026-05-19T01:22:36.200
1779124956300	138.97872380342264	31.533544604931524	228.1066561769932	26.949784496079346	-71.54572296142578	2026-05-19T01:22:36.300
1779124956400	138.9966698355079	31.520496447243037	228.12528946464224	26.938455665959722	-71.54572296142578	2026-05-19T01:22:36.400
1779124956500	139.01461027853426	31.508447381379742	228.1437977153435	26.92812013014952	-71.54572296142578	2026-05-19T01:22:36.500
1779124956600	139.0325447754185	31.496398348209322	228.16230101287212	26.917784580042024	-71.54572296142578	2026-05-19T01:22:36.600
1779124956700	139.05047297223487	31.483350262504608	228.1809194781332	26.906455688686798	-71.54572296142578	2026-05-19T01:22:36.700
1779124956800	139.06840832232118	31.471301235086354	228.19942500044962	26.89612121959245	-71.54572296142578	2026-05-19T01:22:36.800
1779124956900	139.0863458704607	31.458253116215154	228.21805378891767	26.88479415319066	-71.54572296142578	2026-05-19T01:22:36.900
1779124957000	139.10429906663657	31.44620403081228	228.23657770096162	26.874462260856564	-71.54572296142578	2026-05-19T01:22:37.000
1779124957100	139.1222660276328	31.43415490324592	228.25511541038986	26.864132088235618	-71.54572296142578	2026-05-19T01:22:37.100
1779124957200	139.14023875298565	31.421106690410145	228.27377980071364	26.852809658764738	-71.54572296142578	2026-05-19T01:22:37.200
1779124957300	139.15822150663428	31.409057508230774	228.29233395095585	26.842481881542117	-71.54572296142578	2026-05-19T01:22:37.300
1779124957400	139.17620016102774	31.396009277434686	228.31100541255725	26.83116098213744	-71.54572296142578	2026-05-19T01:22:37.400
1779124957500	139.194178976795	31.383960121360396	228.3295572307728	26.82083386890218	-71.54572296142578	2026-05-19T01:22:37.500
1779124957600	139.21214842428813	31.371911002116114	228.34810083782932	26.810506429712174	-71.54572296142578	2026-05-19T01:22:37.600
1779124957700	139.23009897713226	31.35886287641357	228.36674769941192	26.79918455371077	-71.54572296142578	2026-05-19T01:22:37.700
1779124957800	139.24803489108226	31.346813876774306	228.38526080853256	26.7888551461336	-71.54572296142578	2026-05-19T01:22:37.800
1779124957900	139.26594204692805	31.33376590303148	228.40386779631655	26.777530426901926	-71.54572296142578	2026-05-19T01:22:37.900
1779124958000	139.28382469707196	31.321717085815393	228.42233162359142	26.767197291305585	-71.54572296142578	2026-05-19T01:22:38.000
1779124958100	139.30167471753907	31.309668378441973	228.440765093743	26.75686175377112	-71.54572296142578	2026-05-19T01:22:38.100
1779124958200	139.31948959340522	31.296620723612033	228.45928637620176	26.745530341090358	-71.54572296142578	2026-05-19T01:22:38.200
1779124958300	139.33728198069016	31.284572222524304	228.47766638566662	26.735190682386047	-71.54572296142578	2026-05-19T01:22:38.300
1779124958400	139.35504617714304	31.271524746811387	228.49614083291019	26.723855760587437	-71.54572296142578	2026-05-19T01:22:38.400
1779124958500	139.37279483535994	31.25947639471002	228.51448060399895	26.713513195682747	-71.54572296142578	2026-05-19T01:22:38.500
1779124958600	139.39052225654487	31.246429058315705	228.53292143797253	26.702175998592402	-71.54572296142578	2026-05-19T01:22:38.600
1779124958700	139.40823650452907	31.233381768481227	228.5513504288161	26.69083812015892	-71.54572296142578	2026-05-19T01:22:38.700
1779124958800	139.42594563962723	31.221333551462187	228.5696546442301	26.68049350024058	-71.54572296142578	2026-05-19T01:22:38.800
1779124958900	139.4436439683099	31.208286327206157	228.58806986337697	26.669155188762844	-71.54572296142578	2026-05-19T01:22:38.900
1779124959000	139.46134413435644	31.196238151888167	228.60636690821198	26.65881074861106	-71.54572296142578	2026-05-19T01:22:39.000
1779124959100	139.4790439554333	31.184189988431367	228.62466430313356	26.64846676999091	-71.54572296142578	2026-05-19T01:22:39.100
1779124959200	139.49673695636056	31.171142790373036	228.64307651671837	26.637129444228535	-71.54572296142578	2026-05-19T01:22:39.200
1779124959300	139.51442933196736	31.159094650338126	228.6613681892403	26.626785765420273	-71.54572296142578	2026-05-19T01:22:39.300
1779124959400	139.53210895304284	31.14604750900077	228.67976904021182	26.61544822667935	-71.54572296142578	2026-05-19T01:22:39.400
1779124959500	139.54978201100297	31.13399944758231	228.698043681561	26.60510380331464	-71.54572296142578	2026-05-19T01:22:39.500
1779124959600	139.56743637996516	31.120952390674564	228.71642186268286	26.59376497865242	-71.54572296142578	2026-05-19T01:22:39.600
1779124959700	139.58507824806284	31.10890443645223	228.73466816405602	26.58341873743775	-71.54572296142578	2026-05-19T01:22:39.700
1779124959800	139.60270006884912	31.09685656262961	228.75289604775713	26.573071199176084	-71.54572296142578	2026-05-19T01:22:39.800
1779124959900	139.6202942990517	31.083809720452198	228.7712190089054	26.561728463618046	-71.54572296142578	2026-05-19T01:22:39.900
1779124960000	139.6378671218845	31.071762013857967	228.78940158163658	26.551377510065706	-71.54572296142578	2026-05-19T01:22:40.000
1779124960100	139.65541188690844	31.059714401636395	228.80755810202913	26.54102452616101	-71.54572296142578	2026-05-19T01:22:40.100
1779124960200	139.67292552128518	31.04666784377623	228.82580633810434	26.52967603835066	-71.54572296142578	2026-05-19T01:22:40.200
1779124960300	139.6904195646065	31.034620421445762	228.84391588651866	26.519319489259445	-71.54572296142578	2026-05-19T01:22:40.300
1779124960400	139.70789183664525	31.022573061596766	228.86200536247878	26.508961453935044	-71.54572296142578	2026-05-19T01:22:40.400
1779124960500	139.72534473084838	31.01052577454192	228.88007704100283	26.498602162637518	-71.54572296142578	2026-05-19T01:22:40.500
1779124960600	139.74277607118128	30.99747951329484	228.8982495716726	26.48724822529576	-71.54572296142578	2026-05-19T01:22:40.600
1779124960700	139.7601973905795	30.98543235019974	228.9162924953796	26.476887063237186	-71.54572296142578	2026-05-19T01:22:40.700
1779124960800	139.77760651209294	30.97338521646033	228.93432445719054	26.466525263485263	-71.54572296142578	2026-05-19T01:22:40.800
1779124960900	139.79500126229104	30.960339094761473	228.9524641249981	26.455169471217044	-71.54572296142578	2026-05-19T01:22:40.900
1779124961000	139.81239316900272	30.94829203651545	228.97048100130903	26.444807077660556	-71.54572296142578	2026-05-19T01:22:41.000
1779124961100	139.8297795585843	30.936244990332476	228.98849327560242	26.434444646546382	-71.54572296142578	2026-05-19T01:22:41.100
1779124961200	139.8471557638892	30.923198943522205	229.00661725962811	26.423088601529177	-71.54572296142578	2026-05-19T01:22:41.200
1779124961300	139.86453031229888	30.91115194712184	229.02461956255942	26.412726045751437	-71.54572296142578	2026-05-19T01:22:41.300
1779124961400	139.88189347395817	30.89810595845035	229.04273243865612	26.401369774589966	-71.54572296142578	2026-05-19T01:22:41.400
1779124961500	139.89925377281918	30.88605901781583	229.06072247212157	26.391006873822395	-71.54572296142578	2026-05-19T01:22:41.500
1779124961600	139.91660604340265	30.874012114303927	229.0787055043256	26.380643723901652	-71.54572296142578	2026-05-19T01:22:41.600
1779124961700	139.93394512342516	30.860966216456127	229.096797406831	26.36928669143728	-71.54572296142578	2026-05-19T01:22:41.700
1779124961800	139.9512795319291	30.848919378516893	229.1147647211734	26.358922865959897	-71.54572296142578	2026-05-19T01:22:41.800
1779124961900	139.9685995474152	30.83587355411684	229.13283976832574	26.347565055356657	-71.54572296142578	2026-05-19T01:22:41.900
1779124962000	139.98591368552258	30.823826791954662	229.15078906466124	26.33720033698811	-71.54572296142578	2026-05-19T01:22:42.000
1779124962100	140.0032168878248	30.81178007649699	229.16872858300096	26.326835104226234	-71.54572296142578	2026-05-19T01:22:42.100
1779124962200	140.0205045106613	30.798734380245236	229.18677471694613	26.315475783418975	-71.54572296142578	2026-05-19T01:22:42.200
1779124962300	140.03778568192638	30.78668773637757	229.20469453247475	26.305109483992336	-71.54572296142578	2026-05-19T01:22:42.300
1779124962400	140.0550558601391	30.7746411380549	229.22260451147253	26.294742660746678	-71.54572296142578	2026-05-19T01:22:42.400
1779124962500	140.07231050704434	30.761595565386042	229.24062116444784	26.28338176208082	-71.54572296142578	2026-05-19T01:22:42.500
1779124962600	140.08955874557026	30.749549053657866	229.2585115174936	26.273013889707237	-71.54572296142578	2026-05-19T01:22:42.600
1779124962700	140.10679603665596	30.737502581250762	229.27639207409112	26.262645488646697	-71.54572296142578	2026-05-19T01:22:42.700
1779124962800	140.12402239553853	30.72545615337649	229.2942628467664	26.252276564528835	-71.54572296142578	2026-05-19T01:22:42.800
1779124962900	140.1412332872196	30.71241074413622	229.3122403734252	26.24091356632594	-71.54572296142578	2026-05-19T01:22:42.900
1779124963000	140.15843782805	30.70036438711791	229.33009162689802	26.230543580984566	-71.54572296142578	2026-05-19T01:22:43.000
1779124963100	140.17563157005088	30.688318081358094	229.34793321863268	26.22017308881249	-71.54572296142578	2026-05-19T01:22:43.100
1779124963200	140.19281041917827	30.675272790126716	229.3658821249549	26.20880857382178	-71.54572296142578	2026-05-19T01:22:43.200
1779124963300	140.20998401312818	30.663226568575848	229.3837057791537	26.19843718387773	-71.54572296142578	2026-05-19T01:22:43.300
1779124963400	140.2271437987319	30.650181356189318	229.4016377900315	26.187071868310912	-71.54572296142578	2026-05-19T01:22:43.400
1779124963500	140.24429941022666	30.63813519088743	229.4194455688809	26.176699751565426	-71.54572296142578	2026-05-19T01:22:43.500
1779124963600	140.2614468422546	30.6260890575888	229.43724617839317	26.166327349135155	-71.54572296142578	2026-05-19T01:22:43.600
1779124963700	140.27858209277025	30.61304394836604	229.45515670641595	26.15496119014975	-71.54572296142578	2026-05-19T01:22:43.700
1779124963800	140.29571479093343	30.60099787861302	229.4729445291922	26.14458836716052	-71.54572296142578	2026-05-19T01:22:43.800
1779124963900	140.31283639205364	30.587952819191244	229.49084331405032	26.13322187700301	-71.54572296142578	2026-05-19T01:22:43.900
1779124964000	140.3299565219647	30.57590679680446	229.50862041231017	26.122848817230008	-71.54572296142578	2026-05-19T01:22:44.000
1779124964100	140.34707072580812	30.56386080290153	229.52639248462495	26.112475675648106	-71.54572296142578	2026-05-19T01:22:44.100
1779124964200	140.3641727372123	30.55081582472548	229.5442744877011	26.101108772433562	-71.54572296142578	2026-05-19T01:22:44.200
1779124964300	140.38126945491663	30.538769894163703	229.56203113975687	26.090734945752935	-71.54572296142578	2026-05-19T01:22:44.300
1779124964400	140.39835415815224	30.526724015746503	229.5797769556144	26.0803604884777	-71.54572296142578	2026-05-19T01:22:44.400
1779124964500	140.41542012935128	30.51367917558254	229.59762647726924	26.06899168135221	-71.54572296142578	2026-05-19T01:22:44.500
1779124964600	140.43247426231707	30.501633406711818	229.61534438501593	26.058615353482	-71.54572296142578	2026-05-19T01:22:44.600
1779124964700	140.4495098387353	30.489587703060234	229.63304521261426	26.04823779133797	-71.54572296142578	2026-05-19T01:22:44.700
1779124964800	140.46652014363556	30.476543071691733	229.6508435169198	26.036865300614778	-71.54572296142578	2026-05-19T01:22:44.800
1779124964900	140.48351206575558	30.464497518249587	229.66850394423125	26.026484673025728	-71.54572296142578	2026-05-19T01:22:44.900
1779124965000	140.5004788894266	30.45245206826982	229.68614104204377	26.01610223060313	-71.54572296142578	2026-05-19T01:22:45.000
1779124965100	140.51741916043136	30.440406696394113	229.70375342401513	26.005717809690886	-71.54572296142578	2026-05-19T01:22:45.100
1779124965200	140.53433433107514	30.42836142549282	229.7213424694898	25.995331567244875	-71.54572296142578	2026-05-19T01:22:45.200
1779124965300	140.5512220498001	30.415317233080547	229.739026925794	25.98395019601965	-71.54572296142578	2026-05-19T01:22:45.300
1779124965400	140.5680935565906	30.403272112308596	229.7565755362587	25.973560868485208	-71.54572296142578	2026-05-19T01:22:45.400
1779124965500	140.58494649920985	30.39122706998178	229.77410703892764	25.96317030536688	-71.54572296142578	2026-05-19T01:22:45.500
1779124965600	140.60178305625595	30.379182072602422	229.7916235136335	25.952778676566744	-71.54572296142578	2026-05-19T01:22:45.600
1779124965700	140.6186054065647	30.367137140756093	229.8091270341644	25.942386205984413	-71.54572296142578	2026-05-19T01:22:45.700
1779124965800	140.63541120263653	30.35409325526306	229.82673637836706	25.93099959852389	-71.54572296142578	2026-05-19T01:22:45.800
1779124965900	140.65221167620498	30.34204839661292	229.84422023318967	25.92060599952819	-71.54572296142578	2026-05-19T01:22:45.900
1779124966000	140.66900447910456	30.33000357772792	229.86169736703553	25.910212144677846	-71.54572296142578	2026-05-19T01:22:46.000
1779124966100	140.68579133830633	30.317958777453235	229.87916942882813	25.899818174718547	-71.54572296142578	2026-05-19T01:22:46.100
1779124966200	140.7025676514719	30.304915008368006	229.8967530623315	25.888430620615967	-71.54572296142578	2026-05-19T01:22:46.200
1779124966300	140.71934193393804	30.292870265686506	229.91421432279736	25.87803637557403	-71.54572296142578	2026-05-19T01:22:46.300
1779124966400	140.7361091308532	30.28082554617273	229.93166941873784	25.867641910695635	-71.54572296142578	2026-05-19T01:22:46.400
1779124966500	140.75286871108813	30.268780858998614	229.94911784137548	25.857247184424782	-71.54572296142578	2026-05-19T01:22:46.500
1779124966600	140.7696156239286	30.255737214198337	229.96667582623442	25.84585868867164	-71.54572296142578	2026-05-19T01:22:46.600
1779124966700	140.78635837811757	30.24369259699372	229.98410938434458	25.835463294198362	-71.54572296142578	2026-05-19T01:22:46.700
1779124966800	140.80309192213684	30.23164801496622	230.00153474529216	25.825067488817663	-71.54572296142578	2026-05-19T01:22:46.800
1779124966900	140.81981120777442	30.218604482049408	230.01906816014497	25.813677772733087	-71.54572296142578	2026-05-19T01:22:46.900
1779124967000	140.83652473878132	30.206559975168087	230.03647560825158	25.803280999164887	-71.54572296142578	2026-05-19T01:22:47.000
1779124967100	140.85322754569924	30.194515507987994	230.05387341045787	25.792883673901713	-71.54572296142578	2026-05-19T01:22:47.100
1779124967200	140.86991498056318	30.1814721003651	230.07137821248608	25.781492344963375	-71.54572296142578	2026-05-19T01:22:47.200
1779124967300	140.88659601941774	30.169427720919924	230.08875641792238	25.771093893136133	-71.54572296142578	2026-05-19T01:22:47.300
1779124967400	140.9032660930621	30.157383392115666	230.10612474211626	25.760694874978892	-71.54572296142578	2026-05-19T01:22:47.400
1779124967500	140.9199206354341	30.144340106673496	230.1235999256212	25.74930182353971	-71.54572296142578	2026-05-19T01:22:47.500
1779124967600	140.93656861773462	30.13229585777038	230.14094833751432	25.73890163495336	-71.54572296142578	2026-05-19T01:22:47.600
1779124967700	140.95320547314117	30.120251645834372	230.15828671155128	25.72850084838623	-71.54572296142578	2026-05-19T01:22:47.700
1779124967800	140.96983114781472	30.108207478487333	230.17561499410098	25.718099465392733	-71.54572296142578	2026-05-19T01:22:47.800
1779124967900	140.98644107909507	30.09516437731805	230.1930499436641	25.706704053744378	-71.54572296142578	2026-05-19T01:22:47.900
1779124968000	141.00304423145448	30.083120294287305	230.21035789132662	25.696301456496673	-71.54572296142578	2026-05-19T01:22:48.000
1779124968100	141.01963617490327	30.071076253678058	230.22765571686313	25.68589825518346	-71.54572296142578	2026-05-19T01:22:48.100
1779124968200	141.03621752285687	30.059032261128962	230.2449440038197	25.675494512491877	-71.54572296142578	2026-05-19T01:22:48.200
1779124968300	141.05278451660064	30.045989329679777	230.26234029707854	25.6640968694813	-71.54572296142578	2026-05-19T01:22:48.300
1779124968400	141.06934691476295	30.03394540785627	230.27961165063908	25.65369222966098	-71.54572296142578	2026-05-19T01:22:48.400
1779124968500	141.08590095787255	30.021901518151722	230.29687560277137	25.64328724211543	-71.54572296142578	2026-05-19T01:22:48.500
1779124968600	141.10244739279707	30.00985766816132	230.3141328645413	25.632881984376088	-71.54572296142578	2026-05-19T01:22:48.600
1779124968700	141.1189869662545	29.99781383272832	230.33138415093808	25.62247650147585	-71.54572296142578	2026-05-19T01:22:48.700
1779124968800	141.13551592372525	29.984771057224734	230.34874702975546	25.61107747445549	-71.54572296142578	2026-05-19T01:22:48.800
1779124968900	141.1520440156883	29.972727287003057	230.3659885032767	25.600671789069622	-71.54572296142578	2026-05-19T01:22:48.900
1779124969000	141.16856748667666	29.960683534344938	230.38322613774906	25.59026609208472	-71.54572296142578	2026-05-19T01:22:49.000
1779124969100	141.18508647012206	29.948639791078566	230.40046006087394	25.579860387563247	-71.54572296142578	2026-05-19T01:22:49.100
1779124969200	141.20159864621795	29.936596087568457	230.41768805311122	25.569454485268537	-71.54572296142578	2026-05-19T01:22:49.200
1779124969300	141.21809658428353	29.923553446795218	230.43502419661374	25.558054702466503	-71.54572296142578	2026-05-19T01:22:49.300
1779124969400	141.2345863466373	29.911509827315093	230.45223192576194	25.54764757387478	-71.54572296142578	2026-05-19T01:22:49.400
1779124969500	141.25106050187236	29.899466262991705	230.46942531519497	25.537239425529947	-71.54572296142578	2026-05-19T01:22:49.500
1779124969600	141.26751611679228	29.887422768253913	230.48660156017806	25.52682999213481	-71.54572296142578	2026-05-19T01:22:49.600
1779124969700	141.2839502581808	29.875379351170878	230.50375785636632	25.51641900179534	-71.54572296142578	2026-05-19T01:22:49.700
1779124969800	141.30035549955386	29.862337056302042	230.52100830678904	25.50501279923819	-71.54572296142578	2026-05-19T01:22:49.800
1779124969900	141.31673789509523	29.850293826665425	230.53811629529937	25.494597887607373	-71.54572296142578	2026-05-19T01:22:49.900
1779124970000	141.33309001753955	29.83825070557676	230.55519591902276	25.484180608367925	-71.54572296142578	2026-05-19T01:22:50.000
1779124970100	141.34941025322067	29.826207703787528	230.57224563224543	25.47376081660755	-71.54572296142578	2026-05-19T01:22:50.100
1779124970200	141.3657022663133	29.81416479427672	230.58926893507942	25.463338831407555	-71.54572296142578	2026-05-19T01:22:50.200
1779124970300	141.3819665513943	29.801123015718158	230.6063875167782	25.451921750835403	-71.54572296142578	2026-05-19T01:22:50.300
1779124970400	141.39821707129957	29.789080258485658	230.62337228175574	25.441496763829775	-71.54572296142578	2026-05-19T01:22:50.400
1779124970500	141.4144543197762	29.777037560043034	230.64034491554938	25.431070966722714	-71.54572296142578	2026-05-19T01:22:50.500
1779124970600	141.43068328042918	29.764994890392078	230.6573101813215	25.420644802822626	-71.54572296142578	2026-05-19T01:22:50.600
1779124970700	141.44690445098635	29.751953276264928	230.67438979023362	25.40922536588946	-71.54572296142578	2026-05-19T01:22:50.700
1779124970800	141.4631317877942	29.73991063078033	230.69135461020943	25.398799857878814	-71.54572296142578	2026-05-19T01:22:50.800
1779124970900	141.47936578763657	29.727867953885877	230.70832635177229	25.3883753453843	-71.54572296142578	2026-05-19T01:22:50.900
1779124971000	141.49561143422466	29.715825252618476	230.72530977615662	25.37795231037941	-71.54572296142578	2026-05-19T01:22:51.000
1779124971100	141.51187204781388	29.703782508483574	230.74230805889442	25.36753105145455	-71.54572296142578	2026-05-19T01:22:51.100
1779124971200	141.5281442954456	29.691739724131487	230.7593180160818	25.357111254565403	-71.54572296142578	2026-05-19T01:22:51.200
1779124971300	141.54442318097387	29.67969693039182	230.77633487072433	25.346692474851693	-71.54572296142578	2026-05-19T01:22:51.300
1779124971400	141.56070370813026	29.66765412741039	230.79335384881998	25.33627423648072	-71.54572296142578	2026-05-19T01:22:51.400
1779124971500	141.57698088080676	29.655611347755	230.81037017196994	25.32585609539942	-71.54572296142578	2026-05-19T01:22:51.500
1779124971600	141.5932452240932	29.642569643092184	230.82749605624107	25.314444232651862	-71.54572296142578	2026-05-19T01:22:51.600
1779124971700	141.60950070009594	29.63052695424648	230.844492743166	25.304024900355035	-71.54572296142578	2026-05-19T01:22:51.700
1779124971800	141.6257378331228	29.61848432806468	230.86147244315376	25.293604272389686	-71.54572296142578	2026-05-19T01:22:51.800
1779124971900	141.64195162707637	29.606441786182923	230.878430376684	25.283181891996982	-71.54572296142578	2026-05-19T01:22:51.900
1779124972000	141.65813708587874	29.594399351234753	230.8953617635242	25.272757302954727	-71.54572296142578	2026-05-19T01:22:52.000
1779124972100	141.67429054546452	29.582357030187005	230.91226309786978	25.26233016021279	-71.54572296142578	2026-05-19T01:22:52.100
1779124972200	141.6904136699698	29.57031481255834	230.92913596843482	25.25190060997844	-71.54572296142578	2026-05-19T01:22:52.200
1779124972300	141.70650498256165	29.55727374350176	230.94610026021567	25.240475597729127	-71.54572296142578	2026-05-19T01:22:52.300
1779124972400	141.7225764263804	29.545231723725024	230.96292479214537	25.23004207742029	-71.54572296142578	2026-05-19T01:22:52.400
1779124972500	141.73862652363442	29.533189764988993	230.9797294491666	25.21960696045652	-71.54572296142578	2026-05-19T01:22:52.500
1779124972600	141.75465827062814	29.52114788680855	230.9965170910335	25.209170551120913	-71.54572296142578	2026-05-19T01:22:52.600
1779124972700	141.77067466347913	29.509106068977292	231.01329058251204	25.198733114472127	-71.54572296142578	2026-05-19T01:22:52.700
1779124972800	141.78667422928956	29.496065342150604	231.03016983306284	25.18730158990327	-71.54572296142578	2026-05-19T01:22:52.800
1779124972900	141.8026689030845	29.484023611307403	231.04692362083614	25.176862923053324	-71.54572296142578	2026-05-19T01:22:52.900
1779124973000	141.81865721115935	29.471981907637296	231.06367185143358	25.16642405298581	-71.54572296142578	2026-05-19T01:22:53.000
1779124973100	141.83464148594257	29.459940216026215	231.080416755913	25.155985187382075	-71.54572296142578	2026-05-19T01:22:53.100
1779124973200	141.85062140528615	29.44789855183145	231.0971580237803	25.145546310263164	-71.54572296142578	2026-05-19T01:22:53.200
1779124973300	141.86659598323428	29.435856900625936	231.11389471340982	25.135107312447232	-71.54572296142578	2026-05-19T01:22:53.300
1779124973400	141.88255976990766	29.42281635465339	231.13074294573198	25.12367482252167	-71.54572296142578	2026-05-19T01:22:53.400
1779124973500	141.8985207083683	29.410774768904137	231.14746764826057	25.11323533909885	-71.54572296142578	2026-05-19T01:22:53.500
1779124973600	141.91447334783078	29.398733208367464	231.16418494045453	25.102795462093308	-71.54572296142578	2026-05-19T01:22:53.600
1779124973700	141.9304167025675	29.386691707145285	231.1808938745348	25.092355130225517	-71.54572296142578	2026-05-19T01:22:53.700
1779124973800	141.94634978654008	29.374650229145633	231.19759351083326	25.081914212330187	-71.54572296142578	2026-05-19T01:22:53.800
1779124973900	141.96227161404116	29.362608811765167	231.21428290095312	25.07147265022848	-71.54572296142578	2026-05-19T01:22:53.900
1779124974000	141.9781811990903	29.350567430606198	231.23096110362513	25.061030324208513	-71.54572296142578	2026-05-19T01:22:54.000
1779124974100	141.9940778781465	29.338526107945075	231.24762748017616	25.050587191798343	-71.54572296142578	2026-05-19T01:22:54.100
1779124974200	142.0099622763616	29.326484816475457	231.2642826304344	25.040143284859873	-71.54572296142578	2026-05-19T01:22:54.200
1779124974300	142.0258353413866	29.31444359007334	231.28092745533226	25.029698727079584	-71.54572296142578	2026-05-19T01:22:54.300
1779124974400	142.04169802057004	29.30240239549682	231.29756286378256	25.01925357549065	-71.54572296142578	2026-05-19T01:22:54.400
1779124974500	142.05755126141648	29.290361235052163	231.31418976064361	25.008807922558926	-71.54572296142578	2026-05-19T01:22:54.500
1779124974600	142.07339155692333	29.27732118763096	231.3309261667431	24.997368585267033	-71.54572296142578	2026-05-19T01:22:54.600
1779124974700	142.08922876438993	29.26528010322158	231.34753875951034	24.986922209603428	-71.54572296142578	2026-05-19T01:22:54.700
1779124974800	142.1050593759197	29.2532390382542	231.3641455584546	24.976475589016278	-71.54572296142578	2026-05-19T01:22:54.800
1779124974900	142.12088433906914	29.241198009185165	231.38074746722484	24.966028830380935	-71.54572296142578	2026-05-19T01:22:54.900
1779124975000	142.13670460126278	29.229157003486176	231.3973453929801	24.955582011836462	-71.54572296142578	2026-05-19T01:22:55.000
1779124975100	142.152520484702	29.217116012310736	231.4139396443881	24.9451351551388	-71.54572296142578	2026-05-19T01:22:55.100
1779124975200	142.16832981077198	29.2050750558942	231.43052813398717	24.934688070420854	-71.54572296142578	2026-05-19T01:22:55.200
1779124975300	142.1841297755815	29.193034144010614	231.44710817707946	24.924240497064588	-71.54572296142578	2026-05-19T01:22:55.300
1779124975400	142.19991757517312	29.180993269747677	231.4636770905966	24.913792157612544	-71.54572296142578	2026-05-19T01:22:55.400
1779124975500	142.2156859583993	29.167953532543976	231.48034933855018	24.90234954055558	-71.54572296142578	2026-05-19T01:22:55.500
1779124975600	142.2314410168108	29.155912782340252	231.49688793823935	24.891898906064082	-71.54572296142578	2026-05-19T01:22:55.600
1779124975700	142.2471754984409	29.143872107716405	231.51340735026676	24.881446729985473	-71.54572296142578	2026-05-19T01:22:55.700
1779124975800	142.26288659947053	29.131831525769158	231.5299048874389	24.87099275775145	-71.54572296142578	2026-05-19T01:22:55.800
1779124975900	142.27857151599832	29.119791033308204	231.54637786461714	24.860536714378092	-71.54572296142578	2026-05-19T01:22:55.900
1779124976000	142.29422744422016	29.107750647253347	231.5628235939804	24.850078344635055	-71.54572296142578	2026-05-19T01:22:56.000
1779124976100	142.30985275862247	29.09571037874216	231.57924051571777	24.83961750087835	-71.54572296142578	2026-05-19T01:22:56.100
1779124976200	142.32545054678508	29.083670206943147	231.59563158434082	24.829154457950647	-71.54572296142578	2026-05-19T01:22:56.200
1779124976300	142.3410250746262	29.071630120102395	231.612000881382	24.818689613622844	-71.54572296142578	2026-05-19T01:22:56.300
1779124976400	142.35658060803968	29.059590103675124	231.62835248919947	24.808223363265654	-71.54572296142578	2026-05-19T01:22:56.400
1779124976500	142.37212141290522	29.047550142661674	231.64469049070183	24.7977561021708	-71.54572296142578	2026-05-19T01:22:56.500
1779124976600	142.3876517551538	29.03551023631924	231.66101896762112	24.787288240178	-71.54572296142578	2026-05-19T01:22:56.600
1779124976700	142.40317590051544	29.02347034135526	231.6773420071766	24.776820145190065	-71.54572296142578	2026-05-19T01:22:56.700
1779124976800	142.41869811493476	29.01143046542248	231.69366369110568	24.766352236136093	-71.54572296142578	2026-05-19T01:22:56.800
1779124976900	142.4342226642267	28.999390589741562	231.7099881047403	24.75588490603307	-71.54572296142578	2026-05-19T01:22:56.900
1779124977000	142.44975381423356	28.987350704331863	231.7263193328739	24.745418557016244	-71.54572296142578	2026-05-19T01:22:57.000
1779124977100	142.46529474393088	28.97531078778457	231.74266042172746	24.73495347523346	-71.54572296142578	2026-05-19T01:22:57.100
1779124977200	142.48084428520556	28.963270849102866	231.7590102525688	24.72448955727804	-71.54572296142578	2026-05-19T01:22:57.200
1779124977300	142.49640018315503	28.95123089951318	231.7753666658002	24.714026596811774	-71.54572296142578	2026-05-19T01:22:57.300
1779124977400	142.51196018281664	28.93919093533793	231.7917275033115	24.703564372481512	-71.54572296142578	2026-05-19T01:22:57.400
1779124977500	142.5275220293296	28.927150974341092	231.80809060421615	24.693102684058154	-71.54572296142578	2026-05-19T01:22:57.500
1779124977600	142.54307903716725	28.91411212438062	231.82457103215964	24.68164810878086	-71.54572296142578	2026-05-19T01:22:57.600
1779124977700	142.55863781340835	28.902072178101115	231.8409321850177	24.671186847335832	-71.54572296142578	2026-05-19T01:22:57.700
1779124977800	142.5741916719039	28.890032276820573	231.85728911838083	24.6607255085301	-71.54572296142578	2026-05-19T01:22:57.800
1779124977900	142.5897383576179	28.877992393252523	231.87363967560447	24.65026384655915	-71.54572296142578	2026-05-19T01:22:57.900
1779124978000	142.60527561577615	28.865952557701267	231.88998169302624	24.639801672686634	-71.54572296142578	2026-05-19T01:22:58.000
1779124978100	142.62080135916926	28.853912758036817	231.90631317234005	24.62933877203158	-71.54572296142578	2026-05-19T01:22:58.100
1779124978200	142.63631417175392	28.841873021269954	231.92263275296656	24.618875033434197	-71.54572296142578	2026-05-19T01:22:58.200
1779124978300	142.65181280504524	28.829833331067604	231.9389392398968	24.608410318766175	-71.54572296142578	2026-05-19T01:22:58.300
1779124978400	142.66729601070142	28.81779370265166	231.95523143427602	24.59794452116809	-71.54572296142578	2026-05-19T01:22:58.400
1779124978500	142.68276254032259	28.805754137378848	231.97150813873472	24.58747751988843	-71.54572296142578	2026-05-19T01:22:58.500
1779124978600	142.6982111455202	28.793714638376695	231.9877681555541	24.577009195830883	-71.54572296142578	2026-05-19T01:22:58.600
1779124978700	142.71364057794247	28.781675216354678	232.0040102859838	24.566539437332562	-71.54572296142578	2026-05-19T01:22:58.700
1779124978800	142.72904958919668	28.76963587200824	232.02023333230792	24.556068122668883	-71.54572296142578	2026-05-19T01:22:58.800
1779124978900	142.74443693092132	28.757596612352035	232.03643609592774	24.54559513629396	-71.54572296142578	2026-05-19T01:22:58.900
1779124979000	142.75980135472065	28.745557435894803	232.05261737910274	24.53512035410056	-71.54572296142578	2026-05-19T01:22:59.000
1779124979100	142.77514202802246	28.7335183442293	232.0687763818904	24.524643695294067	-71.54572296142578	2026-05-19T01:22:59.100
1779124979200	142.79045978148974	28.72147934070284	232.08491389729818	24.51416524219101	-71.54572296142578	2026-05-19T01:22:59.200
1779124979300	142.80575586147853	28.709440403624864	232.1010311196946	24.503685092654035	-71.54572296142578	2026-05-19T01:22:59.300
1779124979400	142.82103151454282	28.69740155683206	232.11712923824766	24.49320338992133	-71.54572296142578	2026-05-19T01:22:59.400
1779124979500	142.83629240280652	28.686361682384625	232.13309215969247	24.483713423854653	-71.54572296142578	2026-05-19T01:22:59.500
1779124979600	142.85153094038202	28.674322973474116	232.14915564903345	24.473228930079664	-71.54572296142578	2026-05-19T01:22:59.600
1779124979700	142.86675279026827	28.662284334622186	232.16520361369962	24.462743222260578	-71.54572296142578	2026-05-19T01:22:59.700
1779124979800	142.88195919882972	28.650245749951907	232.1812372480949	24.452256404578524	-71.54572296142578	2026-05-19T01:22:59.800
1779124979900	142.89715141248345	28.63820721627323	232.19725774527677	24.441768593935482	-71.54572296142578	2026-05-19T01:22:59.900
1779124980000	142.91233067769744	28.626168742642122	232.21326629700752	24.431279919515582	-71.54572296142578	2026-05-19T01:23:00.000
1779124980100	142.9274984106106	28.614130314598487	232.22926426063313	24.420790503738534	-71.54572296142578	2026-05-19T01:23:00.100
1779124980200	142.94265670652402	28.60209192967168	232.2452536429901	24.410300547123597	-71.54572296142578	2026-05-19T01:23:00.200
1779124980300	142.9578078304609	28.59005357393979	232.26123661518713	24.399810255499087	-71.54572296142578	2026-05-19T01:23:00.300
1779124980400	142.97295404748925	28.578015245060115	232.27721534723028	24.389319846396532	-71.54572296142578	2026-05-19T01:23:00.400
1779124980500	142.98809762260507	28.565976925732294	232.29319201113893	24.3788295226655	-71.54572296142578	2026-05-19T01:23:00.500
1779124980600	143.0032408209005	28.553938621793794	232.30916877647184	24.368339510350573	-71.54572296142578	2026-05-19T01:23:00.600
1779124980700	143.01838590734755	28.541900313202863	232.32514781608344	24.35785000995494	-71.54572296142578	2026-05-19T01:23:00.700
1779124980800	143.03353514702368	28.529862005222455	232.34113130011193	24.34736124733086	-71.54572296142578	2026-05-19T01:23:00.800
1779124980900	143.04869080492543	28.517823686116042	232.35712140094793	24.336873431617853	-71.54572296142578	2026-05-19T01:23:00.900
1779124981000	143.06385514600777	28.505785336101972	232.37312029218268	24.326386764145855	-71.54572296142578	2026-05-19T01:23:01.000
1779124981100	143.07902934044515	28.493746966075655	232.38912909461467	24.315901370224136	-71.54572296142578	2026-05-19T01:23:01.100
1779124981200	143.0942101787376	28.48170857926364	232.4051447321716	24.305416940698766	-71.54572296142578	2026-05-19T01:23:01.200
1779124981300	143.10939335649843	28.469670181829134	232.42116307856728	24.29493306231003	-71.54572296142578	2026-05-19T01:23:01.300
1779124981400	143.12457456948215	28.45763180946262	232.43718000356074	24.284449350795622	-71.54572296142578	2026-05-19T01:23:01.400
1779124981500	143.13975391344795	28.446592343076585	232.45307403589328	24.274958530292224	-71.54572296142578	2026-05-19T01:23:01.500
1779124981600	143.15491828303783	28.43455404344521	232.46907573249862	24.26447391308184	-71.54572296142578	2026-05-19T01:23:01.600
1779124981700	143.17006777482615	28.422515794982	232.48506362360757	24.253988227297395	-71.54572296142578	2026-05-19T01:23:01.700
1779124981800	143.1851980845889	28.410477627906904	232.5010335776913	24.243501081802012	-71.54572296142578	2026-05-19T01:23:01.800
1779124981900	143.20030490802986	28.398439553538452	232.51698146495886	24.23301206630944	-71.54572296142578	2026-05-19T01:23:01.900
1779124982000	143.21538394085192	28.386401580413217	232.5329031554651	24.222520767412373	-71.54572296142578	2026-05-19T01:23:02.000
1779124982100	143.23043208748211	28.374363704683702	232.54879567915987	24.212026877097504	-71.54572296142578	2026-05-19T01:23:02.100
1779124982200	143.2454510875507	28.36232595170251	232.5646606980351	24.201530588472863	-71.54572296142578	2026-05-19T01:23:02.200
1779124982300	143.2604438891938	28.350288288730894	232.5805010400949	24.19103215514755	-71.54572296142578	2026-05-19T01:23:02.300
1779124982400	143.27541344067404	28.338250713663857	232.59631953007676	24.180531861435103	-71.54572296142578	2026-05-19T01:23:02.400
1779124982500	143.29036269023626	28.32621322202356	232.61211899332977	24.170029989535724	-71.54572296142578	2026-05-19T01:23:02.500
1779124982600	143.30529458605918	28.314175796107993	232.62790225708864	24.159526808746325	-71.54572296142578	2026-05-19T01:23:02.600
1779124982700	143.32021207631516	28.30213841853736	232.64367214888125	24.14902258892814	-71.54572296142578	2026-05-19T01:23:02.700
1779124982800	143.33511810928317	28.29010109790303	232.6594314935142	24.138517626007175	-71.54572296142578	2026-05-19T01:23:02.800
1779124982900	143.35001563308975	28.278063809900715	232.6751831199895	24.12801218344561	-71.54572296142578	2026-05-19T01:23:02.900
1779124983000	143.36490759595623	28.26602655350025	232.6909298549037	24.117506548087626	-71.54572296142578	2026-05-19T01:23:03.000
1779124983100	143.37979620691303	28.25398930757149	232.7066738187174	24.10700091469518	-71.54572296142578	2026-05-19T01:23:03.100
1779124983200	143.39468071879242	28.241952093233476	232.72241429178231	24.096495230798535	-71.54572296142578	2026-05-19T01:23:03.200
1779124983300	143.40955964522468	28.229914906578305	232.73814984844046	24.085989346614728	-71.54572296142578	2026-05-19T01:23:03.300
1779124983400	143.42443588519313	28.21887659672587	232.75376167155179	24.076476205884838	-71.54572296142578	2026-05-19T01:23:03.400
1779124983500	143.4392991809512	28.20683947396617	232.76948311306887	24.065969490254133	-71.54572296142578	2026-05-19T01:23:03.500
1779124983600	143.4541524323404	28.19480240456482	232.78519535583973	24.055462161447753	-71.54572296142578	2026-05-19T01:23:03.600
1779124983700	143.46899415293763	28.182765368961075	232.80089697539069	24.044954053637785	-71.54572296142578	2026-05-19T01:23:03.700
1779124983800	143.4838272388226	28.171727239130725	232.8164691402852	24.035438128024456	-71.54572296142578	2026-05-19T01:23:03.800
1779124983900	143.4986414382744	28.15969031904891	232.8321452245621	24.02492806907036	-71.54572296142578	2026-05-19T01:23:03.900
1779124984000	143.51343964805594	28.147653458090165	232.8478064013692	24.014416816436235	-71.54572296142578	2026-05-19T01:23:04.000
1779124984100	143.52822112914757	28.135616664612233	232.86345195917255	24.00390430486524	-71.54572296142578	2026-05-19T01:23:04.100
1779124984200	143.54298813152687	28.12357993173835	232.87908405572276	23.993390747121616	-71.54572296142578	2026-05-19T01:23:04.200
1779124984300	143.55774365242308	28.111543250861036	232.89470556613816	23.982876427753638	-71.54572296142578	2026-05-19T01:23:04.300
1779124984400	143.5724906889686	28.09950659299	232.91031936826542	23.972361611287564	-71.54572296142578	2026-05-19T01:23:04.400
1779124984500	143.58723661545844	28.0884688232045	232.92581091629498	23.962839683949785	-71.54572296142578	2026-05-19T01:23:04.500
1779124984600	143.6019756742676	28.076432209326626	232.94141792463267	23.95232475114309	-71.54572296142578	2026-05-19T01:23:04.600
1779124984700	143.61671524043402	28.064395612812874	232.9570258506515	23.94181019712913	-71.54572296142578	2026-05-19T01:23:04.700
1779124984800	143.63145831108753	28.05235901105976	232.97263757276704	23.93129629375105	-71.54572296142578	2026-05-19T01:23:04.800
1779124984900	143.64620788339045	28.0403223905433	232.988255968658	23.920783322120336	-71.54572296142578	2026-05-19T01:23:04.900
1779124985000	143.6609669545576	28.028285751487925	233.0038839147165	23.910271577258605	-71.54572296142578	2026-05-19T01:23:05.000
1779124985100	143.67573727213744	28.016249085961245	233.0195230894756	23.899761223504584	-71.54572296142578	2026-05-19T01:23:05.100
1779124985200	143.69051558522943	28.004212396241897	233.03517037373078	23.88925194413077	-71.54572296142578	2026-05-19T01:23:05.200
1779124985300	143.70530176420354	27.993174535291857	233.05070401106747	23.879736368280057	-71.54572296142578	2026-05-19T01:23:05.300
1779124985400	143.7200825662832	27.981137864220194	233.06635454825647	23.86922797643313	-71.54572296142578	2026-05-19T01:23:05.400
1779124985500	143.73485786248776	27.969101203127448	233.08200023391353	23.858719365493503	-71.54572296142578	2026-05-19T01:23:05.500
1779124985600	143.74962315253006	27.9570645982956	233.09763674260748	23.848210138268485	-71.54572296142578	2026-05-19T01:23:05.600
1779124985700	143.7643739358851	27.94502803908785	233.11325975510556	23.837699840614814	-71.54572296142578	2026-05-19T01:23:05.700
1779124985800	143.77911007931178	27.93399040187823	233.12874749741698	23.82818111729373	-71.54572296142578	2026-05-19T01:23:05.800
1779124985900	143.7938183474535	27.921954007433687	233.14433054343564	23.817667418584612	-71.54572296142578	2026-05-19T01:23:05.900
1779124986000	143.80849860782337	27.90991772341803	233.15988712128063	23.80715138101969	-71.54572296142578	2026-05-19T01:23:06.000
1779124986100	143.82314761019543	27.897881548575214	233.17541410871857	23.796632681473636	-71.54572296142578	2026-05-19T01:23:06.100
1779124986200	143.83776710524842	27.885845492148697	233.19091318231014	23.786111499600167	-71.54572296142578	2026-05-19T01:23:06.200
1779124986300	143.85236009370303	27.873809525522834	233.20638722339237	23.77558810073069	-71.54572296142578	2026-05-19T01:23:06.300
1779124986400	143.86692957643257	27.861773656726257	233.22183910932404	23.76506278687053	-71.54572296142578	2026-05-19T01:23:06.400
1779124986500	143.88148291589005	27.850736694937385	233.2371542586459	23.755528866174732	-71.54572296142578	2026-05-19T01:23:06.500
1779124986600	143.89601438861735	27.838700960845916	233.2525704759424	23.74500054365217	-71.54572296142578	2026-05-19T01:23:06.600
1779124986700	143.91053135794618	27.826665291905048	233.26797317884183	23.734471157163842	-71.54572296142578	2026-05-19T01:23:06.700
1779124986800	143.9250368246151	27.814629672214878	233.28336524882806	23.723940985883054	-71.54572296142578	2026-05-19T01:23:06.800
1779124986900	143.939533789386	27.802594092843183	233.29874956689358	23.713410316147975	-71.54572296142578	2026-05-19T01:23:06.900
1779124987000	143.95402525301657	27.790558545658495	233.31412901426336	23.702879435329873	-71.54572296142578	2026-05-19T01:23:07.000
1779124987100	143.96851346597026	27.77852301240837	233.3295057533251	23.692348546940217	-71.54572296142578	2026-05-19T01:23:07.100
1779124987200	143.98299767782663	27.766487495946976	233.34487906272983	23.681817579456112	-71.54572296142578	2026-05-19T01:23:07.200
1779124987300	143.99747638801392	27.754452019505084	233.36024749825575	23.671286407490403	-71.54572296142578	2026-05-19T01:23:07.300
1779124987400	144.0119524506181	27.743415386439374	233.37549214203668	23.66174788049662	-71.54572296142578	2026-05-19T01:23:07.400
1779124987500	144.02641565464833	27.73137997940807	233.39084650432665	23.651215841981962	-71.54572296142578	2026-05-19T01:23:07.500
1779124987600	144.04086885499623	27.719344608705892	233.4061916677469	23.640683149164815	-71.54572296142578	2026-05-19T01:23:07.600
1779124987700	144.05531055104439	27.70730928377324	233.42152618905183	23.630149662478807	-71.54572296142578	2026-05-19T01:23:07.700
1779124987800	144.06973924217544	27.695274013222246	233.4368486249319	23.619615241417495	-71.54572296142578	2026-05-19T01:23:07.800
1779124987900	144.08415777886555	27.68423763023975	233.45204004356725	23.61007275894081	-71.54572296142578	2026-05-19T01:23:07.900
1779124988000	144.0985559575139	27.672202484313125	233.4673339776964	23.59953603613918	-71.54572296142578	2026-05-19T01:23:08.000
1779124988100	144.112937379797	27.660167405928178	233.4826122177723	23.588998018347276	-71.54572296142578	2026-05-19T01:23:08.100
1779124988200	144.12730864602074	27.64913119530519	233.49775943306355	23.579451913178545	-71.54572296142578	2026-05-19T01:23:08.200
1779124988300	144.1416640597537	27.637096225608584	233.51301349060643	23.56891201725327	-71.54572296142578	2026-05-19T01:23:08.300
1779124988400	144.15601097243402	27.625061283538923	233.52825978405994	23.55837160046653	-71.54572296142578	2026-05-19T01:23:08.400
1779124988500	144.17035673266727	27.614025193071594	233.54338369554577	23.548823965596956	-71.54572296142578	2026-05-19T01:23:08.500
1779124988600	144.18469564833507	27.60199030287637	233.55862310803332	23.53828339226787	-71.54572296142578	2026-05-19T01:23:08.600
1779124988700	144.19903506871648	27.589955418926955	233.57386340780934	23.52774316690447	-71.54572296142578	2026-05-19T01:23:08.700
1779124988800	144.21337799576264	27.577920544032022	233.58910747813923	23.517203589458813	-71.54572296142578	2026-05-19T01:23:08.800
1779124988900	144.22773177481963	27.566884445114333	233.60424070175156	23.507657902524702	-71.54572296142578	2026-05-19T01:23:08.900
1779124989000	144.24209071994684	27.554849526023023	233.61950097116795	23.497120450303452	-71.54572296142578	2026-05-19T01:23:09.000
1779124989100	144.2564609261678	27.542814579677433	233.63477246609156	23.486584378820595	-71.54572296142578	2026-05-19T01:23:09.100
1779124989200	144.27083913947902	27.530779608937838	233.6500520606951	23.476049369038428	-71.54572296142578	2026-05-19T01:23:09.200
1779124989300	144.28522519538382	27.519743439876397	233.6652179113448	23.466507974418654	-71.54572296142578	2026-05-19T01:23:09.300
1779124989400	144.29960590681216	27.50770848169813	233.6805007123643	23.455973809186684	-71.54572296142578	2026-05-19T01:23:09.400
1779124989500	144.31398111000985	27.49567355081946	233.6957786217555	23.445439417586982	-71.54572296142578	2026-05-19T01:23:09.500
1779124989600	144.32834629993383	27.483638674231152	233.71104730697158	23.434904379267987	-71.54572296142578	2026-05-19T01:23:09.600
1779124989700	144.34269697138186	27.47160383984826	233.7263024395811	23.424368234682287	-71.54572296142578	2026-05-19T01:23:09.700
1779124989800	144.35703295624572	27.46056788952657	233.7414221628019	23.41482354577179	-71.54572296142578	2026-05-19T01:23:09.800
1779124989900	144.3713410749643	27.448533229614863	233.7566371867793	23.4042839331336	-71.54572296142578	2026-05-19T01:23:09.900
1779124990000	144.3856211600527	27.436498665086056	233.77182565949425	23.39374192242333	-71.54572296142578	2026-05-19T01:23:10.000
1779124990100	144.39986995989491	27.42446422419292	233.78698445031276	23.383197217230038	-71.54572296142578	2026-05-19T01:23:10.100
1779124990200	144.4140935700502	27.413428693109747	233.80199772280903	23.373642940699558	-71.54572296142578	2026-05-19T01:23:10.200
1779124990300	144.42828633703957	27.40139445749348	233.8171034292453	23.363093447369174	-71.54572296142578	2026-05-19T01:23:10.300
1779124990400	144.4424556106142	27.38936032057209	233.8321869374184	23.352542003226663	-71.54572296142578	2026-05-19T01:23:10.400
1779124990500	144.45660440576484	27.377326259740627	233.84725114564813	23.341988883875644	-71.54572296142578	2026-05-19T01:23:10.500
1779124990600	144.4707400683968	27.366291055484837	233.86218141768947	23.332427327845615	-71.54572296142578	2026-05-19T01:23:10.600
1779124990700	144.48485695109767	27.3542571289579	233.87721571537307	23.321871734427088	-71.54572296142578	2026-05-19T01:23:10.700
1779124990800	144.4989624004241	27.34222323833329	233.892239406774	23.3113153214673	-71.54572296142578	2026-05-19T01:23:10.800
1779124990900	144.51306376012226	27.331188180075	233.90713784992545	23.301751340881513	-71.54572296142578	2026-05-19T01:23:10.900
1779124991000	144.5271553871454	27.319154368920454	233.9221490180151	23.291194192654903	-71.54572296142578	2026-05-19T01:23:11.000
1779124991100	144.54124386444934	27.307120563212727	233.93715754333476	23.280637016572996	-71.54572296142578	2026-05-19T01:23:11.100
1779124991200	144.55533272677323	27.296085577820055	233.95204511852452	23.271072701632253	-71.54572296142578	2026-05-19T01:23:11.200
1779124991300	144.5694117672506	27.284051830854647	233.96704533498217	23.260515203456073	-71.54572296142578	2026-05-19T01:23:11.300
1779124991400	144.58348375991196	27.27201811342589	233.98203915697354	23.249957312523513	-71.54572296142578	2026-05-19T01:23:11.400
1779124991500	144.59754715167415	27.259984448945165	233.99702508785325	23.239398897026966	-71.54572296142578	2026-05-19T01:23:11.500
1779124991600	144.6116047127306	27.248949600539405	234.01188408832988	23.229832714173288	-71.54572296142578	2026-05-19T01:23:11.600
1779124991700	144.62564624226908	27.236916012731285	234.02684975719342	23.219272753763093	-71.54572296142578	2026-05-19T01:23:11.700
1779124991800	144.63967451143088	27.22488249045026	234.0418030508357	23.208711815351908	-71.54572296142578	2026-05-19T01:23:11.800
1779124991900	144.6536922882527	27.213847804512216	234.05662492416943	23.199142660298847	-71.54572296142578	2026-05-19T01:23:11.900
1779124992000	144.66768937636806	27.201814407204385	234.07154898346562	23.188579292071328	-71.54572296142578	2026-05-19T01:23:12.000
1779124992100	144.68166933644463	27.189781078410906	234.08645694445542	23.178014560729046	-71.54572296142578	2026-05-19T01:23:12.100
1779124992200	144.69563889343198	27.178746584046227	234.10123356485644	23.168441613908985	-71.54572296142578	2026-05-19T01:23:12.200
1779124992300	144.70959260630457	27.16671337476538	234.1161170277659	23.15787493319834	-71.54572296142578	2026-05-19T01:23:12.300
1779124992400	144.72354231003627	27.15567896089693	234.13087529877765	23.14830063203367	-71.54572296142578	2026-05-19T01:23:12.400
1779124992500	144.7374825665281	27.1436458072854	234.1457465665398	23.137733210785566	-71.54572296142578	2026-05-19T01:23:12.500
1779124992600	144.7514208917854	27.131612665990527	234.16061635053038	23.127165882052072	-71.54572296142578	2026-05-19T01:23:12.600
1779124992700	144.76536479893304	27.120578307932142	234.17537016361587	23.11759187331892	-71.54572296142578	2026-05-19T01:23:12.700
1779124992800	144.7793088540875	27.108545161827095	234.19024620764034	23.107025655948657	-71.54572296142578	2026-05-19T01:23:12.800
1779124992900	144.79326488505995	27.097510771296335	234.20501243144392	23.09745336727918	-71.54572296142578	2026-05-19T01:23:12.900
1779124993000	144.80722746094912	27.08547759338349	234.2199070406742	23.086889511494775	-71.54572296142578	2026-05-19T01:23:13.000
1779124993100	144.8212026884738	27.073444383534476	234.23481419697063	23.076327160238403	-71.54572296142578	2026-05-19T01:23:13.100
1779124993200	144.8351910489267	27.062409907290714	234.24961264838555	23.066758829819346	-71.54572296142578	2026-05-19T01:23:13.200
1779124993300	144.8491786822189	27.05037667013698	234.26453249162714	23.056198236780777	-71.54572296142578	2026-05-19T01:23:13.300
1779124993400	144.86316466485258	27.038343451975035	234.2794511209621	23.04563777166424	-71.54572296142578	2026-05-19T01:23:13.400
1779124993500	144.87714807034772	27.027309020780404	234.29424592654382	23.036069808650588	-71.54572296142578	2026-05-19T01:23:13.500
1779124993600	144.8911150430477	27.01527588705021	234.30914701120858	23.02550807431215	-71.54572296142578	2026-05-19T01:23:13.600
1779124993700	144.90506465727924	27.003242825383204	234.32403176404483	23.01494494964112	-71.54572296142578	2026-05-19T01:23:13.700
1779124993800	144.9189916770591	26.99120983721601	234.33889514656587	23.00437991161682	-71.54572296142578	2026-05-19T01:23:13.800
1779124993900	144.93289517317356	26.980175727338278	234.3536145377561	22.9948053653854	-71.54572296142578	2026-05-19T01:23:13.900
1779124994000	144.9467612957575	26.96814297496806	234.36842005144112	22.98423501305261	-71.54572296142578	2026-05-19T01:23:14.000
1779124994100	144.96059094606343	26.95611035366296	234.383190830225	22.973661411952108	-71.54572296142578	2026-05-19T01:23:14.100
1779124994200	144.97439234162482	26.945076619254973	234.39781305589872	22.96407782969822	-71.54572296142578	2026-05-19T01:23:14.200
1779124994300	144.98816261581655	26.933044232971152	234.4125274133052	22.953499054514	-71.54572296142578	2026-05-19T01:23:14.300
1779124994400	145.00191611953846	26.922010678120593	234.42710426705523	22.943911386848143	-71.54572296142578	2026-05-19T01:23:14.400
1779124994500	145.01564998904948	26.909978426424587	234.44178430729363	22.93332963026513	-71.54572296142578	2026-05-19T01:23:14.500
1779124994600	145.0293742709432	26.89794622544006	234.4564554772079	22.922747227732035	-71.54572296142578	2026-05-19T01:23:14.600
1779124994700	145.04309900869026	26.886912782853877	234.47100572188347	22.913157579051447	-71.54572296142578	2026-05-19T01:23:14.700
1779124994800	145.05682134305647	26.87488061096262	234.48567573438086	22.90257553534949	-71.54572296142578	2026-05-19T01:23:14.800
1779124994900	145.07055561752082	26.863847164150677	234.5002358744791	22.892987360406647	-71.54572296142578	2026-05-19T01:23:14.900
1779124995000	145.08429897559756	26.85181493453268	234.51492684383598	22.882407890149775	-71.54572296142578	2026-05-19T01:23:15.000
1779124995100	145.09805954766242	26.83978266744901	234.52963474293605	22.87183037080856	-71.54572296142578	2026-05-19T01:23:15.100
1779124995200	145.11183781098356	26.82874909505383	234.5442383089013	22.86224726516782	-71.54572296142578	2026-05-19T01:23:15.200
1779124995300	145.12561943851227	26.81671676897365	234.55896720038692	22.85167232471748	-71.54572296142578	2026-05-19T01:23:15.300
1779124995400	145.13940729151275	26.80568318535846	234.57358071879725	22.842090695169187	-71.54572296142578	2026-05-19T01:23:15.400
1779124995500	145.1531870457874	26.793650889835938	234.58830852772581	22.831516125266553	-71.54572296142578	2026-05-19T01:23:15.500
1779124995600	145.16695726551762	26.78161863049269	234.60302751755427	22.820940899340453	-71.54572296142578	2026-05-19T01:23:15.600
1779124995700	145.18071651201976	26.7705851662898	234.61761457317397	22.81135730815495	-71.54572296142578	2026-05-19T01:23:15.700
1779124995800	145.19445046555526	26.758553059752472	234.63229936074643	22.800779121983158	-71.54572296142578	2026-05-19T01:23:15.800
1779124995900	145.20816198015314	26.747519783945677	234.64684116996753	22.79119145148637	-71.54572296142578	2026-05-19T01:23:15.900
1779124996000	145.22183673891436	26.735487893664313	234.66146967184622	22.780608062445456	-71.54572296142578	2026-05-19T01:23:16.000
1779124996100	145.23547512169597	26.723456144230582	234.67606349827918	22.77002142191273	-71.54572296142578	2026-05-19T01:23:16.100
1779124996200	145.24908478196514	26.71242324562117	234.6905082875521	22.760424678266407	-71.54572296142578	2026-05-19T01:23:16.200
1779124996300	145.2626623221405	26.700391724042692	234.7050442251546	22.74983267014728	-71.54572296142578	2026-05-19T01:23:16.300
1779124996400	145.27622150402033	26.689359022531978	234.71944110033394	22.740231563896888	-71.54572296142578	2026-05-19T01:23:16.400
1779124996500	145.28975893276925	26.67732764871241	234.73393910595377	22.72963618435539	-71.54572296142578	2026-05-19T01:23:16.500
1779124996600	145.3032883674384	26.666295074351904	234.74830802490138	22.720032723262367	-71.54572296142578	2026-05-19T01:23:16.600
1779124996700	145.3168064159726	26.654263796511906	234.76278805621854	22.709435999599183	-71.54572296142578	2026-05-19T01:23:16.700
1779124996800	145.3303268344521	26.643231263388238	234.7771489827711	22.69983217852422	-71.54572296142578	2026-05-19T01:23:16.800
1779124996900	145.34384623375388	26.63119999714232	234.79163100545586	22.689236108593793	-71.54572296142578	2026-05-19T01:23:16.900
1779124997000	145.3573783670968	26.620167447356227	234.80600390423348	22.67963395320151	-71.54572296142578	2026-05-19T01:23:17.000
1779124997100	145.3709227684976	26.60913485700894	234.82038896505853	22.670033243161306	-71.54572296142578	2026-05-19T01:23:17.100
1779124997200	145.38447352254178	26.597103526451207	234.83490222334348	22.65944102217781	-71.54572296142578	2026-05-19T01:23:17.200
1779124997300	145.39803619954444	26.586070894284315	234.84930557899094	22.649842614757365	-71.54572296142578	2026-05-19T01:23:17.300
1779124997400	145.41159923893647	26.574039529118178	234.86383136515195	22.639252103535174	-71.54572296142578	2026-05-19T01:23:17.400
1779124997500	145.42516820836082	26.56300690510793	234.87824147295885	22.629654844037095	-71.54572296142578	2026-05-19T01:23:17.500
1779124997600	145.43873154998215	26.55097556404508	234.89276824214377	22.61906489570887	-71.54572296142578	2026-05-19T01:23:17.600
1779124997700	145.45229482859486	26.539942973932234	234.90717355994667	22.60946760363556	-71.54572296142578	2026-05-19T01:23:17.700
1779124997800	145.46584648926822	26.52791169008841	234.92168976792948	22.598877044178906	-71.54572296142578	2026-05-19T01:23:17.800
1779124997900	145.47939209399078	26.516879183815227	234.93607874836616	22.589278561385846	-71.54572296142578	2026-05-19T01:23:17.900
1779124998000	145.4929200906195	26.50484799721343	234.95057284772543	22.578686221938703	-71.54572296142578	2026-05-19T01:23:18.000
1779124998100	145.50643239449334	26.492816892206857	234.96505216876477	22.568092635674816	-71.54572296142578	2026-05-19T01:23:18.100
1779124998200	145.51993344764765	26.48178457040867	234.97939925548695	22.558490603426968	-71.54572296142578	2026-05-19T01:23:18.200
1779124998300	145.53341549706238	26.46975357678466	234.99385011210168	22.547894582414937	-71.54572296142578	2026-05-19T01:23:18.300
1779124998400	145.5468878923123	26.458721368498175	235.00817026880142	22.53829027487833	-71.54572296142578	2026-05-19T01:23:18.400
1779124998500	145.5603428832491	26.446690501438237	235.02259573219595	22.527692152851113	-71.54572296142578	2026-05-19T01:23:18.500
1779124998600	145.57378981644257	26.43565839218017	235.0368920339755	22.518085874509556	-71.54572296142578	2026-05-19T01:23:18.600
1779124998700	145.58722094470846	26.423627629376835	235.05129518041215	22.507485948394084	-71.54572296142578	2026-05-19T01:23:18.700
1779124998800	145.60064561175602	26.4125956224909	235.06557070090594	22.49787802191121	-71.54572296142578	2026-05-19T01:23:18.800
1779124998900	145.61405607316402	26.400564946269917	235.07995460674164	22.487276593698354	-71.54572296142578	2026-05-19T01:23:18.900
1779124999000	145.62746166986253	26.38953302172442	235.0942124229666	22.477667318956954	-71.54572296142578	2026-05-19T01:23:19.000
1779124999100	145.64085876299094	26.378501133060336	235.1084623796988	22.468057467599355	-71.54572296142578	2026-05-19T01:23:19.100
1779124999200	145.6542430505528	26.36647058266392	235.12282206813347	22.457454264305476	-71.54572296142578	2026-05-19T01:23:19.200
1779124999300	145.66762287031034	26.355438776959776	235.13705604667328	22.447843243295324	-71.54572296142578	2026-05-19T01:23:19.300
1779124999400	145.68098948599777	26.34340831823921	235.15139937046027	22.437238839444433	-71.54572296142578	2026-05-19T01:23:19.400
1779124999500	145.69435123248869	26.332376596893493	235.16561659687403	22.42762656724207	-71.54572296142578	2026-05-19T01:23:19.500
1779124999600	145.7076993762863	26.32034620311369	235.17994278526373	22.417020853267896	-71.54572296142578	2026-05-19T01:23:19.600
1779124999700	145.72104224959892	26.309314563138706	235.1941424859849	22.40740724386645	-71.54572296142578	2026-05-19T01:23:19.700
1779124999800	145.73437112178001	26.29728427441888	235.20845076020225	22.396800176553068	-71.54572296142578	2026-05-19T01:23:19.800
1779124999900	145.74769432207023	26.2862527279176	235.22263215973788	22.387185158840147	-71.54572296142578	2026-05-19T01:23:19.900
1779125000000	145.76100312263637	26.274222520070904	235.23692174843077	22.37657663094087	-71.54572296142578	2026-05-19T01:23:20.000
1779125000100	145.77430162140612	26.262192376021957	235.25120173339934	22.365967368565883	-71.54572296142578	2026-05-19T01:23:20.100
1779125000200	145.78759404714663	26.251160956136204	235.2653544577345	22.356350092940517	-71.54572296142578	2026-05-19T01:23:20.200
1779125000300	145.80087187751306	26.239130900652604	235.27961517574758	22.345739313605524	-71.54572296142578	2026-05-19T01:23:20.300
1779125000400	145.81414363551937	26.228099571636506	235.29374863186786	22.33612052042911	-71.54572296142578	2026-05-19T01:23:20.400
1779125000500	145.8274008016055	26.216069602822312	235.30799008346352	22.325508220184908	-71.54572296142578	2026-05-19T01:23:20.500
1779125000600	145.84065189604033	26.205038371962946	235.32210427089043	22.315887914646925	-71.54572296142578	2026-05-19T01:23:20.600
1779125000700	145.85388840200625	26.193008496679806	235.33632645558274	22.305274098256117	-71.54572296142578	2026-05-19T01:23:20.700
1779125000800	145.8671188369855	26.181977360320477	235.35042137513443	22.295652274673586	-71.54572296142578	2026-05-19T01:23:20.800
1779125000900	145.8803346869457	26.16994757484441	235.36462429369175	22.285036936382312	-71.54572296142578	2026-05-19T01:23:20.900
1779125001000	145.89354446657327	26.15891652659477	235.3786999465156	22.275413586361143	-71.54572296142578	2026-05-19T01:23:21.000
1779125001100	145.90674395223166	26.147885523461742	235.392765996668	22.265789476225763	-71.54572296142578	2026-05-19T01:23:21.100
1779125001200	145.91992905301845	26.13585588688762	235.406940234359	22.255171887955182	-71.54572296142578	2026-05-19T01:23:21.200
1779125001300	145.933108474245	26.124824967748804	235.4209875824961	22.24554630347851	-71.54572296142578	2026-05-19T01:23:21.300
1779125001400	145.94627390390968	26.112795418910267	235.43514349455577	22.234927284906334	-71.54572296142578	2026-05-19T01:23:21.400
1779125001500	145.95943404454422	26.101764597244962	235.4491728910982	22.225300316530404	-71.54572296142578	2026-05-19T01:23:21.500
1779125001600	145.9725848384148	26.090733811814296	235.4631935947625	22.2156726722315	-71.54572296142578	2026-05-19T01:23:21.600
1779125001700	145.98572223062462	26.07870439693742	235.47732342843673	22.205051654705922	-71.54572296142578	2026-05-19T01:23:21.700
1779125001800	145.99885491947074	26.067673685499365	235.49132731159048	22.19542271894328	-71.54572296142578	2026-05-19T01:23:21.800
1779125001900	146.01197460001026	26.055644360241377	235.50544069979526	22.184800465931534	-71.54572296142578	2026-05-19T01:23:21.900
1779125002000	146.02508996764246	26.04461373134157	235.51942851382867	22.17517032452274	-71.54572296142578	2026-05-19T01:23:22.000
1779125002100	146.0381968048577	26.033583155453957	235.53340841597878	22.165539603948293	-71.54572296142578	2026-05-19T01:23:22.100
1779125002200	146.05129024289442	26.021553940405617	235.54749744695405	22.154915502244243	-71.54572296142578	2026-05-19T01:23:22.200
1779125002300	146.06437799259677	26.01052344891365	235.5614595723163	22.14528339552432	-71.54572296142578	2026-05-19T01:23:22.300
1779125002400	146.0774507751721	25.998494335611596	235.57552931029807	22.134657766315097	-71.54572296142578	2026-05-19T01:23:22.400
1779125002500	146.09051629858382	25.987463942582295	235.5894706276023	22.125023966551783	-71.54572296142578	2026-05-19T01:23:22.500
1779125002600	146.10356953141036	25.97643358739658	235.60340040539774	22.11538918802205	-71.54572296142578	2026-05-19T01:23:22.600
1779125002700	146.11660544517844	25.964404640437568	235.61743552119344	22.104760678586004	-71.54572296142578	2026-05-19T01:23:22.700
1779125002800	146.1296317435695	25.953374404517294	235.63133994297587	22.095123745587046	-71.54572296142578	2026-05-19T01:23:22.800
1779125002900	146.14263915486816	25.9413455709402	235.64534818837674	22.08449291668379	-71.54572296142578	2026-05-19T01:23:22.900
1779125003000	146.15563538004992	25.930315462101564	235.65922422214467	22.074853515061065	-71.54572296142578	2026-05-19T01:23:23.000
1779125003100	146.1686160125632	25.919285424949987	235.67308552271945	22.065212829039577	-71.54572296142578	2026-05-19T01:23:23.100
1779125003200	146.18157913359033	25.907256780411398	235.687051970231	22.054578377180544	-71.54572296142578	2026-05-19T01:23:23.200
1779125003300	146.19453616763252	25.89622684038783	235.7008911229188	22.044935845807917	-71.54572296142578	2026-05-19T01:23:23.300
1779125003400	146.20748157745743	25.884198272165307	235.71484109930324	22.034300126581076	-71.54572296142578	2026-05-19T01:23:23.400
1779125003500	146.220426784828	25.873168402273983	235.72866945606808	22.024656917283224	-71.54572296142578	2026-05-19T01:23:23.500
1779125003600	146.23337049288244	25.86213854311983	235.7424966737758	22.01501379272634	-71.54572296142578	2026-05-19T01:23:23.600
1779125003700	146.24631140756577	25.85011003012934	235.75644323252195	22.004378354353207	-71.54572296142578	2026-05-19T01:23:23.700
1779125003800	146.2592609464038	25.839080163439295	235.77027669079877	21.994736269017256	-71.54572296142578	2026-05-19T01:23:23.800
1779125003900	146.27221357916963	25.82705164341899	235.7842351671192	21.98410247100544	-71.54572296142578	2026-05-19T01:23:23.900
1779125004000	146.28518072050355	25.8160217487496	235.79808622270306	21.974462602770103	-71.54572296142578	2026-05-19T01:23:24.000
1779125004100	146.2981597555987	25.804991810472075	235.81194906395845	21.96482412852174	-71.54572296142578	2026-05-19T01:23:24.100
1779125004200	146.311142786836	25.79296321852258	235.82593779427938	21.954194036661498	-71.54572296142578	2026-05-19T01:23:24.200
1779125004300	146.3241332961915	25.78193327115843	235.8398123227408	21.94455717682925	-71.54572296142578	2026-05-19T01:23:24.300
1779125004400	146.33712206391888	25.770903347771352	235.8536854775903	21.934920390926525	-71.54572296142578	2026-05-19T01:23:24.400
1779125004500	146.35009987285875	25.758874797913478	235.86767009235214	21.924290494426348	-71.54572296142578	2026-05-19T01:23:24.500
1779125004600	146.36307020110561	25.74784496241277	235.88152606716804	21.91465237297765	-71.54572296142578	2026-05-19T01:23:24.600
1779125004700	146.3760238308262	25.73681518249461	235.8953662346639	21.90501283220144	-71.54572296142578	2026-05-19T01:23:24.700
1779125004800	146.3889557764967	25.725785489905824	235.909185780193	21.895371394768617	-71.54572296142578	2026-05-19T01:23:24.800
1779125004900	146.40185682381914	25.71375726311534	235.92309753398834	21.88473490710709	-71.54572296142578	2026-05-19T01:23:24.900
1779125005000	146.41473044532833	25.702727796676225	235.93686139577892	21.875088200466756	-71.54572296142578	2026-05-19T01:23:25.000
1779125005100	146.42756908980644	25.691698452462823	235.95059180114976	21.865438272830026	-71.54572296142578	2026-05-19T01:23:25.100
1779125005200	146.44037186394837	25.67967060491608	235.9644096061422	21.854792816456683	-71.54572296142578	2026-05-19T01:23:25.200
1779125005300	146.45315221867023	25.66864148450716	235.97808434738448	21.84513761117441	-71.54572296142578	2026-05-19T01:23:25.300
1779125005400	146.46591092372722	25.65761245305625	235.99173848770678	21.835480506025437	-71.54572296142578	2026-05-19T01:23:25.400
1779125005500	146.4786529761398	25.646583496398424	236.0053768485983	21.82582199550799	-71.54572296142578	2026-05-19T01:23:25.500
1779125005600	146.49137914888934	25.634555949954176	236.01912189847778	21.815169907385787	-71.54572296142578	2026-05-19T01:23:25.600
1779125005700	146.50410288757215	25.623527072084833	236.0327431707131	21.805510043675554	-71.54572296142578	2026-05-19T01:23:25.700
1779125005800	146.51682496454575	25.612498210436602	236.04636313260804	21.795850244075147	-71.54572296142578	2026-05-19T01:23:25.800
1779125005900	146.5295461548821	25.60047071901101	236.0601042518804	21.785198358327733	-71.54572296142578	2026-05-19T01:23:25.900
1779125006000	146.54227990004443	25.58944185054117	236.07373606371053	21.775540178774854	-71.54572296142578	2026-05-19T01:23:26.000
1779125006100	146.55502564152874	25.578412937384453	236.08737975253885	21.76588339734476	-71.54572296142578	2026-05-19T01:23:26.100
1779125006200	146.5677774925921	25.56638538550953	236.10115135052402	21.755235238369014	-71.54572296142578	2026-05-19T01:23:26.200
1779125006300	146.58054089374426	25.55535644478898	236.11481267632345	21.74558067011362	-71.54572296142578	2026-05-19T01:23:26.300
1779125006400	146.59330862465356	25.54432748940033	236.12847847856662	21.735926748005376	-71.54572296142578	2026-05-19T01:23:26.400
1779125006500	146.60607768560035	25.533298543795297	236.1421458594509	21.726273190006438	-71.54572296142578	2026-05-19T01:23:26.500
1779125006600	146.61884085969194	25.521271002367634	236.15592956627128	21.715627075539064	-71.54572296142578	2026-05-19T01:23:26.600
1779125006700	146.6316035820404	25.51024210443703	236.1695914159145	21.705973354759667	-71.54572296142578	2026-05-19T01:23:26.700
1779125006800	146.6443586351053	25.499213243237843	236.18324615461748	21.696319104671915	-71.54572296142578	2026-05-19T01:23:26.800
1779125006900	146.65709880403656	25.487185812109068	236.1970085292447	21.685671405597645	-71.54572296142578	2026-05-19T01:23:26.900
1779125007000	146.6698295199217	25.4761570550672	236.2106403547407	21.676015206702935	-71.54572296142578	2026-05-19T01:23:27.000
1779125007100	146.68254423404616	25.465128362490532	236.22425702076558	21.666357652296398	-71.54572296142578	2026-05-19T01:23:27.100
1779125007200	146.69523906756385	25.45310113044044	236.23797649129844	21.655706168371832	-71.54572296142578	2026-05-19T01:23:27.200
1779125007300	146.70792344809323	25.442072565179483	236.25156444674477	21.64604607040871	-71.54572296142578	2026-05-19T01:23:27.300
1779125007400	146.72059416293723	25.43104406627371	236.26513949388115	21.636384855320756	-71.54572296142578	2026-05-19T01:23:27.400
1779125007500	146.7332480019718	25.419017008423054	236.27882024296946	21.625729998728996	-71.54572296142578	2026-05-19T01:23:27.500
1779125007600	146.74589438885073	25.407988620578784	236.29237237213525	21.616066833867198	-71.54572296142578	2026-05-19T01:23:27.600
1779125007700	146.75853011276604	25.396960270833105	236.30591449210985	21.60640282906237	-71.54572296142578	2026-05-19T01:23:27.700
1779125007800	146.7711561746797	25.385931963592476	236.3194475678258	21.596738090582047	-71.54572296142578	2026-05-19T01:23:27.800
1779125007900	146.7837693672454	25.373905099331992	236.3330902070776	21.586080123256863	-71.54572296142578	2026-05-19T01:23:27.900
1779125008000	146.79637910863835	25.36287687924388	236.34660809116525	21.576414226326513	-71.54572296142578	2026-05-19T01:23:28.000
1779125008100	146.80898185663145	25.351848683188216	236.36011950745993	21.566747849185116	-71.54572296142578	2026-05-19T01:23:28.100
1779125008200	146.82157694157863	25.340820537240845	236.37362380565008	21.55708094873195	-71.54572296142578	2026-05-19T01:23:28.200
1779125008300	146.83415915391646	25.32879382864416	236.38723765965833	21.546420814699715	-71.54572296142578	2026-05-19T01:23:28.300
1779125008400	146.84673590167077	25.31776576543098	236.4007248142494	21.536752541131904	-71.54572296142578	2026-05-19T01:23:28.400
1779125008500	146.859301974688	25.306737748332015	236.41420194118476	21.527083430196015	-71.54572296142578	2026-05-19T01:23:28.500
1779125008600	146.87185636909766	25.295709781442188	236.4276680698003	21.51741338247362	-71.54572296142578	2026-05-19T01:23:28.600
1779125008700	146.8843980810648	25.284681876867204	236.4411222283994	21.50774230644564	-71.54572296142578	2026-05-19T01:23:28.700
1779125008800	146.89692190440365	25.272655433538212	236.45468108920383	21.49707750726133	-71.54572296142578	2026-05-19T01:23:28.800
1779125008900	146.90943524045286	25.261627646126506	236.46810839777308	21.48740405712582	-71.54572296142578	2026-05-19T01:23:28.900
1779125009000	146.92193288242996	25.250599925260623	236.4815208244623	21.477729271854294	-71.54572296142578	2026-05-19T01:23:29.000
1779125009100	146.93441449618336	25.239572262091553	236.4949180464764	21.468053107556972	-71.54572296142578	2026-05-19T01:23:29.100
1779125009200	146.94688242673305	25.228544674952374	236.50830232500124	21.458375822221257	-71.54572296142578	2026-05-19T01:23:29.200
1779125009300	146.95933548968074	25.216518535508857	236.52179421584188	21.447705110215313	-71.54572296142578	2026-05-19T01:23:29.300
1779125009400	146.97178509824457	25.205491022114646	236.5351613482038	21.438026431907335	-71.54572296142578	2026-05-19T01:23:29.400
1779125009500	146.98423006747993	25.19446353343318	236.548524275041	21.428347508058906	-71.54572296142578	2026-05-19T01:23:29.500
1779125009600	146.9966734121059	25.183436077249674	236.5618859066189	21.418668655625964	-71.54572296142578	2026-05-19T01:23:29.600
1779125009700	147.0091181466241	25.172408610948356	236.5752491594079	21.40899014165732	-71.54572296142578	2026-05-19T01:23:29.700
1779125009800	147.02156309022064	25.160382578025335	236.58873458148602	21.398319736900884	-71.54572296142578	2026-05-19T01:23:29.800
1779125009900	147.03401964921045	25.149355096013284	236.60210981179762	21.388642834165154	-71.54572296142578	2026-05-19T01:23:29.900
1779125010000	147.0464866420482	25.138327590984364	236.61549540080858	21.378967186437613	-71.54572296142578	2026-05-19T01:23:30.000
1779125010100	147.0589657387227	25.127300071782226	236.62889296111456	21.36929297451476	-71.54572296142578	2026-05-19T01:23:30.100
1779125010200	147.07145323036298	25.116272540122264	236.6422989106405	21.35961981947835	-71.54572296142578	2026-05-19T01:23:30.200
1779125010300	147.08393987106442	25.104246406588594	236.65582600809807	21.348954634744988	-71.54572296142578	2026-05-19T01:23:30.300
1779125010400	147.09642899269755	25.09321888342749	236.6692340885039	21.339282070014008	-71.54572296142578	2026-05-19T01:23:30.400
1779125010500	147.10891134871602	25.082191377879827	236.6826359097964	21.32960903391369	-71.54572296142578	2026-05-19T01:23:30.500
1779125010600	147.12138188582284	25.071163950388808	236.6960265823601	21.31993506650298	-71.54572296142578	2026-05-19T01:23:30.600
1779125010700	147.13383555035895	25.060136573000822	236.70940122654721	21.31025961965955	-71.54572296142578	2026-05-19T01:23:30.700
1779125010800	147.1462631000149	25.048110717335952	236.72287259120054	21.299589669905288	-71.54572296142578	2026-05-19T01:23:30.800
1779125010900	147.1586678599052	25.037083545161234	236.73620051580806	21.289909807106312	-71.54572296142578	2026-05-19T01:23:30.900
1779125011000	147.17104058692695	25.026056488437074	236.74949775280692	21.280226966917734	-71.54572296142578	2026-05-19T01:23:31.000
1779125011100	147.1833779361197	25.01502956960098	236.76276106545544	21.270540825852052	-71.54572296142578	2026-05-19T01:23:31.100
1779125011200	147.19568339618135	25.00400277499119	236.77599382361845	21.260851727664086	-71.54572296142578	2026-05-19T01:23:31.200
1779125011300	147.2079579785412	24.991977508219914	236.78931868549114	21.250167639282253	-71.54572296142578	2026-05-19T01:23:31.300
1779125011400	147.2202152523301	24.9809509039533	236.80250539972005	21.24047417044961	-71.54572296142578	2026-05-19T01:23:31.400
1779125011500	147.2324562283111	24.969924365075507	236.815676625539	21.23077928722665	-71.54572296142578	2026-05-19T01:23:31.500
1779125011600	147.24468610356638	24.95889787020792	236.82883738611076	21.221083502750734	-71.54572296142578	2026-05-19T01:23:31.600
1779125011700	147.25691007526157	24.94787142009325	236.84199270244787	21.211387352468446	-71.54572296142578	2026-05-19T01:23:31.700
1779125011800	147.26912915805016	24.935846413718103	236.85526523355622	21.20069880418473	-71.54572296142578	2026-05-19T01:23:31.800
1779125011900	147.28135691435818	24.924819966656074	236.86842473663188	21.191003442552947	-71.54572296142578	2026-05-19T01:23:31.900
1779125012000	147.29359435829159	24.913793505172954	236.88159386848648	21.181309262347753	-71.54572296142578	2026-05-19T01:23:32.000
1779125012100	147.3058451985846	24.902767008546682	236.89477621622086	21.17161662558074	-71.54572296142578	2026-05-19T01:23:32.100
1779125012200	147.31810719081773	24.891740473211264	236.9079696120487	21.16192529792382	-71.54572296142578	2026-05-19T01:23:32.200
1779125012300	147.33037660243852	24.880713935647375	236.92117044493935	21.15223493128681	-71.54572296142578	2026-05-19T01:23:32.300
1779125012400	147.3426497007321	24.869687391871665	236.93437510830313	21.14254513712976	-71.54572296142578	2026-05-19T01:23:32.400
1779125012500	147.35491857540276	24.8576623203475	236.94769762088717	21.13186304785863	-71.54572296142578	2026-05-19T01:23:32.500
1779125012600	147.36718784980343	24.84663580958043	236.96089911733054	21.122173289945465	-71.54572296142578	2026-05-19T01:23:32.600
1779125012700	147.3794496130806	24.835609354899344	236.97409361376538	21.112483011307773	-71.54572296142578	2026-05-19T01:23:32.700
1779125012800	147.391700132507	24.82458294319778	236.98727750336914	21.10279181341666	-71.54572296142578	2026-05-19T01:23:32.800
1779125012900	147.4039356754612	24.81355658524105	237.0004471761826	21.09309932124153	-71.54572296142578	2026-05-19T01:23:32.900
1779125013000	147.41615250942672	24.80253031525309	237.01359901915953	21.08340518284019	-71.54572296142578	2026-05-19T01:23:33.000
1779125013100	147.42834814594102	24.791504133460066	237.0267306255708	21.073709140667287	-71.54572296142578	2026-05-19T01:23:33.100
1779125013200	147.44052507319157	24.780478013243762	237.03984440228461	21.064011424086743	-71.54572296142578	2026-05-19T01:23:33.200
1779125013300	147.4526870237515	24.769451976054064	237.05294395341377	21.05431243884793	-71.54572296142578	2026-05-19T01:23:33.300
1779125013400	147.4648377298984	24.758425974119646	237.0660328915505	21.044612522127245	-71.54572296142578	2026-05-19T01:23:33.400
1779125013500	147.47698092417014	24.74740002358583	237.0791148220818	21.03491207485921	-71.54572296142578	2026-05-19T01:23:33.500
1779125013600	147.489116168299	24.735375545908177	237.09231098251678	21.02421895120802	-71.54572296142578	2026-05-19T01:23:33.600
1779125013700	147.50125553656562	24.724349631009694	237.1053897287063	21.014518532427992	-71.54572296142578	2026-05-19T01:23:33.700
1779125013800	147.51339859013495	24.713323720668242	237.1184722966236	21.004818692567497	-71.54572296142578	2026-05-19T01:23:33.800
1779125013900	147.52554906134029	24.702297788062054	237.13156229801572	20.995119790764228	-71.54572296142578	2026-05-19T01:23:33.900
1779125014000	147.53771068260914	24.691271830492937	237.1446633421104	20.98542221036042	-71.54572296142578	2026-05-19T01:23:34.000
1779125014100	147.54988569821765	24.680245828518654	237.15777760172475	20.97572616446708	-71.54572296142578	2026-05-19T01:23:34.100
1779125014200	147.5620704004011	24.669219825532092	237.17090148751677	20.966031313431913	-71.54572296142578	2026-05-19T01:23:34.200
1779125014300	147.5742595930776	24.658193805203094	237.18402997808874	20.956337104154244	-71.54572296142578	2026-05-19T01:23:34.300
1779125014400	147.58644808040938	24.647167807515416	237.19715804496033	20.94664303918926	-71.54572296142578	2026-05-19T01:23:34.400
1779125014500	147.59862650169	24.635143305732573	237.21039828468554	20.93595610845326	-71.54572296142578	2026-05-19T01:23:34.500
1779125014600	147.61079799118158	24.624117399496967	237.2235104254581	20.926260765950563	-71.54572296142578	2026-05-19T01:23:34.600
1779125014700	147.62295318753448	24.613091556165937	237.23660706376336	20.91656399432094	-71.54572296142578	2026-05-19T01:23:34.700
1779125014800	147.63508689484843	24.602065792396072	237.24968317207018	20.90686527167054	-71.54572296142578	2026-05-19T01:23:34.800
1779125014900	147.64719391725714	24.5910401309401	237.26273372168362	20.897164081851678	-71.54572296142578	2026-05-19T01:23:34.900
1779125015000	147.6592690589654	24.580014609475057	237.27575368170636	20.887459923239117	-71.54572296142578	2026-05-19T01:23:35.000
1779125015100	147.67130883154238	24.568989218327555	237.28873967765446	20.877752423597485	-71.54572296142578	2026-05-19T01:23:35.100
1779125015200	147.6833165767107	24.557963932667963	237.30169494179682	20.86804190257437	-71.54572296142578	2026-05-19T01:23:35.200
1779125015300	147.69529734389891	24.546938765964576	237.3146243535338	20.858328894901483	-71.54572296142578	2026-05-19T01:23:35.300
1779125015400	147.70725618231384	24.535913680532353	237.32753279872608	20.84861388477326	-71.54572296142578	2026-05-19T01:23:35.400
1779125015500	147.71919814132	24.52488867853539	237.34042515897474	20.838897396295476	-71.54572296142578	2026-05-19T01:23:35.500
1779125015600	147.73112827009248	24.5138637187257	237.35330632142714	20.82917991072798	-71.54572296142578	2026-05-19T01:23:35.600
1779125015700	147.74305161795186	24.502838796735514	237.36618116931908	20.819461946288634	-71.54572296142578	2026-05-19T01:23:35.700
1779125015800	147.75497323416857	24.491813898191037	237.37905458749626	20.809744011550826	-71.54572296142578	2026-05-19T01:23:35.800
1779125015900	147.76689816798373	24.480789003645878	237.391931461833	20.8000266103465	-71.54572296142578	2026-05-19T01:23:35.900
1779125016000	147.7788314686108	24.469764089050283	237.4048166791762	20.79031024223237	-71.54572296142578	2026-05-19T01:23:36.000
1779125016100	147.79077684385464	24.458739133698323	237.4177138289106	20.780595271328046	-71.54572296142578	2026-05-19T01:23:36.100
1779125016200	147.80273263606608	24.447714166549453	237.4306213047789	20.770881555014316	-71.54572296142578	2026-05-19T01:23:36.200
1779125016300	147.8146958460701	24.436689189004902	237.44353620607188	20.761168784081658	-71.54572296142578	2026-05-19T01:23:36.300
1779125016400	147.82666347475694	24.42566421684563	237.45645563013122	20.75145666343437	-71.54572296142578	2026-05-19T01:23:36.400
1779125016500	147.83863252291528	24.41463924026473	237.4693766770566	20.741744872365743	-71.54572296142578	2026-05-19T01:23:36.500
1779125016600	147.85059999145759	24.403614278079687	237.48229644332056	20.73203311844088	-71.54572296142578	2026-05-19T01:23:36.600
1779125016700	147.8625628813516	24.39258936119167	237.49521202371736	20.72232112105668	-71.54572296142578	2026-05-19T01:23:36.700
1779125016800	147.87451819335084	24.38156446777746	237.50812051899644	20.712608547027934	-71.54572296142578	2026-05-19T01:23:36.800
1779125016900	147.88646292844288	24.37053963118246	237.5210190231547	20.70289511782487	-71.54572296142578	2026-05-19T01:23:36.900
1779125017000	147.8983940874639	24.359514847148716	237.53390463436406	20.69318051736555	-71.54572296142578	2026-05-19T01:23:37.000
1779125017100	147.9103093289454	24.348490138683037	237.54677508352296	20.68346452475741	-71.54572296142578	2026-05-19T01:23:37.100
1779125017200	147.9222089415909	24.3374654954119	237.5596306500854	20.67374715890094	-71.54572296142578	2026-05-19T01:23:37.200
1779125017300	147.93409387171508	24.326440915415485	237.57247224875482	20.664028515403892	-71.54572296142578	2026-05-19T01:23:37.300
1779125017400	147.94596506562868	24.31541639616529	237.58530079438762	20.65430868932605	-71.54572296142578	2026-05-19T01:23:37.400
1779125017500	147.95782346969665	24.304391948637637	237.59811720033062	20.644587789206646	-71.54572296142578	2026-05-19T01:23:37.500
1779125017600	147.9696700300722	24.29336753312504	237.61092238598138	20.634865873266158	-71.54572296142578	2026-05-19T01:23:37.600
1779125017700	147.98150569321677	24.28234318460365	237.62371726202193	20.625143074010655	-71.54572296142578	2026-05-19T01:23:37.700
1779125017800	147.9933314053131	24.2713188712101	237.6365027470875	20.615419457569775	-71.54572296142578	2026-05-19T01:23:37.800
1779125017900	148.00514811275266	24.260294611791092	237.64927975392118	20.60569514053068	-71.54572296142578	2026-05-19T01:23:37.900
1779125018000	148.01695676174256	24.24927038113668	237.66204920053545	20.595970195748066	-71.54572296142578	2026-05-19T01:23:38.000
1779125018100	148.02875800999425	24.23824620975602	237.67481171906314	20.586244721495394	-71.54572296142578	2026-05-19T01:23:38.100
1779125018200	148.0405513600377	24.22722206070835	237.68756683202275	20.57651862896126	-71.54572296142578	2026-05-19T01:23:38.200
1779125018300	148.05233602591494	24.216197954073714	237.70031377576575	20.566791855953863	-71.54572296142578	2026-05-19T01:23:38.300
1779125018400	148.06411122165622	24.205173906770252	237.71305178695076	20.557064337093315	-71.54572296142578	2026-05-19T01:23:38.400
1779125018500	148.0758761611109	24.194149891813755	237.72578010734145	20.547335963319515	-71.54572296142578	2026-05-19T01:23:38.500
1779125018600	148.08763005837747	24.183125941995474	237.73849797159616	20.537606684938527	-71.54572296142578	2026-05-19T01:23:38.600
1779125018700	148.09937212734147	24.172102038434804	237.75120462039376	20.527876400854336	-71.54572296142578	2026-05-19T01:23:38.700
1779125018800	148.1111015820319	24.161078196652348	237.76389929029608	20.518145044117606	-71.54572296142578	2026-05-19T01:23:38.800
1779125018900	148.12281763639606	24.150054412019877	237.77658122017363	20.50841252770825	-71.54572296142578	2026-05-19T01:23:38.900
1779125019000	148.1345195044587	24.139030698421205	237.7892496466513	20.498678782960752	-71.54572296142578	2026-05-19T01:23:39.000
1779125019100	148.14620689742154	24.12800703373773	237.80190429189366	20.488943757158314	-71.54572296142578	2026-05-19T01:23:39.100
1779125019200	148.15788151597243	24.116983441051428	237.81454679821695	20.479207649626748	-71.54572296142578	2026-05-19T01:23:39.200
1779125019300	148.16954555789587	24.105959889090048	237.82717929586667	20.46947065755852	-71.54572296142578	2026-05-19T01:23:39.300
1779125019400	148.18120122115693	24.094936391017693	237.83980391003956	20.459733022438954	-71.54572296142578	2026-05-19T01:23:39.400
1779125019500	148.192850703556	24.08391292109387	237.85242277069798	20.44999494721304	-71.54572296142578	2026-05-19T01:23:39.500
1779125019600	148.2045003352311	24.073887939513895	237.8649204190497	20.44124902988716	-71.54572296142578	2026-05-19T01:23:39.600
1779125019700	148.21614404889613	24.06286450374434	237.87753415763524	20.43151073784299	-71.54572296142578	2026-05-19T01:23:39.700
1779125019800	148.2277881753794	24.0518410911721	237.89014852518204	20.421772687117038	-71.54572296142578	2026-05-19T01:23:39.800
1779125019900	148.2394349125149	24.040817687528016	237.90276565103193	20.41203509256137	-71.54572296142578	2026-05-19T01:23:39.900
1779125020000	148.2510864581088	24.029794272519055	237.91538766541964	20.402298163167224	-71.54572296142578	2026-05-19T01:23:40.000
1779125020100	148.26274430968607	24.018770857338115	237.92801601697704	20.39256206632594	-71.54572296142578	2026-05-19T01:23:40.100
1779125020200	148.2744071630745	24.007747437087747	237.94064944399003	20.382826661403335	-71.54572296142578	2026-05-19T01:23:40.200
1779125020300	148.28607301375723	23.996724021576544	237.95328600479726	20.373091749266557	-71.54572296142578	2026-05-19T01:23:40.300
1779125020400	148.2977398571481	23.98570060297847	237.96592375964775	20.363357113140612	-71.54572296142578	2026-05-19T01:23:40.400
1779125020500	148.30940981547846	23.975675666590497	237.97844318450925	20.354614931913144	-71.54572296142578	2026-05-19T01:23:40.500
1779125020600	148.32107263022732	23.9646522936551	237.99107749943946	20.344880271186753	-71.54572296142578	2026-05-19T01:23:40.600
1779125020700	148.3327304242177	23.953628960337493	238.00370718037152	20.33514530123505	-71.54572296142578	2026-05-19T01:23:40.700
1779125020800	148.34438119285744	23.942605654366524	238.01633028741506	20.325409800405414	-71.54572296142578	2026-05-19T01:23:40.800
1779125020900	148.35602293173486	23.931582406456457	238.02894487545154	20.31567358965353	-71.54572296142578	2026-05-19T01:23:40.900
1779125021000	148.36765363631804	23.92055921743739	238.04154900271635	20.305936460119227	-71.54572296142578	2026-05-19T01:23:41.000
1779125021100	148.37927160594379	23.909536059484616	238.0541410250098	20.296198206083652	-71.54572296142578	2026-05-19T01:23:41.100
1779125021200	148.39087635619794	23.898512980198337	238.0667204665597	20.286458823652918	-71.54572296142578	2026-05-19T01:23:41.200
1779125021300	148.40246770633897	23.88748995162903	238.07928715481998	20.276718265561975	-71.54572296142578	2026-05-19T01:23:41.300
1779125021400	148.41404547583	23.876466995287068	238.0918409114067	20.266976533694127	-71.54572296142578	2026-05-19T01:23:41.400
1779125021500	148.42560948395294	23.865444088824397	238.10438156308615	20.257233586332962	-71.54572296142578	2026-05-19T01:23:41.500
1779125021600	148.43716366996628	23.855419688300984	238.1167913619847	20.248481755306546	-71.54572296142578	2026-05-19T01:23:41.600
1779125021700	148.4486996130042	23.844396917413302	238.1293052729193	20.238736353332154	-71.54572296142578	2026-05-19T01:23:41.700
1779125021800	148.46022125277904	23.833374191661722	238.1418055518443	20.228989672582117	-71.54572296142578	2026-05-19T01:23:41.800
1779125021900	148.47172840879583	23.822351542448935	238.15429201914188	20.219241724725403	-71.54572296142578	2026-05-19T01:23:41.900
1779125022000	148.48322090040574	23.811328963911983	238.16676449956836	20.209492484384008	-71.54572296142578	2026-05-19T01:23:42.000
1779125022100	148.49469903157564	23.800306448004388	238.17922328749964	20.199741974662718	-71.54572296142578	2026-05-19T01:23:42.100
1779125022200	148.50616504472288	23.78928397569956	238.1916705561746	20.189990410446825	-71.54572296142578	2026-05-19T01:23:42.200
1779125022300	148.5176257825261	23.779259992524864	238.20399138084707	20.181230412467066	-71.54572296142578	2026-05-19T01:23:42.300
1779125022400	148.52907574038048	23.768237614024194	238.21642353323756	20.17147759910836	-71.54572296142578	2026-05-19T01:23:42.400
1779125022500	148.54052176140462	23.757215244109872	238.22885209290948	20.16172455070855	-71.54572296142578	2026-05-19T01:23:42.500
1779125022600	148.5519665728258	23.746192912775744	238.24127969757873	20.15197158213578	-71.54572296142578	2026-05-19T01:23:42.600
1779125022700	148.56341290162734	23.73517059167805	238.25370899205433	20.142218950430586	-71.54572296142578	2026-05-19T01:23:42.700
1779125022800	148.574867587233	23.725146677057758	238.26602506222784	20.133459224731823	-71.54572296142578	2026-05-19T01:23:42.800
1779125022900	148.58632513132736	23.71412434425428	238.2784656664356	20.123708090363767	-71.54572296142578	2026-05-19T01:23:42.900
1779125023000	148.59779237395477	23.703101992001404	238.29091588968234	20.113958119907025	-71.54572296142578	2026-05-19T01:23:43.000
1779125023100	148.6092707998499	23.692079613743353	238.3033771716101	20.104209462622535	-71.54572296142578	2026-05-19T01:23:43.100
1779125023200	148.62075692453087	23.681057220294523	238.31584613587884	20.09446176486846	-71.54572296142578	2026-05-19T01:23:43.200
1779125023300	148.63225013062512	23.67103324780621	238.3282006465922	20.085706852034072	-71.54572296142578	2026-05-19T01:23:43.300
1779125023400	148.64373747190746	23.660010863998668	238.34067123474642	20.075959628194337	-71.54572296142578	2026-05-19T01:23:43.400
1779125023500	148.6552183317661	23.64898853665605	238.35313575897757	20.06621195031103	-71.54572296142578	2026-05-19T01:23:43.500
1779125023600	148.666687983351	23.637966258653112	238.36558964008125	20.05646331584283	-71.54572296142578	2026-05-19T01:23:43.600
1779125023700	148.67814169994776	23.62694405417674	238.37802829478105	20.04671325310471	-71.54572296142578	2026-05-19T01:23:43.700
1779125023800	148.68957886111093	23.616920337120266	238.3903295914158	20.03795356066817	-71.54572296142578	2026-05-19T01:23:43.800
1779125023900	148.7009865268645	23.605898318956918	238.4027240469408	20.028199191536125	-71.54572296142578	2026-05-19T01:23:43.900
1779125024000	148.71236407736137	23.59487640603304	238.41508952877987	20.018441936912485	-71.54572296142578	2026-05-19T01:23:44.000
1779125024100	148.72370827014132	23.58385462630328	238.4274228898094	20.0086814833864	-71.54572296142578	2026-05-19T01:23:44.100
1779125024200	148.73502179946703	23.572832977509133	238.43972673880805	19.998918109718336	-71.54572296142578	2026-05-19T01:23:44.200
1779125024300	148.74631294698779	23.562809830858395	238.45188758115918	19.990144501522288	-71.54572296142578	2026-05-19T01:23:44.300
1779125024400	148.75757768392432	23.55178837280992	238.4641445568146	19.980376526797986	-71.54572296142578	2026-05-19T01:23:44.400
1779125024500	148.76882429258964	23.54076698937383	238.47638416886045	19.970606886970643	-71.54572296142578	2026-05-19T01:23:44.500
1779125024600	148.78005695143761	23.529745679282232	238.48861046537618	19.960836018247647	-71.54572296142578	2026-05-19T01:23:44.600
1779125024700	148.79127983877677	23.51872440741198	238.50082749876543	19.9510643234187	-71.54572296142578	2026-05-19T01:23:44.700
1779125024800	148.80250123331467	23.508701569075587	238.51292177824266	19.94228450999311	-71.54572296142578	2026-05-19T01:23:44.800
1779125024900	148.8137171122827	23.497680355506922	238.52513243498606	19.93251245830659	-71.54572296142578	2026-05-19T01:23:44.900
1779125025000	148.8249357549302	23.486659147413175	238.53734597928462	19.922740862434146	-71.54572296142578	2026-05-19T01:23:45.000
1779125025100	148.83616064567735	23.475637928435283	238.5495657901438	19.91297007189526	-71.54572296142578	2026-05-19T01:23:45.100
1779125025200	148.84739249325307	23.464616701425225	238.56179255440017	19.903200164122126	-71.54572296142578	2026-05-19T01:23:45.200
1779125025300	148.85863540966693	23.454593856250842	238.5739087529788	19.894423401865094	-71.54572296142578	2026-05-19T01:23:45.300
1779125025400	148.86988121458973	23.443572607326356	238.58614946998998	19.884655258535084	-71.54572296142578	2026-05-19T01:23:45.400
1779125025500	148.8811340206964	23.432551357377612	238.59839718357068	19.874888010290018	-71.54572296142578	2026-05-19T01:23:45.500
1779125025600	148.89239384270869	23.42153009335887	238.61065190992787	19.8651216459508	-71.54572296142578	2026-05-19T01:23:45.600
1779125025700	148.90366069539013	23.410508812390653	238.62291366407266	19.85535616444298	-71.54572296142578	2026-05-19T01:23:45.700
1779125025800	148.91493868781214	23.40048591842211	238.63506493002023	19.846583839292364	-71.54572296142578	2026-05-19T01:23:45.800
1779125025900	148.92621964564327	23.389464626954307	238.64734078221528	19.836820151436488	-71.54572296142578	2026-05-19T01:23:45.900
1779125026000	148.937507678467	23.378443317820878	238.65962370629276	19.827057351066067	-71.54572296142578	2026-05-19T01:23:46.000
1779125026100	148.94880209245323	23.367422019390716	238.6719130265887	19.817295393684663	-71.54572296142578	2026-05-19T01:23:46.100
1779125026200	148.96010345046335	23.35739908048921	238.6840878018093	19.808526122944595	-71.54572296142578	2026-05-19T01:23:46.200
1779125026300	148.97139933091523	23.346377792726408	238.69637896836448	19.79876465346051	-71.54572296142578	2026-05-19T01:23:46.300
1779125026400	148.98268958873732	23.33535654577005	238.70866489132268	19.7890027951839	-71.54572296142578	2026-05-19T01:23:46.400
1779125026500	148.9939740764193	23.32533371240039	238.72082394069142	19.78023233844607	-71.54572296142578	2026-05-19T01:23:46.500
1779125026600	149.00524037591578	23.3143125807483	238.7330870480952	19.770468397658085	-71.54572296142578	2026-05-19T01:23:46.600
1779125026700	149.01648834032179	23.30329151981203	238.7453325821139	19.7607027595623	-71.54572296142578	2026-05-19T01:23:46.700
1779125026800	149.02771373223695	23.292270557721327	238.75755643000215	19.75093500557522	-71.54572296142578	2026-05-19T01:23:46.800
1779125026900	149.038916401779	23.28224806155536	238.76963696465506	19.742156916871124	-71.54572296142578	2026-05-19T01:23:46.900
1779125027000	149.05008393568727	23.271227323131136	238.7818051089147	19.73238361576987	-71.54572296142578	2026-05-19T01:23:47.000
1779125027100	149.06121771327958	23.260206718690675	238.79394071463034	19.722607053566225	-71.54572296142578	2026-05-19T01:23:47.100
1779125027200	149.0723211397247	23.24918623669725	238.8060470826309	19.712827575747166	-71.54572296142578	2026-05-19T01:23:47.200
1779125027300	149.0834032338684	23.239164204419055	238.81801148620983	19.704037886205366	-71.54572296142578	2026-05-19T01:23:47.300
1779125027400	149.09446075845665	23.22814391738475	238.83007373194565	19.694254081276636	-71.54572296142578	2026-05-19T01:23:47.400
1779125027500	149.10550273284028	23.217123681063107	238.84212109502818	19.684468844324265	-71.54572296142578	2026-05-19T01:23:47.500
1779125027600	149.11653409079548	23.206103506474033	238.85415835714068	19.674682705125402	-71.54572296142578	2026-05-19T01:23:47.600
1779125027700	149.1275597659761	23.195083376356838	238.86619030368755	19.66489616561462	-71.54572296142578	2026-05-19T01:23:47.700
1779125027800	149.1385846919514	23.184063254451686	238.87822172270103	19.655109709107624	-71.54572296142578	2026-05-19T01:23:47.800
1779125027900	149.14961788399128	23.17404147963318	238.89013989600812	19.64631604896294	-71.54572296142578	2026-05-19T01:23:47.900
1779125028000	149.16065611193952	23.163021341128665	238.90218461818736	19.636531284155417	-71.54572296142578	2026-05-19T01:23:48.000
1779125028100	149.17170698674465	23.152001175813375	238.91424180816438	19.626747979153343	-71.54572296142578	2026-05-19T01:23:48.100
1779125028200	149.18277249739702	23.141979328727064	238.92619193890775	19.617958112089784	-71.54572296142578	2026-05-19T01:23:48.200
1779125028300	149.19384098801712	23.130959139514207	238.93826661897015	19.608176947866262	-71.54572296142578	2026-05-19T01:23:48.300
1779125028400	149.20491304324477	23.11993893884211	238.95034495865437	19.59839630257219	-71.54572296142578	2026-05-19T01:23:48.400
1779125028500	149.21598924556247	23.109917105559443	238.96230606664025	19.58960803751825	-71.54572296142578	2026-05-19T01:23:48.500
1779125028600	149.22705794249444	23.09889695022393	238.97438154833463	19.579827391893897	-71.54572296142578	2026-05-19T01:23:48.600
1779125028700	149.23812379400354	23.08887518189449	238.986333016395	19.571038407347473	-71.54572296142578	2026-05-19T01:23:48.700
1779125028800	149.24917514996844	23.077855123072187	238.99839207142085	19.56125633711803	-71.54572296142578	2026-05-19T01:23:48.800
1779125028900	149.2602166679851	23.06783346294514	239.0103203307739	19.552465200189687	-71.54572296142578	2026-05-19T01:23:48.900
1779125029000	149.27123670030514	23.056813540884114	239.02234938958904	19.54268026873872	-71.54572296142578	2026-05-19T01:23:49.000
1779125029100	149.2822369182459	23.045793688543583	239.03435941981928	19.532893469174926	-71.54572296142578	2026-05-19T01:23:49.100
1779125029200	149.29322335368698	23.035772275157992	239.04623482511656	19.524097222996556	-71.54572296142578	2026-05-19T01:23:49.200
1779125029300	149.30419090624918	23.024752573211106	239.0582135496188	19.514307429863365	-71.54572296142578	2026-05-19T01:23:49.300
1779125029400	149.31514669903527	23.013732936734936	239.0701810555722	19.50451661211069	-71.54572296142578	2026-05-19T01:23:49.400
1779125029500	149.32609785255354	23.003711661022244	239.08202281718124	19.49571723144206	-71.54572296142578	2026-05-19T01:23:49.500
1779125029600	149.33703927029126	22.99269211243311	239.09397676175067	19.485925284959777	-71.54572296142578	2026-05-19T01:23:49.600
1779125029700	149.34797807328724	22.981672570685827	239.10592836421353	19.476133219793088	-71.54572296142578	2026-05-19T01:23:49.700
1779125029800	149.35891731005202	22.97065305896159	239.11788057883058	19.46634138070176	-71.54572296142578	2026-05-19T01:23:49.800
1779125029900	149.36986409870426	22.960631866182503	239.1297188864015	19.45754222129769	-71.54572296142578	2026-05-19T01:23:49.900
1779125030000	149.3808133473088	22.949612333930236	239.14168120829697	19.447751719502797	-71.54572296142578	2026-05-19T01:23:50.000
1779125030100	149.39177121717674	22.938592799884145	239.15365208946872	19.43796227713916	-71.54572296142578	2026-05-19T01:23:50.100
1779125030200	149.40274003679247	22.928571581054975	239.16551236616448	19.429165868547468	-71.54572296142578	2026-05-19T01:23:50.200
1779125030300	149.41370897216976	22.917552034372306	239.17749437757612	19.41937788376576	-71.54572296142578	2026-05-19T01:23:50.300
1779125030400	149.42467939488327	22.90653249709449	239.189478026638	19.409590216435177	-71.54572296142578	2026-05-19T01:23:50.400
1779125030500	149.4356526741715	22.89651130652509	239.20134322077234	19.40079475768679	-71.54572296142578	2026-05-19T01:23:50.500
1779125030600	149.44661797953924	22.885491819616437	239.21332229221338	19.3910069008147	-71.54572296142578	2026-05-19T01:23:50.600
1779125030700	149.45758074599618	22.875470681687155	239.22517767578825	19.38221068306051	-71.54572296142578	2026-05-19T01:23:50.700
1779125030800	149.46853014549075	22.864451288666896	239.2371416954611	19.372421538658276	-71.54572296142578	2026-05-19T01:23:50.800
1779125030900	149.47947161059176	22.854430243816086	239.24897679390645	19.36362346028939	-71.54572296142578	2026-05-19T01:23:50.900
1779125031000	149.49039431565458	22.84341097347834	239.26091528775726	19.353831914609202	-71.54572296142578	2026-05-19T01:23:51.000
1779125031100	149.5013003675499	22.832391772846954	239.272837807425	19.344038826358428	-71.54572296142578	2026-05-19T01:23:51.100
1779125031200	149.51219482871443	22.822370951798213	239.28462785652727	19.33523644524088	-71.54572296142578	2026-05-19T01:23:51.200
1779125031300	149.52307131349923	22.811351878690694	239.29652205678056	19.32544065298622	-71.54572296142578	2026-05-19T01:23:51.300
1779125031400	149.53393968555528	22.801331172697324	239.30828716406106	19.316635921068084	-71.54572296142578	2026-05-19T01:23:51.400
1779125031500	149.5447935615412	22.79031221201188	239.32015979551272	19.306838143608527	-71.54572296142578	2026-05-19T01:23:51.500
1779125031600	149.5556387427942	22.779293303579788	239.33202417334002	19.297039645301673	-71.54572296142578	2026-05-19T01:23:51.600
1779125031700	149.56648102821234	22.769272727992952	239.3437645282093	19.288232722395847	-71.54572296142578	2026-05-19T01:23:51.700
1779125031800	149.57731403801915	22.75825388981823	239.35561746743107	19.27843329905045	-71.54572296142578	2026-05-19T01:23:51.800
1779125031900	149.5881476299989	22.748233378643153	239.36734976192838	19.269625811809476	-71.54572296142578	2026-05-19T01:23:51.900
1779125032000	149.59897542662785	22.737214596345776	239.3791980157214	19.259826184750562	-71.54572296142578	2026-05-19T01:23:52.000
